record_id,source,source_type,game,channel,content_type,source_content_id,parent_id,created_at,collected_at,title,text,url,language,recommended,rating,engagement_score,reply_count,playtime_hours,metadata_json
3c9ae92625e75a7bf407,bilibili,video_comment,Tower of Fantasy,BV16TYL6bE4R,comment,313583370337,,2026-09-11T02:13:36+00:00,2026-09-20T17:47:11.549726+00:00,《幻塔》交错与邂逅，芮娜拟态PV发布,现在的pv里战斗演示环节全是大份，录制的人压根就没用心纯交差,https://www.bilibili.com/video/BV16TYL6bE4R/#reply313583370337,zh-CN,,,20,0,,"{""aid"": 117249520179870, ""bvid"": ""BV16TYL6bE4R"", ""video_title"": ""《幻塔》交错与邂逅，芮娜拟态PV发布""}"
b1321c748d8ae1739c2e,bilibili,video_comment,Tower of Fantasy,BV16TYL6bE4R,comment,313585548753,,2026-09-11T02:45:37+00:00,2026-09-20T17:47:11.549708+00:00,《幻塔》交错与邂逅，芮娜拟态PV发布,咱就说实在不行就把角色设计外包出去吧，6.0以来出的都什么玩意，这游戏除了角色现在还有啥能玩的？角色都设计不明白了也是没谁了,https://www.bilibili.com/video/BV16TYL6bE4R/#reply313585548753,zh-CN,,,16,1,,"{""aid"": 117249520179870, ""bvid"": ""BV16TYL6bE4R"", ""video_title"": ""《幻塔》交错与邂逅，芮娜拟态PV发布""}"
5e6d68e0e61db031ecd2,bilibili,video_comment,Tower of Fantasy,BV16TYL6bE4R,comment,317103978768,,2026-09-11T10:59:07+00:00,2026-09-20T17:47:11.549670+00:00,《幻塔》交错与邂逅，芮娜拟态PV发布,"真正的老玩家：你没死啊？
（运营组确定没有被劳布斯占领吗，角色有好多是不符合现代审美的）",https://www.bilibili.com/video/BV16TYL6bE4R/#reply317103978768,zh-CN,,,10,0,,"{""aid"": 117249520179870, ""bvid"": ""BV16TYL6bE4R"", ""video_title"": ""《幻塔》交错与邂逅，芮娜拟态PV发布""}"
ad15518c31be77108065,bilibili,video_comment,Tower of Fantasy,BV1eceV6UE55,comment,314114048849,,2026-09-16T05:38:37+00:00,2026-09-20T17:47:38.904691+00:00,（幻塔）芮娜抽取建议，星级推荐，武器搭配推荐，意志推荐，特性推荐，打住手法教学管理,没抽小提琴。。。目前都是60的芮娜 拉娜 薇罗尼卡，真空期确实有点长，需要抽个10的小提琴吗 还是等后面的异能,https://www.bilibili.com/video/BV1eceV6UE55/#reply314114048849,zh-CN,,,1,1,,"{""aid"": 117270810463997, ""bvid"": ""BV1eceV6UE55"", ""video_title"": ""（幻塔）芮娜抽取建议，星级推荐，武器搭配推荐，意志推荐，特性推荐，打住手法教学管理""}"
86fb874732a3278daebf,bilibili,video_comment,Tower of Fantasy,BV1eceV6UE55,comment,314118200705,,2026-09-16T06:36:28+00:00,2026-09-20T17:47:38.904730+00:00,（幻塔）芮娜抽取建议，星级推荐，武器搭配推荐，意志推荐，特性推荐，打住手法教学管理,大佬大佬，我目前这个队伍有必要抽吗，资源只够1加0，抽了有提升吗？没有我就抽一个开图鉴了[笑哭],https://www.bilibili.com/video/BV1eceV6UE55/#reply314118200705,zh-CN,,,1,5,,"{""aid"": 117270810463997, ""bvid"": ""BV1eceV6UE55"", ""video_title"": ""（幻塔）芮娜抽取建议，星级推荐，武器搭配推荐，意志推荐，特性推荐，打住手法教学管理""}"
3f91c0405b6d73349f07,bilibili,video_comment,Tower of Fantasy,BV1Vwew6JExv,comment,314136564561,,2026-09-16T10:34:35+00:00,2026-09-20T17:47:24.634041+00:00,【幻塔】以防你不知道，划船有10抽，而且只用滑到5/10,这要是在异环，第二天就得被冲得优化难度，但是很可惜，这是在幻塔[幻塔纪念收藏集_盯][幻塔纪念收藏集_盯],https://www.bilibili.com/video/BV1Vwew6JExv/#reply314136564561,zh-CN,,,12,5,,"{""aid"": 117280239324259, ""bvid"": ""BV1Vwew6JExv"", ""video_title"": ""【幻塔】以防你不知道，划船有10抽，而且只用滑到5/10""}"
8fee892a09059fd35887,bilibili,video_comment,Tower of Fantasy,BV1Vwew6JExv,comment,317640272064,,2026-09-16T11:29:25+00:00,2026-09-20T17:47:24.634079+00:00,【幻塔】以防你不知道，划船有10抽，而且只用滑到5/10,电脑竟然也是触控式的，真的阴麻了[幻塔纪念收藏集_魔鬼],https://www.bilibili.com/video/BV1Vwew6JExv/#reply317640272064,zh-CN,,,4,1,,"{""aid"": 117280239324259, ""bvid"": ""BV1Vwew6JExv"", ""video_title"": ""【幻塔】以防你不知道，划船有10抽，而且只用滑到5/10""}"
ee84b8808c471201743f,bilibili,video_comment,Tower of Fantasy,BV1Vwew6JExv,comment,317660073904,,2026-09-16T14:40:50+00:00,2026-09-20T17:47:24.634094+00:00,【幻塔】以防你不知道，划船有10抽，而且只用滑到5/10,划船已经玩穿了，没意思了,https://www.bilibili.com/video/BV1Vwew6JExv/#reply317660073904,zh-CN,,,2,11,,"{""aid"": 117280239324259, ""bvid"": ""BV1Vwew6JExv"", ""video_title"": ""【幻塔】以防你不知道，划船有10抽，而且只用滑到5/10""}"
07c867830899108c86c2,bilibili,video_comment,Tower of Fantasy,BV1eceV6UE55,comment,317854579728,,2026-09-18T14:04:22+00:00,2026-09-20T17:47:38.904746+00:00,（幻塔）芮娜抽取建议，星级推荐，武器搭配推荐，意志推荐，特性推荐，打住手法教学管理,换了芮娜（一星）输出反而比维洛妮娅（一星）低了，up主知道什么原因吗？我也是连携aaa啊，但是比之前还低了10%输出,https://www.bilibili.com/video/BV1eceV6UE55/#reply317854579728,zh-CN,,,0,1,,"{""aid"": 117270810463997, ""bvid"": ""BV1eceV6UE55"", ""video_title"": ""（幻塔）芮娜抽取建议，星级推荐，武器搭配推荐，意志推荐，特性推荐，打住手法教学管理""}"
4ab0bd2865944f8dbe89,bilibili,video_comment,Tower of Fantasy,BV14teQ6yE1r,comment,317903359952,,2026-09-19T03:34:05+00:00,2026-09-20T17:48:05.369065+00:00,幻塔萌新练度记录 我要当坚毅小子,小t王！,https://www.bilibili.com/video/BV14teQ6yE1r/#reply317903359952,zh-CN,,,2,1,,"{""aid"": 117295355532523, ""bvid"": ""BV14teQ6yE1r"", ""video_title"": ""幻塔萌新练度记录 我要当坚毅小子""}"
e9d28045afb635b30d82,bilibili,video_comment,Tower of Fantasy,BV14teQ6yE1r,comment,317912986928,,2026-09-19T04:58:14+00:00,2026-09-20T17:48:05.369119+00:00,幻塔萌新练度记录 我要当坚毅小子,小t子[doge],https://www.bilibili.com/video/BV14teQ6yE1r/#reply317912986928,zh-CN,,,1,0,,"{""aid"": 117295355532523, ""bvid"": ""BV14teQ6yE1r"", ""video_title"": ""幻塔萌新练度记录 我要当坚毅小子""}"
c704a2ffb59ccaa37e4f,bilibili,video_comment,Tower of Fantasy,BV14teQ6yE1r,comment,317918843856,,2026-09-19T05:55:31+00:00,2026-09-20T17:48:05.369102+00:00,幻塔萌新练度记录 我要当坚毅小子,不错呀[打call]我也是坚毅[打call]我觉得比较麻烦的还是刷4件套，60%还是吃运气[笑哭]宝子现在氪月卡的吗,https://www.bilibili.com/video/BV14teQ6yE1r/#reply317918843856,zh-CN,,,1,2,,"{""aid"": 117295355532523, ""bvid"": ""BV14teQ6yE1r"", ""video_title"": ""幻塔萌新练度记录 我要当坚毅小子""}"
4a9969ac0b78a7b9c7c2,bilibili,video_comment,Tower of Fantasy,BV1Mwet6LEpo,comment,314420472337,,2026-09-19T08:13:29+00:00,2026-09-20T17:47:52.090001+00:00,幻塔荒野漂流划船2分55,🐷太强[打call],https://www.bilibili.com/video/BV1Mwet6LEpo/#reply314420472337,zh-CN,,,1,1,,"{""aid"": 117295976357552, ""bvid"": ""BV1Mwet6LEpo"", ""video_title"": ""幻塔荒野漂流划船2分55""}"
8963dd18ab4e0228db6f,bilibili,video_comment,Tower of Fantasy,BV1Mwet6LEpo,comment,314433732065,,2026-09-19T10:30:07+00:00,2026-09-20T17:47:52.089985+00:00,幻塔荒野漂流划船2分55,我怎么卡不出来,https://www.bilibili.com/video/BV1Mwet6LEpo/#reply314433732065,zh-CN,,,1,5,,"{""aid"": 117295976357552, ""bvid"": ""BV1Mwet6LEpo"", ""video_title"": ""幻塔荒野漂流划船2分55""}"
c8c5e4eb9851678fc473,bilibili,video_comment,Tower of Fantasy,BV1tSea6ZE9d,comment,318016421904,,2026-09-20T04:03:38+00:00,2026-09-20T17:47:45.366019+00:00,【幻塔】膨胀神游苏州幻，策划恩情还不完,我带着火立方冰杖菲欧娜三个古董武器打的，剩下七个队友还是太强了[幻塔2周年_嚼嚼],https://www.bilibili.com/video/BV1tSea6ZE9d/#reply318016421904,zh-CN,,,6,1,,"{""aid"": 117299264626289, ""bvid"": ""BV1tSea6ZE9d"", ""video_title"": ""【幻塔】膨胀神游苏州幻，策划恩情还不完""}"
812095fa209364b487a9,bilibili,video_comment,Tower of Fantasy,BV1tSea6ZE9d,comment,314503350049,,2026-09-20T04:20:16+00:00,2026-09-20T17:47:45.366055+00:00,【幻塔】膨胀神游苏州幻，策划恩情还不完,小团体不带窝玩[大哭][大哭][大哭],https://www.bilibili.com/video/BV1tSea6ZE9d/#reply314503350049,zh-CN,,,2,0,,"{""aid"": 117299264626289, ""bvid"": ""BV1tSea6ZE9d"", ""video_title"": ""【幻塔】膨胀神游苏州幻，策划恩情还不完""}"
f075aae60977996cbdbd,bilibili,video_comment,Tower of Fantasy,BV1tSea6ZE9d,comment,314504856977,,2026-09-20T04:34:15+00:00,2026-09-20T17:47:45.366071+00:00,【幻塔】膨胀神游苏州幻，策划恩情还不完,[幻塔 启罗时空_啥],https://www.bilibili.com/video/BV1tSea6ZE9d/#reply314504856977,zh-CN,,,1,1,,"{""aid"": 117299264626289, ""bvid"": ""BV1tSea6ZE9d"", ""video_title"": ""【幻塔】膨胀神游苏州幻，策划恩情还不完""}"
70a6c11b2b07861fa40b,bilibili,video_comment,Tower of Fantasy,BV1Mwet6LEpo,comment,318020747072,,2026-09-20T04:46:19+00:00,2026-09-20T17:47:52.089948+00:00,幻塔荒野漂流划船2分55,[幻塔_啾啾],https://www.bilibili.com/video/BV1Mwet6LEpo/#reply318020747072,zh-CN,,,1,1,,"{""aid"": 117295976357552, ""bvid"": ""BV1Mwet6LEpo"", ""video_title"": ""幻塔荒野漂流划船2分55""}"
b80742cc3f40ed10d3fb,bilibili,video_comment,Tower of Fantasy,BV1Miev6NEbU,comment,314506176801,,2026-09-20T04:46:30+00:00,2026-09-20T17:47:17.920187+00:00,幻塔周常挑战！这次的怪好打，也是上500伤害了！,前排前排,https://www.bilibili.com/video/BV1Miev6NEbU/#reply314506176801,zh-CN,,,0,0,,"{""aid"": 117301479217220, ""bvid"": ""BV1Miev6NEbU"", ""video_title"": ""幻塔周常挑战！这次的怪好打，也是上500伤害了！""}"
d37d3b9e9277673b5c6e,bilibili,video_comment,Tower of Fantasy,BV1oceB6REFy,comment,318033522720,,2026-09-20T07:26:18+00:00,2026-09-20T17:47:31.809648+00:00,一键白嫖啦【幻塔】上新大世界谏言功能，新通行证载具，新舞台，新源器解锁内置专属后台功能，全局资源一键拉满，自由内购无限制，轻松畅玩开放世界冒险,流程简单，不折腾人👍,https://www.bilibili.com/video/BV1oceB6REFy/#reply318033522720,zh-CN,,,0,0,,"{""aid"": 117302099970244, ""bvid"": ""BV1oceB6REFy"", ""video_title"": ""一键白嫖啦【幻塔】上新大世界谏言功能，新通行证载具，新舞台，新源器解锁内置专属后台功能，全局资源一键拉满，自由内购无限制，轻松畅玩开放世界冒险""}"
baff489152f2bcab5857,bilibili,video_comment,Tower of Fantasy,BV1oceB6REFy,comment,318033537664,,2026-09-20T07:26:53+00:00,2026-09-20T17:47:31.809715+00:00,一键白嫖啦【幻塔】上新大世界谏言功能，新通行证载具，新舞台，新源器解锁内置专属后台功能，全局资源一键拉满，自由内购无限制，轻松畅玩开放世界冒险,步骤稍繁琐，但能成，三连支持,https://www.bilibili.com/video/BV1oceB6REFy/#reply318033537664,zh-CN,,,0,0,,"{""aid"": 117302099970244, ""bvid"": ""BV1oceB6REFy"", ""video_title"": ""一键白嫖啦【幻塔】上新大世界谏言功能，新通行证载具，新舞台，新源器解锁内置专属后台功能，全局资源一键拉满，自由内购无限制，轻松畅玩开放世界冒险""}"
aac5a05d797312b268c2,bilibili,video_comment,Tower of Fantasy,BV1oceB6REFy,comment,318033728848,,2026-09-20T07:29:25+00:00,2026-09-20T17:47:31.809699+00:00,一键白嫖啦【幻塔】上新大世界谏言功能，新通行证载具，新舞台，新源器解锁内置专属后台功能，全局资源一键拉满，自由内购无限制，轻松畅玩开放世界冒险,整合👉https://b23.tv/%63%6D%2D%63%6D%74%2D%31%2D%31%51%51%72%4B%51%33%30%75%4E%56?hc3eH,https://www.bilibili.com/video/BV1oceB6REFy/#reply318033728848,zh-CN,,,0,0,,"{""aid"": 117302099970244, ""bvid"": ""BV1oceB6REFy"", ""video_title"": ""一键白嫖啦【幻塔】上新大世界谏言功能，新通行证载具，新舞台，新源器解锁内置专属后台功能，全局资源一键拉满，自由内购无限制，轻松畅玩开放世界冒险""}"
0ee49221839eaeb9b6a0,bilibili,video_comment,Tower of Fantasy,BV1Miev6NEbU,comment,318039515712,,2026-09-20T08:46:57+00:00,2026-09-20T17:47:17.920151+00:00,幻塔周常挑战！这次的怪好打，也是上500伤害了！,我以为讨伐呢，这个不是纯桩吗[doge],https://www.bilibili.com/video/BV1Miev6NEbU/#reply318039515712,zh-CN,,,0,1,,"{""aid"": 117301479217220, ""bvid"": ""BV1Miev6NEbU"", ""video_title"": ""幻塔周常挑战！这次的怪好打，也是上500伤害了！""}"
689e5b16af41942bf6e8,bilibili,video_comment,Tower of Fantasy,BV1Ayev6fEtJ,comment,318047243968,,2026-09-20T10:13:42+00:00,2026-09-20T17:48:13.515008+00:00,幻塔正常划船,6,https://www.bilibili.com/video/BV1Ayev6fEtJ/#reply318047243968,zh-CN,,,1,2,,"{""aid"": 117301714094062, ""bvid"": ""BV1Ayev6fEtJ"", ""video_title"": ""幻塔正常划船""}"
1f2c54970af34c4c9332,bilibili,video_comment,Tower of Fantasy,BV1nKev6REe8,comment,314539573521,,2026-09-20T11:37:45+00:00,2026-09-20T17:47:58.932081+00:00,AI动画《幻塔：穿越九域之行》第一话：啊？我穿越了。,幻塔还要陪我们十年[Rabi-Ribi_给你一锤],https://www.bilibili.com/video/BV1nKev6REe8/#reply314539573521,zh-CN,,,2,0,,"{""aid"": 117301797981396, ""bvid"": ""BV1nKev6REe8"", ""video_title"": ""AI动画《幻塔：穿越九域之行》第一话：啊？我穿越了。""}"
bb870290008cbc8edc5f,bilibili,video_comment,Tower of Fantasy,BV1nKev6REe8,comment,314566785585,,2026-09-20T16:12:55+00:00,2026-09-20T17:47:58.932133+00:00,AI动画《幻塔：穿越九域之行》第一话：啊？我穿越了。,窝趣，幻塔也有ai动画了,https://www.bilibili.com/video/BV1nKev6REe8/#reply314566785585,zh-CN,,,0,0,,"{""aid"": 117301797981396, ""bvid"": ""BV1nKev6REe8"", ""video_title"": ""AI动画《幻塔：穿越九域之行》第一话：啊？我穿越了。""}"
13df478984cf22264d52,bilibili,video_comment,Tower of Fantasy,BV1nKev6REe8,comment,314567973041,,2026-09-20T16:27:09+00:00,2026-09-20T17:47:58.932118+00:00,AI动画《幻塔：穿越九域之行》第一话：啊？我穿越了。,[幻塔纪念收藏集_盯][幻塔纪念收藏集_盯],https://www.bilibili.com/video/BV1nKev6REe8/#reply314567973041,zh-CN,,,0,0,,"{""aid"": 117301797981396, ""bvid"": ""BV1nKev6REe8"", ""video_title"": ""AI动画《幻塔：穿越九域之行》第一话：啊？我穿越了。""}"
749ad8689c3654eefa16,steam,store_review,Tower of Fantasy,2064650,review,210736303,,2025-11-26T02:45:52+00:00,2026-09-20T17:46:55.082397+00:00,,"lost my account data FOREVER, I was NOT informed ANYWHERE about the issues the game was dealing with and that there was a TIME LIMIT to recover your stuff, no emails no nothing. ""the only solution is starting a new account"" no. if this is an issue you shouldn't start a new account, you should just never play a game like this again.",https://steamcommunity.com/app/2064650/reviews/,english,False,,6,0,57.7,"{""app_id"": 2064650, ""app_name"": ""Tower of Fantasy"", ""received_for_free"": false, ""role"": ""focal"", ""steam_purchase"": true}"
f8b05ad157c46d5067ff,steam,store_review,Tower of Fantasy,2064650,review,210740364,,2025-11-26T03:07:46+00:00,2026-09-20T17:46:48.000011+00:00,,idk im having fun tho,https://steamcommunity.com/app/2064650/reviews/,english,True,,1,0,11.8,"{""app_id"": 2064650, ""app_name"": ""Tower of Fantasy"", ""received_for_free"": false, ""role"": ""focal"", ""steam_purchase"": true}"
dc8d85342af1afdf48d1,steam,store_review,Tower of Fantasy,2064650,review,210740475,,2025-11-26T03:08:20+00:00,2026-09-20T17:46:47.999980+00:00,,Pure ♥♥♥♥♥♥♥♥. This is unplayable. Where the ♥♥♥♥ is the Disable Motion Blur option?,https://steamcommunity.com/app/2064650/reviews/,english,True,,0,0,2.4,"{""app_id"": 2064650, ""app_name"": ""Tower of Fantasy"", ""received_for_free"": false, ""role"": ""focal"", ""steam_purchase"": true}"
abbdbc9fbe5aeaf949a4,steam,store_review,Tower of Fantasy,2064650,review,210752549,,2025-11-26T04:15:14+00:00,2026-09-20T17:46:47.999949+00:00,,"horrendous character customization. dark skin makes the whites of ur eyes dark too like dude wtf? only 3 body types w/ body sliders that dont do anything. idc about the rest of the game if i cant even make my character how i'd like in a supposed ""MMO server""",https://steamcommunity.com/app/2064650/reviews/,english,False,,4,0,1.1,"{""app_id"": 2064650, ""app_name"": ""Tower of Fantasy"", ""received_for_free"": false, ""role"": ""focal"", ""steam_purchase"": true}"
d2fb65f0126eb5862956,steam,store_review,Tower of Fantasy,2064650,review,210754230,,2025-11-26T04:23:05+00:00,2026-09-20T17:46:47.999917+00:00,,Fun game!,https://steamcommunity.com/app/2064650/reviews/,english,True,,0,0,13.8,"{""app_id"": 2064650, ""app_name"": ""Tower of Fantasy"", ""received_for_free"": false, ""role"": ""focal"", ""steam_purchase"": true}"
57e58cf1976d3c9515bb,steam,store_review,Tower of Fantasy,2064650,review,210803961,,2025-11-26T08:58:46+00:00,2026-09-20T17:46:47.999887+00:00,,"Warped servers are very different, so far the game is very enjoyabe",https://steamcommunity.com/app/2064650/reviews/,english,True,,1,0,18.8,"{""app_id"": 2064650, ""app_name"": ""Tower of Fantasy"", ""received_for_free"": false, ""role"": ""focal"", ""steam_purchase"": true}"
8420ca36fba7b9da338c,steam,store_review,Tower of Fantasy,2064650,review,210857917,,2025-11-26T12:59:32+00:00,2026-09-20T17:46:47.999857+00:00,,Edit: The amount of P2W in the MMO warped server is insane. You can buy up to 12 season and monthly passes. Weakly packages for weapon upgrades are $30-$70 and of course the currency doesn't match... I dont mind spending money on F2P games but this is just insane. On top of all the they are gonna wipe the servers every 25 weeks so I guess it was fun for the first few hours until I figured you that you need a 7 figure job to play this game.,https://steamcommunity.com/app/2064650/reviews/,english,False,,0,0,41.1,"{""app_id"": 2064650, ""app_name"": ""Tower of Fantasy"", ""received_for_free"": false, ""role"": ""focal"", ""steam_purchase"": true}"
52db914876dfadbaa5cc,steam,store_review,Tower of Fantasy,2064650,review,210869491,,2025-11-26T13:42:51+00:00,2026-09-20T17:46:47.999823+00:00,,well whatever the game going to eos soon anyway,https://steamcommunity.com/app/2064650/reviews/,english,True,,1,0,21.2,"{""app_id"": 2064650, ""app_name"": ""Tower of Fantasy"", ""received_for_free"": false, ""role"": ""focal"", ""steam_purchase"": true}"
698c6c95fcd0c61d5407,steam,store_review,Tower of Fantasy,2064650,review,210927836,,2025-11-26T17:03:07+00:00,2026-09-20T17:46:47.999794+00:00,,mid,https://steamcommunity.com/app/2064650/reviews/,english,False,,0,0,0.6,"{""app_id"": 2064650, ""app_name"": ""Tower of Fantasy"", ""received_for_free"": false, ""role"": ""focal"", ""steam_purchase"": true}"
d92c26aaeb5d407b0f3c,steam,store_review,Tower of Fantasy,2064650,review,210941727,,2025-11-26T17:53:51+00:00,2026-09-20T17:46:47.999761+00:00,,"Feels like a budget knockoff of Genshin, WuWa, and Blue Protocol.",https://steamcommunity.com/app/2064650/reviews/,english,False,,3,1,0.2,"{""app_id"": 2064650, ""app_name"": ""Tower of Fantasy"", ""received_for_free"": false, ""role"": ""focal"", ""steam_purchase"": true}"
be3847d5a9cf5e12aa5c,steam,store_review,Tower of Fantasy,2064650,review,210943620,,2025-11-26T18:00:51+00:00,2026-09-20T17:46:47.999655+00:00,,"The story spacing is terrible. Older story content that has been phased out is awkward to access, and if you're playing on the warp server, you're time and level-gated from playing it. This makes it impossible to experience the story in chronological order without suffering.",https://steamcommunity.com/app/2064650/reviews/,english,False,,0,0,58.6,"{""app_id"": 2064650, ""app_name"": ""Tower of Fantasy"", ""received_for_free"": false, ""role"": ""focal"", ""steam_purchase"": true}"
aeb29bdf9520cef26e32,steam,store_review,Tower of Fantasy,2064650,review,210970965,,2025-11-26T19:25:24+00:00,2026-09-20T17:46:47.999626+00:00,,"[b] Some context and background about this game and why it's gonna get worse in 6 months from now around summer 2026 prepare for another storm of negative reviews: [/b] A while ago a publisher change happened so account migration was needed. Most players weren't informed and got their accounts forever lost. In a gacha game where most spent real money and time on it this is a huge issue. Now here we are in the present November 25th 2025 and the official WARP servers launched. Basically these servers make the game more of an mmorpg, however there is a catch that most players even myself aren't informed about. They will be seasonal content which means every 6 months the progression you made will be erased. I've played games like Path of Exile. Diablo, Black Desert that have seasonal content like leagues, expansions, seasonal servers however with these games since you are still playing the base game mostly with just some added mechanic and most a leaderboard to climb or with faster progression all your characters once seasonal content is done they migrate to the base game standard version or server whatever you wanna call it. The issue is that Tower of Fantasy is a gacha game, you use real money to pull for characters while in the WARP(mmorpg) servers they are just cosmetics think of characters like skins. So your progression once WARP season ends every 6 months will not migrate over to base standard server of Tower of Fantasy because it would be unfair to all the gacha players that spent money to pull for said characters. It baffles me why they would introduce a mechanic like this seasonal content wipe every 6 months if the base game doesn't support the characters migrating. The time you have to spend on a new character to get to endgame on this game and gear them up fully might take you months, meanwhile in Path of Exile as an example takes me 3 hours to complete story get to end game and 3-4 weeks to complete most challenges from the new league. Imagine replaying the same story and unlocking the same exploration content all the chests in the world every 6 months, spending months to upgrade your character and for all of it to just POOF! disappear once the season ends. This is the calm before the storm just like the publisher account migration debacle that got this game to a ""Mixed"" steam review score I predict that in Summer 2026 once all WARP accounts get wiped people will be pissed and this game will have ""Very Negative"" steam review score.",https://steamcommunity.com/app/2064650/reviews/,english,False,,4,0,8.8,"{""app_id"": 2064650, ""app_name"": ""Tower of Fantasy"", ""received_for_free"": false, ""role"": ""focal"", ""steam_purchase"": true}"
c8b517afaa0b24b2a55c,steam,store_review,Tower of Fantasy,2064650,review,211020196,,2025-11-26T23:21:24+00:00,2026-09-20T17:46:47.999579+00:00,,warp servers still not repaired this game game still sux,https://steamcommunity.com/app/2064650/reviews/,english,False,,1,0,1.5,"{""app_id"": 2064650, ""app_name"": ""Tower of Fantasy"", ""received_for_free"": false, ""role"": ""focal"", ""steam_purchase"": true}"
b569463d4022400250e3,steam,store_review,Tower of Fantasy,2064650,review,211031025,,2025-11-27T00:34:55+00:00,2026-09-20T17:46:47.999551+00:00,,Good game,https://steamcommunity.com/app/2064650/reviews/,english,True,,0,0,44.4,"{""app_id"": 2064650, ""app_name"": ""Tower of Fantasy"", ""received_for_free"": false, ""role"": ""focal"", ""steam_purchase"": true}"
a227c9e7cf6bcb4532a0,steam,store_review,Tower of Fantasy,2064650,review,211037152,,2025-11-27T01:19:06+00:00,2026-09-20T17:46:47.999523+00:00,,"MMO server is fine, pretty chill. almost everything is easier, except the Life Class thing might annoys most players since it'd lock some world interaction/exploration based on your picked class level/time-gating shouldnt bother you much especially if you're just a casual plyr who wanna play ToF like the old days again imo",https://steamcommunity.com/app/2064650/reviews/,english,True,,0,0,33.8,"{""app_id"": 2064650, ""app_name"": ""Tower of Fantasy"", ""received_for_free"": false, ""role"": ""focal"", ""steam_purchase"": true}"
6842ade4c7b399f4a9bd,steam,store_review,Tower of Fantasy,2064650,review,211053376,,2025-11-27T03:19:49+00:00,2026-09-20T17:46:47.999469+00:00,,"Removed gacha? Nah, it's still there but in different form. Stamina? Why? Remove it as well. Let players play for how ever long we want. The old systems in Tower of Fantasy are still there, and as long as they are still the same, this game is still doomed to be the same, not much have changed. Whoever naively and hopefully think that they changed will bound to find out that nothing has.",https://steamcommunity.com/app/2064650/reviews/,english,False,,7,0,5.4,"{""app_id"": 2064650, ""app_name"": ""Tower of Fantasy"", ""received_for_free"": false, ""role"": ""focal"", ""steam_purchase"": true}"
e96c58567fc00191c06a,steam,store_review,Tower of Fantasy,2064650,review,211099172,,2025-11-27T07:49:44+00:00,2026-09-20T17:46:47.999438+00:00,,"Warp Server, Nuff Said",https://steamcommunity.com/app/2064650/reviews/,english,True,,1,0,342.0,"{""app_id"": 2064650, ""app_name"": ""Tower of Fantasy"", ""received_for_free"": false, ""role"": ""focal"", ""steam_purchase"": true}"
aea535bb27bfda4e38db,steam,store_review,Tower of Fantasy,2064650,review,211130705,,2025-11-27T11:05:18+00:00,2026-09-20T17:46:47.999411+00:00,,All the MC outfits are gooners material,https://steamcommunity.com/app/2064650/reviews/,english,True,,0,0,29.3,"{""app_id"": 2064650, ""app_name"": ""Tower of Fantasy"", ""received_for_free"": false, ""role"": ""focal"", ""steam_purchase"": true}"
0fc6bde7268e5f38a43a,steam,store_review,Tower of Fantasy,2064650,review,211201901,,2025-11-27T16:08:51+00:00,2026-09-20T17:46:47.999384+00:00,,The new Warp Server makes Tower of Fantasy worth playing! The complete removal of the gacha system is such a good change: weapons and equipment are now unlocked through regular gameplay instead of RNG. This results in a significantly more transparent and fairer progression system and reduces the previous reliance on luck and spending which makes it much more free to play friendly!,https://steamcommunity.com/app/2064650/reviews/,english,True,,1,0,26.8,"{""app_id"": 2064650, ""app_name"": ""Tower of Fantasy"", ""received_for_free"": false, ""role"": ""focal"", ""steam_purchase"": true}"
200d8582ce8d74fb5e0c,steam,store_review,Tower of Fantasy,2064650,review,211235482,,2025-11-27T18:27:12+00:00,2026-09-20T17:46:47.999354+00:00,,"I played this game when it launched and a while after that it was not good ngl , so now this new Gacha free server Launched and i tought i try that to see maybe they improved stuff . Well Spoiler they did not it is the same game with the same problems it just got its gacha removed . Everything else is 1:1 the same as on gacha server still exploring meaningless chest, P2W af , Combat bland (granted the new weapons have flashy effects but that is it) as it used to be nothing really changed . i see there is still a few ppl playing this slop smashing theyr Credit Cards against it but there is soooo many better opions in the Gacha Space . This is not it",https://steamcommunity.com/app/2064650/reviews/,english,False,,0,0,36.1,"{""app_id"": 2064650, ""app_name"": ""Tower of Fantasy"", ""received_for_free"": false, ""role"": ""focal"", ""steam_purchase"": true}"
d7d063ffd5dd62bafb3e,steam,store_review,Tower of Fantasy,2064650,review,211260560,,2025-11-27T20:15:37+00:00,2026-09-20T17:46:47.999320+00:00,,Removed gacha mechanics? ♥♥♥♥♥♥♥♥.,https://steamcommunity.com/app/2064650/reviews/,english,False,,0,0,15.6,"{""app_id"": 2064650, ""app_name"": ""Tower of Fantasy"", ""received_for_free"": false, ""role"": ""focal"", ""steam_purchase"": true}"
81228da200e66f990cd0,steam,store_review,Tower of Fantasy,2064650,review,211279414,,2025-11-27T21:54:45+00:00,2026-09-20T17:46:47.999291+00:00,,"Could’ve been fun, but the busted servers, lag, and connection failures kill any momentum. Technical issues overshadow everything else.",https://steamcommunity.com/app/2064650/reviews/,english,False,,1,0,7.6,"{""app_id"": 2064650, ""app_name"": ""Tower of Fantasy"", ""received_for_free"": false, ""role"": ""focal"", ""steam_purchase"": true}"
9309ac2776526104102b,steam,store_review,Tower of Fantasy,2064650,review,211282341,,2025-11-27T22:10:16+00:00,2026-09-20T17:46:47.999260+00:00,,"*Tower of Fantasy* is a vibrant sci-fi RPG with fast combat and a huge world to explore. It mixes MMO elements with gacha mechanics, offering plenty to do, though it can feel grindy and unbalanced at times. Still, the flashy abilities and open-world freedom make it a fun ride.",https://steamcommunity.com/app/2064650/reviews/,english,True,,2,0,92.1,"{""app_id"": 2064650, ""app_name"": ""Tower of Fantasy"", ""received_for_free"": false, ""role"": ""focal"", ""steam_purchase"": true}"
79861af933da289dd6ec,steam,store_review,Tower of Fantasy,2064650,review,211345143,,2025-11-28T06:35:13+00:00,2026-09-20T17:46:47.999232+00:00,,"I love that they removed the gacha, I rly do and I gave the game another chance, but they changed nothing else. The gameplay, cutscenes, dialogues and the open world still feel unpolished like its still a beta. I am done playing games 100 hours until they get good. Be good or dont, I dont give you more than an 1 hour anymore to convince me.",https://steamcommunity.com/app/2064650/reviews/,english,False,,1,0,1.1,"{""app_id"": 2064650, ""app_name"": ""Tower of Fantasy"", ""received_for_free"": false, ""role"": ""focal"", ""steam_purchase"": true}"
2d56f96edfa6f369310b,steam,store_review,Tower of Fantasy,2064650,review,211346584,,2025-11-28T06:48:47+00:00,2026-09-20T17:46:47.999202+00:00,,my account was deleted without any notice by at least an Email about the transfer. lost all the characters and payments. when i lose progress on any game i lose all interest in it and never go back to it. yes i didn't play this game for a long time because i don't have enough space. but still you need to at least sent an email to notice us about the transfer. we don't want to lose our accounts and progress you know. i will never play this game and publishers games ever again. no trust.,https://steamcommunity.com/app/2064650/reviews/,english,False,,1,0,3.0,"{""app_id"": 2064650, ""app_name"": ""Tower of Fantasy"", ""received_for_free"": false, ""role"": ""focal"", ""steam_purchase"": true}"
59e33174c2a7893fb9a1,steam,store_review,Tower of Fantasy,2064650,review,211391890,,2025-11-28T12:34:35+00:00,2026-09-20T17:46:47.999171+00:00,,"Warp server is realy good, less gatcha more waifu <3",https://steamcommunity.com/app/2064650/reviews/,english,True,,2,0,18.7,"{""app_id"": 2064650, ""app_name"": ""Tower of Fantasy"", ""received_for_free"": false, ""role"": ""focal"", ""steam_purchase"": true}"
8ffe3a94216a02f97e79,steam,store_review,Tower of Fantasy,2064650,review,211420440,,2025-11-28T14:56:03+00:00,2026-09-20T17:46:47.999145+00:00,,"The warp server update is a blatant lie, they have not removed the gatcha at all, merely renamed it.",https://steamcommunity.com/app/2064650/reviews/,english,False,,2,0,29.0,"{""app_id"": 2064650, ""app_name"": ""Tower of Fantasy"", ""received_for_free"": false, ""role"": ""focal"", ""steam_purchase"": true}"
76b7621383a9d7dd3d19,steam,store_review,Tower of Fantasy,2064650,review,211462237,,2025-11-28T17:40:10+00:00,2026-09-20T17:46:47.999118+00:00,,this game still full of bug not ready yet to released,https://steamcommunity.com/app/2064650/reviews/,english,False,,1,0,5.0,"{""app_id"": 2064650, ""app_name"": ""Tower of Fantasy"", ""received_for_free"": false, ""role"": ""focal"", ""steam_purchase"": true}"
38880cf6e012beebc096,steam,store_review,Tower of Fantasy,2064650,review,211473499,,2025-11-28T18:31:14+00:00,2026-09-20T17:46:47.999091+00:00,,"The Warped servers make this a yes from me. They remove the gacha and turn it into more of a proper MMO. You're supposed to be able to transfer characters from other servers, but IDK how since I started new. There are still ways to get the weapons, with only the SSR (top tier) weapons left, meaning you're getting the ones you want and no junk.",https://steamcommunity.com/app/2064650/reviews/,english,True,,1,0,54.2,"{""app_id"": 2064650, ""app_name"": ""Tower of Fantasy"", ""received_for_free"": false, ""role"": ""focal"", ""steam_purchase"": true}"
0ad2c90c27ceb063b86f,steam,store_review,Tower of Fantasy,2064650,review,211487824,,2025-11-28T19:45:15+00:00,2026-09-20T17:46:47.999062+00:00,,"I really like what they did with the Warped server, it is still pay to win but not nearly as predatory, I haven't hit max level yet but I haven't felt the need to spend I bought the battle pass and a monthly fund and the $0.99 starter pack to support the release. I do hope the other games in this genre do something similar, it will make some people more willing to give the games a try, the less pay to win the more the avg player (in the west, though I am sure the jaded eastern players would love no pay to win) will enjoy your game.",https://steamcommunity.com/app/2064650/reviews/,english,True,,1,0,38.7,"{""app_id"": 2064650, ""app_name"": ""Tower of Fantasy"", ""received_for_free"": false, ""role"": ""focal"", ""steam_purchase"": true}"
96b622d9b944e8c1655e,steam,store_review,Tower of Fantasy,2064650,review,211498837,,2025-11-28T20:44:46+00:00,2026-09-20T17:46:47.999030+00:00,,"ToF Warp Server got the ""idle game"" treatment. There is auto battle, mandatory story skip, and your characters can loot the map for you so you don't have to explore. Now to level up and get rewards, you just have to farm bosses all day. The only good thing they did was remove the gacha part of the original game.",https://steamcommunity.com/app/2064650/reviews/,english,False,,7,0,17.0,"{""app_id"": 2064650, ""app_name"": ""Tower of Fantasy"", ""received_for_free"": false, ""role"": ""focal"", ""steam_purchase"": true}"
2c079a4847171a692869,steam,store_review,Tower of Fantasy,2064650,review,211530063,,2025-11-29T00:02:12+00:00,2026-09-20T17:46:47.998999+00:00,,"Would recommend if they removed 90% of the remaining story keeping players from the fun part. And seeing how they supposedly already removed a lot of story already I couldn't imagine what a slog the game was before. Combat is solid along with character customization, but the devs are hell bent on making sure you don't get to any of the fun. Because they believe their story is worth enduring as it vomits boring exposition at you trying to get you to care about flat characters with little to no facial animation and no time or anything eventful to make you care about the characters' drama and issues. This game will have you leave an area to only immediately tell you to run back down the same hallway for an overly long cutscene. To then tell you to run across the same hallway for another boring cutscene, then tell you to run down the same hallway again. Repeat for about 5-7 times then finally tell you to go kill something fun to repeat the cutscene cycle all over again. Yeah you can skip the cutscenes but not immediately all the time, as they hold you hostage for at least a minute before the option is available for ""important parts"". It sucks that western mmos look like crap and have combat to match, while eastern mmos have great combat and in the graphical style I prefer. But don't let you enjoy it without having to watch an entire season of their generic and lifeless anime to have one cool fight. If you want solid combat you can find it here, but keep in mind you will think about finding a sturdy tree branch or test the load bearing capability of your ceiling fan whenever you want to fight something new or make any progress.",https://steamcommunity.com/app/2064650/reviews/,english,False,,0,0,6.5,"{""app_id"": 2064650, ""app_name"": ""Tower of Fantasy"", ""received_for_free"": false, ""role"": ""focal"", ""steam_purchase"": true}"
d70250d1993aeaaea5c0,steam,store_review,Tower of Fantasy,2064650,review,211601322,,2025-11-29T09:08:07+00:00,2026-09-20T17:46:47.998945+00:00,,game is fun the warp server is what this game should have been at the start ♥♥♥♥ GACHA!!!! DO NOT LISTEN TO THE PEOPLE ARE SALTY THEIR ACCOUNTS GOT DELETED!!!! THEY SENT MULTIPLE EMAILS ABOUT IT AND EVEN HOYOVERSE IS DOING THAT WITH THEIR GAMES. THE NEGATIVE REVIEWS ARE FROM PEOPLE THAT DID NOT GIVE A ♥♥♥♥ ABOUT THE GAME TO BEGIN WITH. TRY IT OUT NO GACHA ANIME GRINDY MMO <3<3<3<3,https://steamcommunity.com/app/2064650/reviews/,english,True,,2,0,31.7,"{""app_id"": 2064650, ""app_name"": ""Tower of Fantasy"", ""received_for_free"": false, ""role"": ""focal"", ""steam_purchase"": true}"
720f0cc628fd1688d38e,steam,store_review,Tower of Fantasy,2064650,review,211670717,,2025-11-29T15:25:31+00:00,2026-09-20T17:46:47.998914+00:00,,"""we are removing gacha system with warp servers"" yeah that was a ♥♥♥♥♥♥♥ lie. you get 1 gacha ticket daily to get random weapon its basically gacha with less steps you can buy 1 gacha ticket for 1500 premium currency not in game farmed which costs about 20~ bucks new account start is still same dogwater story but atleast you can spam skip. combat still has no rewamped combat so its left click mashing with occasional skill use.",https://steamcommunity.com/app/2064650/reviews/,english,False,,4,0,3.6,"{""app_id"": 2064650, ""app_name"": ""Tower of Fantasy"", ""received_for_free"": false, ""role"": ""focal"", ""steam_purchase"": true}"
f43481262e2ecbc7ce86,steam,store_review,Tower of Fantasy,2064650,review,211701395,,2025-11-29T17:45:38+00:00,2026-09-20T17:46:47.998882+00:00,,Honestly this changes make this a really fun MMO. They should have relaunched the steam page because the last one was awful but the warp server is 100% worth a run with friends.,https://steamcommunity.com/app/2064650/reviews/,english,True,,6,0,34.5,"{""app_id"": 2064650, ""app_name"": ""Tower of Fantasy"", ""received_for_free"": false, ""role"": ""focal"", ""steam_purchase"": true}"
e142326589d0c19c1aa6,steam,store_review,Tower of Fantasy,2064650,review,211722875,,2025-11-29T19:35:57+00:00,2026-09-20T17:46:47.998853+00:00,,"Played the original version. I got bored with the whole time gating and gacha system, all my guildmates left - so I quit. Warp Server - they revamped the old gacha system into a new gacha sytem, revamped the leveling into a time gating system and adding a stamina system for life skills. None of these are improvements nor would I consider a good benefit to an MMO. I max level to 29 on day one - realized there is nothing to do and quit. Would not recommend if you were looking for an MMO. I'm not even sure I would consider it as an improvement from the original - I would have to actually think about that and at this point I really don't want to burn any more time into ToF.",https://steamcommunity.com/app/2064650/reviews/,english,False,,2,0,10.0,"{""app_id"": 2064650, ""app_name"": ""Tower of Fantasy"", ""received_for_free"": false, ""role"": ""focal"", ""steam_purchase"": true}"
7c9c717d62ad51f7f55d,steam,store_review,Tower of Fantasy,2064650,review,211731628,,2025-11-29T20:18:51+00:00,2026-09-20T17:46:47.998819+00:00,,enjoying the warp server,https://steamcommunity.com/app/2064650/reviews/,english,True,,0,0,32.5,"{""app_id"": 2064650, ""app_name"": ""Tower of Fantasy"", ""received_for_free"": false, ""role"": ""focal"", ""steam_purchase"": true}"
78d90987ba2b7bf0a472,steam,store_review,Tower of Fantasy,2064650,review,211741679,,2025-11-29T21:09:34+00:00,2026-09-20T17:46:47.998793+00:00,,Warped server is decent. If you like BPSR you'll probably like it. Only downside is it's very grindy and very few players so hard to find a group without a guild.,https://steamcommunity.com/app/2064650/reviews/,english,True,,0,0,8.9,"{""app_id"": 2064650, ""app_name"": ""Tower of Fantasy"", ""received_for_free"": false, ""role"": ""focal"", ""steam_purchase"": true}"
09c865e7aa0efc64a018,steam,store_review,Tower of Fantasy,2064650,review,211746078,,2025-11-29T21:32:33+00:00,2026-09-20T17:46:47.998765+00:00,,"Camera keeps zooming in even with it disabled. Even when just running around it tries to zoom in at random moments. Tried all the options no luck, not going to fight the camera 247",https://steamcommunity.com/app/2064650/reviews/,english,False,,2,0,1.3,"{""app_id"": 2064650, ""app_name"": ""Tower of Fantasy"", ""received_for_free"": false, ""role"": ""focal"", ""steam_purchase"": true}"
efa038f2824c78fb4bed,steam,store_review,Tower of Fantasy,2064650,review,211768821,,2025-11-29T23:46:45+00:00,2026-09-20T17:46:47.998734+00:00,,...,https://steamcommunity.com/app/2064650/reviews/,english,True,,0,0,128.1,"{""app_id"": 2064650, ""app_name"": ""Tower of Fantasy"", ""received_for_free"": false, ""role"": ""focal"", ""steam_purchase"": true}"
3df3e1878d5ea11bee3c,steam,store_review,Tower of Fantasy,2064650,review,211813651,,2025-11-30T05:45:59+00:00,2026-09-20T17:46:47.998669+00:00,,"im still pissed they deleted my old character, but with the new warped server im starting over anyways. good game, pretty chill.",https://steamcommunity.com/app/2064650/reviews/,english,True,,2,0,11.8,"{""app_id"": 2064650, ""app_name"": ""Tower of Fantasy"", ""received_for_free"": false, ""role"": ""focal"", ""steam_purchase"": true}"
015129e9b16cead836f2,steam,store_review,Tower of Fantasy,2064650,review,211861281,,2025-11-30T11:20:38+00:00,2026-09-20T17:46:47.998642+00:00,,"Didnt racave any email about migration or anything. Started new char on warp and some sliders doesnt work while creating character. Some setting deasnt work like ""Zoom distance in combat"" always looking at my characters back and zoom out distance are to small its a pain in tha ass ruining whole gaming experience. Turned off auto zoom and its still auto zooming in.",https://steamcommunity.com/app/2064650/reviews/,english,False,,2,0,87.4,"{""app_id"": 2064650, ""app_name"": ""Tower of Fantasy"", ""received_for_free"": false, ""role"": ""focal"", ""steam_purchase"": true}"
02fd220b978eba2c5c72,steam,store_review,Tower of Fantasy,2064650,review,211872379,,2025-11-30T12:26:48+00:00,2026-09-20T17:46:47.998613+00:00,,becoming an MMORPG? im in!!! no gatcha.. no powerCreep.. just grind,https://steamcommunity.com/app/2064650/reviews/,english,True,,2,0,67.2,"{""app_id"": 2064650, ""app_name"": ""Tower of Fantasy"", ""received_for_free"": false, ""role"": ""focal"", ""steam_purchase"": true}"
18d4e0c4010fc4783f6c,steam,store_review,Tower of Fantasy,2064650,review,212033701,,2025-11-30T17:37:42+00:00,2026-09-20T17:46:47.998585+00:00,,Game won't start after skipping story,https://steamcommunity.com/app/2064650/reviews/,english,False,,1,0,2.7,"{""app_id"": 2064650, ""app_name"": ""Tower of Fantasy"", ""received_for_free"": false, ""role"": ""focal"", ""steam_purchase"": true}"
c3dfd55aead41266d62c,steam,store_review,Tower of Fantasy,2064650,review,212050452,,2025-11-30T18:04:45+00:00,2026-09-20T17:46:47.998557+00:00,,it good now,https://steamcommunity.com/app/2064650/reviews/,english,True,,0,0,896.9,"{""app_id"": 2064650, ""app_name"": ""Tower of Fantasy"", ""received_for_free"": false, ""role"": ""focal"", ""steam_purchase"": true}"
0c8ab39adff697d6dfe1,steam,store_review,Tower of Fantasy,2064650,review,212196730,,2025-11-30T23:58:39+00:00,2026-09-20T17:46:47.998531+00:00,,it good :),https://steamcommunity.com/app/2064650/reviews/,english,True,,0,0,56.0,"{""app_id"": 2064650, ""app_name"": ""Tower of Fantasy"", ""received_for_free"": false, ""role"": ""focal"", ""steam_purchase"": true}"
6a44b00ad1131f64bd6d,steam,store_review,Tower of Fantasy,2064650,review,212201819,,2025-12-01T00:39:44+00:00,2026-09-20T17:46:47.998505+00:00,,For a game that has been out for 4 years but has bugs like game that is still in Beta. 1. There is no lips sync 2. Custscene get cut short to the point that it will leave out details; I still don't know how Shirli got rescued and what exactly happened to her. 3. Screen Flicker from time to time. 4. I get a large warning in middle of screen stating that I need to finish story to enter Vera. This happened while I was in the middle of cutscence where it would unlock the ability to traverse to Vera.,https://steamcommunity.com/app/2064650/reviews/,english,False,,2,0,68.7,"{""app_id"": 2064650, ""app_name"": ""Tower of Fantasy"", ""received_for_free"": false, ""role"": ""focal"", ""steam_purchase"": true}"
1c6810c7f2a15131b173,steam,store_review,Tower of Fantasy,2064650,review,212208438,,2025-12-01T01:34:26+00:00,2026-09-20T17:46:47.998448+00:00,,"The new MMO server is pretty fun. I am a solo player and I am sure eventually I will hit a wall where I will not be able to progress without teaming up. In the meantime though, the combat in this game is a lot of fun. The graphics are quite nice too. If you feel like taking a break from Genshin, WuWa, etc, this is a good one to check out. It has been out for a few years and has mountains of content to play. And now that there is no gacha it is a great time to come back or jump in for the first time. (I rarely write reviews but felt compelled to do so because of the way this game has been unfairly review bombed. The publisher changed. Accounts had to be manually transferred. Not everyone got the e-mails or didn't bother to take action and their account got deleted. Too bad, so sad. That has nothing to do with the game itself and is a petty and vindictive reason to review bomb it.)",https://steamcommunity.com/app/2064650/reviews/,english,True,,5,0,18.1,"{""app_id"": 2064650, ""app_name"": ""Tower of Fantasy"", ""received_for_free"": false, ""role"": ""focal"", ""steam_purchase"": true}"
8222e22cab8539ed7e72,steam,store_review,Tower of Fantasy,2064650,review,212298361,,2025-12-01T12:43:00+00:00,2026-09-20T17:46:47.998415+00:00,,น่าเสียดาย,https://steamcommunity.com/app/2064650/reviews/,english,False,,0,0,6.7,"{""app_id"": 2064650, ""app_name"": ""Tower of Fantasy"", ""received_for_free"": false, ""role"": ""focal"", ""steam_purchase"": true}"
c28e12a40dfa7b825b31,steam,store_review,Tower of Fantasy,2064650,review,212362160,,2025-12-01T20:55:00+00:00,2026-09-20T17:46:47.998388+00:00,,EW,https://steamcommunity.com/app/2064650/reviews/,english,False,,0,0,7.9,"{""app_id"": 2064650, ""app_name"": ""Tower of Fantasy"", ""received_for_free"": false, ""role"": ""focal"", ""steam_purchase"": true}"
e10b6ea8357d51e5d9f1,steam,store_review,Tower of Fantasy,2064650,review,212378810,,2025-12-02T02:29:34+00:00,2026-09-20T17:46:47.998363+00:00,,"The list of problems with ToF is a mile long, most of which are just annoying, but death by a thousand paper cuts. The worst so far is a problem with one of the maps, at least on older servers, that can cause constant crashing and make the game unplayable for that character (crash within 2 minutes of loading every time), although leaving that map and doing other things can clear it up. Never mind game balance and mechanics, ToF is a hot mess. The more I play the more problems I find. It's a shame, I really wish I could recommend it for the ecchi content... Side note: While it's more oversight than bug, there is an issue with the game forcing players to skip the first story arc only to later send them to an area that is unlocked by doing that story. Probably the funniest bug.",https://steamcommunity.com/app/2064650/reviews/,english,False,,0,3,142.3,"{""app_id"": 2064650, ""app_name"": ""Tower of Fantasy"", ""received_for_free"": false, ""role"": ""focal"", ""steam_purchase"": true}"
f51b713eb4026f4e70a6,steam,store_review,Tower of Fantasy,2064650,review,212398424,,2025-12-02T11:19:21+00:00,2026-09-20T17:46:47.998329+00:00,,funi,https://steamcommunity.com/app/2064650/reviews/,english,True,,0,0,263.1,"{""app_id"": 2064650, ""app_name"": ""Tower of Fantasy"", ""received_for_free"": false, ""role"": ""focal"", ""steam_purchase"": true}"
09d9004185f606bd3264,steam,store_review,Tower of Fantasy,2064650,review,212430114,,2025-12-02T20:14:22+00:00,2026-09-20T17:46:47.998302+00:00,,"I'm writing this review solely from my experience as a new Tower of Fantasy player on the Warp Server (the one where they removed the gacha and everyone can acquire everything for free). Turns out, removing the gacha doesn't fix a broken and flawed game. Everything about the movement, combat, sound effects, dodging, feels cheap. The combat doesn't feel impactful, all of the animations are very floaty, and dodging is very imprecise and laggy despite the game relying on perfect dodges. If you get hit at all, even by the smallest of enemies, you get interrupted, which makes the already janky dodging feel even worse. It's just not an enjoyable experience compared to other anime action RPGs have far more crisp and responsive combat systems. Meanwhile, audio sounds like it was recorded in a tin can with 0 bass, it's ear-grating and very low quality. Overworld movement is clunky and climbing frequently bugs out and causes my character to get stuck on a ledge. (I heard some of these things get better when you unlock later characters, but the process is timegated and will probably take ~1 month to unlock all of the characters with more modern updated designs. Until then, it appears I'm stuck using the cheap-feeling early designs from back when the game launched initially.) For the story, I can't even really review it because they for some reason got the GENIUS idea to force the player to skip most of Act 1 and go straight into Act 2 (and no, it's not a skip button, you literally are just going along with the story and then suddenly, they jump from early Act 1 into start of Act 2, skipping most of the Act 1 plot). Major plot points happen, a key character has a complete identity shift and makeover, another major character goes missing, and you see none of it. I can't be asked to care about the story when they literally force the player to skip it with a time skip that I didn't even know was going to happen. 0/10 story execution. Lastly, this is just your average mobile game slop UX. Nothing is clear, tons of red dots that eventually lead you to clicking on the cash shop, constant tutorial spam, dozens upon dozens of layered menus, it's a mess. If you want an anime action RPG, there's dozens of them out there now, gacha or non-gacha alike. There's just better stuff to spend your time on. My only positive takeaway from this game is that it visually looks quite nice and the character designs are flashy and attractive. That's about it.",https://steamcommunity.com/app/2064650/reviews/,english,False,,25,1,6.1,"{""app_id"": 2064650, ""app_name"": ""Tower of Fantasy"", ""received_for_free"": false, ""role"": ""focal"", ""steam_purchase"": true}"
5e2cc84921950809ad85,steam,store_review,Tower of Fantasy,2064650,review,212446169,,2025-12-03T01:24:58+00:00,2026-09-20T17:46:47.998256+00:00,,"Played this for many hours accross two accounts i have put money on, very glad they have the new warp server!",https://steamcommunity.com/app/2064650/reviews/,english,True,,0,0,184.9,"{""app_id"": 2064650, ""app_name"": ""Tower of Fantasy"", ""received_for_free"": false, ""role"": ""focal"", ""steam_purchase"": true}"
21218139f8a8666493d9,steam,store_review,Tower of Fantasy,2064650,review,212448143,,2025-12-03T02:08:59+00:00,2026-09-20T17:46:47.998224+00:00,,"The countless negative remarks are beyond frustrating. We live in an era of no one's ever happy it seems. I played Tower of Fantasy when it first came out and was pretty quickly pushed away because of it's gacha system. Underneath that I found a charming world that was fun to explore with funny tidbits and oddities here and there. I loved the character designs and really enjoyed the story. Sure it's quick, it's brief, but it's a mobile game and PC game. I'm not expecting Expedition 33 out of it. But as I said, that gacha just killed me, and it only got worse as time went on because of the array of things you had to pull for. Now? No gacha? I was wondering what the hook was? How do they monetize? I installed and got into it, I started over, despite having some good stuff who cares? It's free now right? Right! Immediately I was greeted with six weapons including one I wanted forever and couldn't get lucky enough to nab (much less get 7 of it to max in the original), and now it's just in my hands at the start. I was thrilled. Exploring about with some powerful weapons made it feel more casual but is that really a bad thing? I'm not looking for a time sink, I'm looking for something to goof around on with some friends when we're feeling a lull and this is perfect for it. And the monetization? You can buy the currency now, and it's got a few things as if you're impatient you can pull more weapons (You get a free one every day and can earn some more, you pull each day until you get them all) or there's cosmetics etc., there's also an auction house where players can sell things to earn some of the fancy currency. Or you can just earn the other currency as you meander about. I was confused as when you get to a certain point in the story it does jump you into the 2nd world. At first I was very confused and a bit put off, but, honestly? I never even knew there was other worlds until it did that. And oh my goodness the second world was gorgeous. Detail everywhere. I just got lost running around checking things out. Yes that did jumble the story for me but I'll survive. Even if you're just mildly curious, it's free, it's fun. If you like Breath of the Wild or Genshin Impact, you'll love this. Hell, even if you're excited about the prospect of Ananta? As I was exploring the 2nd world's city I found a movie theater, a bowling alley, an arcade, a pool, a park, a highway, and I explored maybe a tenth of the city. Guilds have their own amazing hangout spot that you can build up together too! It's a blast, but don't let my review or others decide for you; I urge you to come check it out yourself. Find me on NA-Warped @ Almia Cheers.",https://steamcommunity.com/app/2064650/reviews/,english,True,,9,0,11.2,"{""app_id"": 2064650, ""app_name"": ""Tower of Fantasy"", ""received_for_free"": false, ""role"": ""focal"", ""steam_purchase"": true}"
ed3a87949b993eb4bb15,steam,store_review,Tower of Fantasy,2064650,review,212455581,,2025-12-03T05:10:22+00:00,2026-09-20T17:46:47.998177+00:00,,"Is it perfect no, not at all but tis fun free and no gacha! play it casual those mad about the story skip bruh your not missing anything and you don't have to push the skip button! just don't hit and play the story at your own pace. this is a step in the right direction.",https://steamcommunity.com/app/2064650/reviews/,english,True,,0,0,49.0,"{""app_id"": 2064650, ""app_name"": ""Tower of Fantasy"", ""received_for_free"": false, ""role"": ""focal"", ""steam_purchase"": true}"
3b164e18afc8b9d4aec5,steam,store_review,Tower of Fantasy,2064650,review,212462786,,2025-12-03T08:40:59+00:00,2026-09-20T17:46:47.998149+00:00,,"Honestly, stay away from this JOB. There are bugs, all the content is time-gated, you will struggle as F2P a whole lot and a half. I got 'battle pass' and a few starting packs, and it still made me want to grind every possible event to just get by. Customer service is slopware-bot that sends off half-assed gaslighting brush-offs. Peak hours lead to 'can't join instance' (because everyone and their dogs are in it), and it's funny considering their peak player count. Dark patterns everywhere, and getting rid of Gacha made it a tiny little bit less painful, but it is still a full-time job you're being gaslit to 'play'. Again, stay the hell away. You deserve better.",https://steamcommunity.com/app/2064650/reviews/,english,False,,4,0,49.8,"{""app_id"": 2064650, ""app_name"": ""Tower of Fantasy"", ""received_for_free"": false, ""role"": ""focal"", ""steam_purchase"": true}"
c46cee19360043dc649d,steam,store_review,Tower of Fantasy,2064650,review,212506817,,2025-12-03T22:24:36+00:00,2026-09-20T17:46:47.998119+00:00,,New servers are kinda cool,https://steamcommunity.com/app/2064650/reviews/,english,True,,0,0,25.7,"{""app_id"": 2064650, ""app_name"": ""Tower of Fantasy"", ""received_for_free"": false, ""role"": ""focal"", ""steam_purchase"": true}"
aa4aca9f2bdbaa54cb71,steam,store_review,Tower of Fantasy,2064650,review,212565136,,2025-12-04T19:13:35+00:00,2026-09-20T17:46:47.998093+00:00,,This whole element system is so much garbage and don't gain no damage buffs. This game is really nice to the players with this whole chipset material,https://steamcommunity.com/app/2064650/reviews/,english,False,,0,0,1163.5,"{""app_id"": 2064650, ""app_name"": ""Tower of Fantasy"", ""received_for_free"": false, ""role"": ""focal"", ""steam_purchase"": true}"
4cbcd0b98cef61724ef8,steam,store_review,Tower of Fantasy,2064650,review,212574962,,2025-12-04T22:01:09+00:00,2026-09-20T17:46:47.998067+00:00,,"the warp server is a great addition to the game, so far I am having a lot of fun with the game and highly recommend to try the warp servers and give the game a chance, it is a fun game and it is worth a try.",https://steamcommunity.com/app/2064650/reviews/,english,True,,0,0,211.1,"{""app_id"": 2064650, ""app_name"": ""Tower of Fantasy"", ""received_for_free"": false, ""role"": ""focal"", ""steam_purchase"": true}"
a14084190b4a232cc69e,steam,store_review,Tower of Fantasy,2064650,review,212608095,,2025-12-05T11:38:03+00:00,2026-09-20T17:46:47.998039+00:00,,"Gacha removed, great. But the game is still bad even without gacha, period. What makes it worse, they didn't change the fundemental of the game with this update. A huge missed opportunity. Which is very sad, I loved this game, and wanted it to be successful",https://steamcommunity.com/app/2064650/reviews/,english,False,,1,1,48.8,"{""app_id"": 2064650, ""app_name"": ""Tower of Fantasy"", ""received_for_free"": false, ""role"": ""focal"", ""steam_purchase"": true}"
3ae24f33bdd3d8e2b1ff,steam,store_review,Tower of Fantasy,2064650,review,212649601,,2025-12-05T23:13:00+00:00,2026-09-20T17:46:47.998012+00:00,,Bad just bad.,https://steamcommunity.com/app/2064650/reviews/,english,False,,0,0,2.1,"{""app_id"": 2064650, ""app_name"": ""Tower of Fantasy"", ""received_for_free"": false, ""role"": ""focal"", ""steam_purchase"": true}"
7144307e02242f81f31f,steam,store_review,Tower of Fantasy,2064650,review,212657780,,2025-12-06T02:01:34+00:00,2026-09-20T17:46:47.997985+00:00,,"No, the story was really good, as new player i loved it ! Until there was a BIG SKIP, BIG SPOILER TO ALL, After i learned they skipped it, so old players, can do end game content faster. Rip, they killed it, when i was hooked in the story, sad I dont recomend it.",https://steamcommunity.com/app/2064650/reviews/,english,False,,1,0,3.3,"{""app_id"": 2064650, ""app_name"": ""Tower of Fantasy"", ""received_for_free"": false, ""role"": ""focal"", ""steam_purchase"": true}"
558cd4f590cd70a4d553,steam,store_review,Tower of Fantasy,2064650,review,212672873,,2025-12-06T07:41:58+00:00,2026-09-20T17:46:47.997958+00:00,,"Love this game, need more",https://steamcommunity.com/app/2064650/reviews/,english,True,,3,0,51.3,"{""app_id"": 2064650, ""app_name"": ""Tower of Fantasy"", ""received_for_free"": false, ""role"": ""focal"", ""steam_purchase"": true}"
7b44c07410a1191ad6ab,steam,store_review,Tower of Fantasy,2064650,review,212672955,,2025-12-06T07:43:39+00:00,2026-09-20T17:46:47.997933+00:00,,"As much content you get for FREE and really you don't need to spend money on the Gacha aspect to get the characters and skins you want, just play the game and you will get them! But the models are nice to look at and the game play is smooth and fun to just chill out and play.",https://steamcommunity.com/app/2064650/reviews/,english,True,,3,0,319.3,"{""app_id"": 2064650, ""app_name"": ""Tower of Fantasy"", ""received_for_free"": false, ""role"": ""focal"", ""steam_purchase"": true}"
0f78993db7dfb0b7c2c0,steam,store_review,Tower of Fantasy,2064650,review,212696496,,2025-12-06T14:38:53+00:00,2026-09-20T17:46:47.997906+00:00,,warp server resurrected this game :3,https://steamcommunity.com/app/2064650/reviews/,english,True,,1,0,226.1,"{""app_id"": 2064650, ""app_name"": ""Tower of Fantasy"", ""received_for_free"": false, ""role"": ""focal"", ""steam_purchase"": true}"
6132f40ef8838442c252,steam,store_review,Tower of Fantasy,2064650,review,212705528,,2025-12-06T16:42:42+00:00,2026-09-20T17:46:47.997882+00:00,,"Whoever came up with the idea of the warp server deserves a raise. Good game, a must try for new players.",https://steamcommunity.com/app/2064650/reviews/,english,True,,0,0,131.3,"{""app_id"": 2064650, ""app_name"": ""Tower of Fantasy"", ""received_for_free"": false, ""role"": ""focal"", ""steam_purchase"": true}"
c94b872b4b0f7f7f8711,steam,store_review,Tower of Fantasy,2064650,review,212705861,,2025-12-06T16:47:33+00:00,2026-09-20T17:46:47.997856+00:00,,"No idea why, but game skips first half of the story. Result of that is that current story makes no sense. Game looks nice, but I cant turn off bloom or motion blur. It's basically mobile game port.",https://steamcommunity.com/app/2064650/reviews/,english,False,,2,0,5.8,"{""app_id"": 2064650, ""app_name"": ""Tower of Fantasy"", ""received_for_free"": false, ""role"": ""focal"", ""steam_purchase"": true}"
b8e0bdec128914be512a,steam,store_review,Tower of Fantasy,2064650,review,212721146,,2025-12-06T20:23:23+00:00,2026-09-20T17:46:47.997830+00:00,,Good choice Warp Server,https://steamcommunity.com/app/2064650/reviews/,english,True,,1,0,886.3,"{""app_id"": 2064650, ""app_name"": ""Tower of Fantasy"", ""received_for_free"": false, ""role"": ""focal"", ""steam_purchase"": true}"
60d3a6930bfa48e5a5b8,steam,store_review,Tower of Fantasy,2064650,review,212728130,,2025-12-06T22:11:09+00:00,2026-09-20T17:46:47.997805+00:00,,time gating,https://steamcommunity.com/app/2064650/reviews/,english,False,,1,0,48.8,"{""app_id"": 2064650, ""app_name"": ""Tower of Fantasy"", ""received_for_free"": false, ""role"": ""focal"", ""steam_purchase"": true}"
ccd5d944e187f3a48d68,steam,store_review,Tower of Fantasy,2064650,review,212738903,,2025-12-07T01:29:28+00:00,2026-09-20T17:46:47.997780+00:00,,"so far I can't tell which one is worse, how janky the game is or how massive their chinese themed map are.",https://steamcommunity.com/app/2064650/reviews/,english,True,,0,0,398.1,"{""app_id"": 2064650, ""app_name"": ""Tower of Fantasy"", ""received_for_free"": false, ""role"": ""focal"", ""steam_purchase"": true}"
9b2498e28c621c0428d2,steam,store_review,Tower of Fantasy,2064650,review,212739801,,2025-12-07T01:49:25+00:00,2026-09-20T17:46:47.997755+00:00,,"The updated graphics and the removal of Gacha makes this game work checking again. For those who stopped mid-way due to the power creep, I recommend this.",https://steamcommunity.com/app/2064650/reviews/,english,True,,17,0,10.1,"{""app_id"": 2064650, ""app_name"": ""Tower of Fantasy"", ""received_for_free"": false, ""role"": ""focal"", ""steam_purchase"": true}"
970f9d821a9d9625aeda,steam,store_review,Tower of Fantasy,2064650,review,212849301,,2025-12-08T14:02:18+00:00,2026-09-20T17:46:47.997728+00:00,,"It is a miracle this game is still alive... Worst gacha system in the gacha industry... So they came up with a warp server... I guess as a last standing? I thought the warp server was supposed to be warfrime/Duet night abyss kind of gacha-free mode. So far the only way to get a character is via gacha that guarantees one of the limited characters per pull.. Clunky combat, horrendous UI with so many pop-ups and constant red dots. Don't waste your time, unless you really don't have anything better to do.",https://steamcommunity.com/app/2064650/reviews/,english,False,,1,0,17.9,"{""app_id"": 2064650, ""app_name"": ""Tower of Fantasy"", ""received_for_free"": false, ""role"": ""focal"", ""steam_purchase"": true}"
3225a439c45505234909,steam,store_review,Tower of Fantasy,2064650,review,212891527,,2025-12-09T03:21:31+00:00,2026-09-20T17:46:47.997640+00:00,,"The good: It's pretty and it quits quickly. The bad: The game is extremely shallow. Combat is hardly deeper than spam clicking. The game constantly drip-feeds you in-game currencies through challenges that you're never actually intentionally completing, yet gives you nowhere to actually spend the 4+ different currencies. The menus are labyrinthian and slow. The dialogue is slow. The progression is slow. The game just sucks. It's a crime that the MMO graveyard is full of great games but that crap like this continues to proliferate.",https://steamcommunity.com/app/2064650/reviews/,english,False,,1,0,4.1,"{""app_id"": 2064650, ""app_name"": ""Tower of Fantasy"", ""received_for_free"": false, ""role"": ""focal"", ""steam_purchase"": true}"
6338e888e918a094b5bd,steam,store_review,Tower of Fantasy,2064650,review,212897869,,2025-12-09T06:22:57+00:00,2026-09-20T17:46:47.997608+00:00,,"Ya I came back to try the Warp server after leaving the game a few years ago because I was genuinely fed up with gacha games and their dang power creep scam. Started playing this new version, and getting free weapons and simulacra is nice, but the game feels really dated now, and there are a lot of QoL things that I think to myself, ""wow this should have been fixed a long time ago."" The countless menus are the worst. Jesus, why do we need so many menus? And controller support is the worst. I feel like I have to treat my controller like a mouse just to play. Who designed that garbage? Compare this to far superior gacha games like ZZZ or Star Rail (dumb gacha games sure, but still superior), and you can see how well designed controller support, graphics, art, battle systems and UI make ToF look like a child's attempt at drawing. Sadly, I don't think this is going to revitalize the game or anything. There are better games out there with better UI, better gameplay, better graphics. I realized after playing for a few hours that this wasn't a good game to begin with, and removing gacha didn't make it a good game or worth playing.",https://steamcommunity.com/app/2064650/reviews/,english,False,,1,1,65.1,"{""app_id"": 2064650, ""app_name"": ""Tower of Fantasy"", ""received_for_free"": false, ""role"": ""focal"", ""steam_purchase"": true}"
c959c4c026c0f0e1e55c,steam,store_review,Tower of Fantasy,2064650,review,212993374,,2025-12-10T16:51:09+00:00,2026-09-20T17:46:47.997576+00:00,,i thought the warp server would be fun and something new and exiciting but sadly its not just the same story and combat still boring and you are getting locked by life classes if you wanna do some side quest from random npc like one quest where i have to make a fruit cake but you need to be lvl 5 in cooking to make it :) the only thing they made good is the removal of gacha for characters an weapons now its just a random daily login reward so thats the only thing that keeps for me login in is the free characters,https://steamcommunity.com/app/2064650/reviews/,english,False,,1,0,45.7,"{""app_id"": 2064650, ""app_name"": ""Tower of Fantasy"", ""received_for_free"": false, ""role"": ""focal"", ""steam_purchase"": true}"
7216448797e426988db1,steam,store_review,Tower of Fantasy,2064650,review,213014770,,2025-12-10T23:20:58+00:00,2026-09-20T17:46:47.997548+00:00,,"naaah. move on, guys",https://steamcommunity.com/app/2064650/reviews/,english,False,,0,0,22.2,"{""app_id"": 2064650, ""app_name"": ""Tower of Fantasy"", ""received_for_free"": false, ""role"": ""focal"", ""steam_purchase"": true}"
54ed026c506c89420e84,steam,store_review,Tower of Fantasy,2064650,review,213083607,,2025-12-12T00:23:51+00:00,2026-09-20T17:46:47.997524+00:00,,"New MMO-style Warp Server removes gacha and improves the game significantly. Arguably real competition for Blue Protocol now. Original Gacha ToF had a lot of charm and enjoyable moments, and probably the best 3d gacha combat, but ultimately suffered too much from heavy P2W and excessive reliance on typical gacha time-gated progression. Warp Server significantly reduces time-gating, offers much more player agency for progression, and significantly reduces the advantage of P2W. Cosmetics are easily earnable as F2P as well, which makes it even more F2P-friendly than Blue Protocol. It doesn't go as far as I'd like in stripping away some of the minor annoyances inherent to general gacha-game design, but it changes enough that I would consider it far more worthwhile than any of the gacha-restricted competition at this point.",https://steamcommunity.com/app/2064650/reviews/,english,True,,1,0,138.6,"{""app_id"": 2064650, ""app_name"": ""Tower of Fantasy"", ""received_for_free"": false, ""role"": ""focal"", ""steam_purchase"": true}"
b7be7c874dc7d4aef316,steam,store_review,Tower of Fantasy,2064650,review,213083966,,2025-12-12T00:32:13+00:00,2026-09-20T17:46:47.997466+00:00,,"How to make a ♥♥♥♥ game: Introduce stamina. Introduce retarded enemy types. Create a MMO trinity system that doesn't even make sense. Delete player accounts after studio exchange. Yeah play at your own peril, it's entertaining slop half of the time, and just godawful ♥♥♥♥ others.",https://steamcommunity.com/app/2064650/reviews/,english,False,,0,0,100.1,"{""app_id"": 2064650, ""app_name"": ""Tower of Fantasy"", ""received_for_free"": false, ""role"": ""focal"", ""steam_purchase"": true}"
a4d7b1215288b5c8317d,steam,store_review,Tower of Fantasy,2064650,review,213085416,,2025-12-12T01:06:49+00:00,2026-09-20T17:46:47.997439+00:00,,"The combat is boring, repetative clicking... the story is vapid",https://steamcommunity.com/app/2064650/reviews/,english,False,,0,0,5.2,"{""app_id"": 2064650, ""app_name"": ""Tower of Fantasy"", ""received_for_free"": false, ""role"": ""focal"", ""steam_purchase"": true}"
ec834ea9bfdd72a0988d,steam,store_review,Tower of Fantasy,2064650,review,213098170,,2025-12-12T06:22:31+00:00,2026-09-20T17:46:47.997416+00:00,,Warp Server is pretty good,https://steamcommunity.com/app/2064650/reviews/,english,True,,2,0,1669.6,"{""app_id"": 2064650, ""app_name"": ""Tower of Fantasy"", ""received_for_free"": false, ""role"": ""focal"", ""steam_purchase"": true}"
220ec3a7361bb946d399,steam,store_review,Tower of Fantasy,2064650,review,213176328,,2025-12-13T07:17:50+00:00,2026-09-20T17:46:47.997392+00:00,,"no longer wants to update during processing period, stays at 48%",https://steamcommunity.com/app/2064650/reviews/,english,False,,0,0,23.2,"{""app_id"": 2064650, ""app_name"": ""Tower of Fantasy"", ""received_for_free"": false, ""role"": ""focal"", ""steam_purchase"": true}"
a07528d67dc4817c8160,steam,store_review,Tower of Fantasy,2064650,review,213220374,,2025-12-13T19:17:44+00:00,2026-09-20T17:46:47.997368+00:00,,"This is a hit or miss game. Games like these are pretty much copies of each other from world traversal, to combat, to life skills. The story in this to start, is really not the best, but the biggest hit was the time skip that should've been an option to players and not mandatory. You completely skip chapters 2-6 and are given a brief flash back memories of what happened, leaving the player utterly confused as to why a specific character has suddenly just shown up when minutes prior, they were being taken away. You can go back to still experience the early chapters, but what's the point after the devs basically just spoiled the story for you. Again, this should've been an option. other minor issues is poor story writing and UI messiness. Words overlap each other, subtitles sometimes don't match the dialogue and the interface menus are a ♥♥♥♥ show. Also, if you want players to follow specific NPCs, either cap our run speed, or given us proper walk speed. So why am I giving this a thumbs up? The saving grace aside from all these poor points is that you are given an option at character creation of two worlds to join. Gacha, or gacha free. Earn the gacha stuff, just by playing. And that is a shift from the norm you see with these games, and I applaud that.",https://steamcommunity.com/app/2064650/reviews/,english,True,,1,0,10.2,"{""app_id"": 2064650, ""app_name"": ""Tower of Fantasy"", ""received_for_free"": false, ""role"": ""focal"", ""steam_purchase"": true}"
cfdd1b7353d0bf79dae7,steam,store_review,Tower of Fantasy,2064650,review,213236701,,2025-12-13T23:35:56+00:00,2026-09-20T17:46:47.997330+00:00,,Right now NO I would not at all recommed this game reason because I can not get into my server that is always seems to be blanking Hot which means everyone in on the dam server so I can not get into my game to play because there is no blanking room. Right now I say scrap this game I am not going to start all over just to lose all my progress that I made so far. that is just down right not even worth thinking about. Again right now I am very unhappy with the servers of this game. Still would not recommend this game to anyone it frezzes way to ♥♥♥♥♥♥♥ much and stops the dam game play. when it not ♥♥♥♥♥♥♥ glitching it its a fun game to play but it dose not flow enough for my liking. it not fun when you cant just play and move forward normaly. I keep playing it but Im about to just say ♥♥♥♥ this sever and try a sever that is not always ♥♥♥♥♥♥♥ busy and see if I have the same dam problems and I hate starting over. Another complaint I have is that the game dose not let me into the servers it keep ♥♥♥♥♥♥♥ crashing when I try to log into my character. Right now I am trying to get into Doman 9 for the first time with my Lvl 70 Character and it will not let me in at all Iv been trying for over 30 ♥♥♥♥♥♥♥ mins now. This is just down right ridiculous if they want us to play there game they need to ♥♥♥♥♥♥♥ eather get better servers or just shut the game down all together.,https://steamcommunity.com/app/2064650/reviews/,english,False,,0,0,255.5,"{""app_id"": 2064650, ""app_name"": ""Tower of Fantasy"", ""received_for_free"": false, ""role"": ""focal"", ""steam_purchase"": true}"
a0178476e09aee2c190c,steam,store_review,Tower of Fantasy,2064650,review,213287753,,2025-12-14T15:41:50+00:00,2026-09-20T17:46:47.997287+00:00,,"played this since beta, loved every part of this game, do recommend.",https://steamcommunity.com/app/2064650/reviews/,english,True,,2,0,14.6,"{""app_id"": 2064650, ""app_name"": ""Tower of Fantasy"", ""received_for_free"": false, ""role"": ""focal"", ""steam_purchase"": true}"
d67c9375356a69e57a08,steam,store_review,Tower of Fantasy,2064650,review,213344311,,2025-12-15T10:37:10+00:00,2026-09-20T17:46:47.997262+00:00,,"Revisited the game after around 2-3 Years break (non-steam before) and started on the new WARP-Server (No Gacha). Back then i stopped playing mainly because of the greedy Gacha practice this game had, so i thought to myself hey why not give it another try surely now it might be actually fun.. After such a long time and after so many other Gacha-Games ive played during this break..this doesnt feel fun at all despite there being no Gacha. The Characters you got before (through Gacha) are now pretty much just a Skin and a Weapon for the Mainchar you get 1 Ticket a Day to draw a Character/Weapon randomly from all the Character/Weapons the game has, upgrading the Characters is not a thing anymore...since as mentioned before Characters are just a Skin now, more or less. (you can still give Gifts and look at voiceovers+story but thats about it) The stuff like crafting, fishing and picking up flowers and all that stuff are now Job-Specifics, while you could do all at once before...you can now only do 2 specific things depending on the Job you pick, if you want to switch a Job you can do that easily yes, but it will reset the Job you had. The Game is pretty much dead now (well it was dead before Warp-Server came too), finding a group for stuff is basically a chance like winning a million in lottery. So prepare to have to do everything Solo unless you have friends that actually want to waste their time playing this. The Combat-System is pretty much the thing that might turn people away the most. While it is the same as it was before and it was good/acceptable when this game released, it feels really dated now. Every Weapon has its own Style and few Combos yes and some of those look good/cool but that doesnt change the fact that the dodging and stuff feels clunky/bad just like pretty much everything else the Combat-System offers. Compared to a Honkai Impact or Genshin Impact (which i dont like at all because of greedy scummy Devs/Pubs) or a Wuthering Waves (to name some you might know) or any other Action-ish Gacha-Game you can tell right away the difference in Quality and thought put into Combat. The ""Character"" Animations...(Well Skin-Animations now) outside of Combat, also look kinda bad/cheap, back then i probably just didnt see it i guess...but a lot of the Characters (Skins) look like T-Posing Trees, no arm movement when standing still, no little animations like for example in Wuthering Waves, no emotions.... nothing, uninspired no love in detail, just rough. With the new Warp-Server (no Gacha) with which they wanted to get Numbers back and is/was kind of a last chance, they could have at least put some time into what to actually fix/make better, all they did instead was just getting rid of everything that made the Characters fun to obtain (getting stronger), making picking stuff up/creating stuff more bothersome and push thousands of things into your face that require other people (you can go Solo but Content made for Groups will not reduce anything like difficulty/stats just because you are solo) despite the game already being dead before they pushed this Warp stuff. Disappointing...Anyway if you are hella bored and have absolutely nothing to play, go ahead try it, otherwise i absolutely cant recommend this, its literally a waste of time and you would be better off playing something else, i would recommend Wuthering Waves as its basically a better and more qualitative version of this...but it has Gacha so i wont.",https://steamcommunity.com/app/2064650/reviews/,english,False,,5,0,6.0,"{""app_id"": 2064650, ""app_name"": ""Tower of Fantasy"", ""received_for_free"": false, ""role"": ""focal"", ""steam_purchase"": true}"
f44adb5da2cf301b3e59,steam,store_review,Tower of Fantasy,2064650,review,213400028,,2025-12-16T05:14:20+00:00,2026-09-20T17:46:47.997212+00:00,,"Here for warp server. They have improve a lot(to be honest). When I first started this game back then on first launch, it wasn't optimized at all. I drop it after that. It revive my interest just because of their move to open a server without the gacha elements. Of course, SEA/APAC server are the happiest about this ;) Good move team! Thank you for this.",https://steamcommunity.com/app/2064650/reviews/,english,True,,3,0,169.5,"{""app_id"": 2064650, ""app_name"": ""Tower of Fantasy"", ""received_for_free"": false, ""role"": ""focal"", ""steam_purchase"": true}"
4b2e1914ac5e0ec0448c,steam,store_review,Tower of Fantasy,2064650,review,213539593,,2025-12-18T02:14:44+00:00,2026-09-20T17:46:47.997186+00:00,,"The warp server is better without the limited gacha banners and extreme fomo of the standard server, however the game is still really buggy and has terrible controller support. You can get all characters for free, it's just time gated by daily free gacha pulls. There is more emphasis on team play and compositions now, I think if you enjoyed ToF before but hated the limited gacha banners like I did and half baked MMO attempt, it's worth checking out again, you can get skins from grinding however it's very time gated, but if you just didn't like aspects of Tower of Fantasy even without gacha, I would not bother. It's still the same game, just without having to be a garbage collector and scrap for 2 currency in chests or so you can maybe get a 50/50 chance of getting the newest fomo power creep nonsense character, which at one copy would be useless anyway on the standard server since you need multiple copies of a character and matrices (the equivalent of weapons) for them to be good.",https://steamcommunity.com/app/2064650/reviews/,english,True,,2,0,71.8,"{""app_id"": 2064650, ""app_name"": ""Tower of Fantasy"", ""received_for_free"": false, ""role"": ""focal"", ""steam_purchase"": true}"
f7e6eacf5fbdefe59cfa,steam,store_review,Tower of Fantasy,2064650,review,213638426,,2025-12-19T12:45:19+00:00,2026-09-20T17:46:47.997156+00:00,,"Double charged for a Battle Pass through paypal due to an issue on the company's side. You have two options: 1) dispute the payment, get a refund, and get your account banned 2) do absolutely nothing and let them steal your money",https://steamcommunity.com/app/2064650/reviews/,english,False,,2,1,1201.8,"{""app_id"": 2064650, ""app_name"": ""Tower of Fantasy"", ""received_for_free"": false, ""role"": ""focal"", ""steam_purchase"": true}"
4e3b59c80b89e23b89c4,steam,store_review,Tower of Fantasy,2064650,review,213667050,,2025-12-19T19:28:25+00:00,2026-09-20T17:46:47.997131+00:00,,"lost my OG account ( i did not migrate it ) although it didnt really have any progress that much lmao, this is a fun game, i enjoy seeing my custom character use different weapons and appear in different cutscenes",https://steamcommunity.com/app/2064650/reviews/,english,True,,7,0,38.6,"{""app_id"": 2064650, ""app_name"": ""Tower of Fantasy"", ""received_for_free"": false, ""role"": ""focal"", ""steam_purchase"": true}"
dc03eb15f4dee90df7f3,steam,store_review,Tower of Fantasy,2064650,review,213794238,,2025-12-21T05:38:54+00:00,2026-09-20T17:46:47.997105+00:00,,"So we are about to enter 4th week of the new MMO server release for this game and let's just say, if not for gacha removal, I wouldn't play it at all, but turns out, just gacha removal doesn't magically fix the game, as I spent time on this, I realized that issues that were present on original servers like technical issues and bugs, mobile UI with little adjustment for non mobile platforms as well low and in MMOs case, elitist playerbase that expects you to have max tier weapons and upgraded gear that only spenders or hardcore grinders can have on high tier raids that do not even presumably require it by displaying required combat power that you do have but they do not think its enough makes the whole experience quite...mix of good and bad, but mostly bad and that week is going to be final one that makes me want to not play again. But let's start with its story, the first element that it makes itself different from most usual gacha games - its on a darker side, which I would like if not for how...unstructured the whole story is, as first world's story is quite not only mediocre at best, but also disjointed by forced story skip, which makes the already unimpressive impression worse, but once you consider the latter areas, it becomes...mid? Well, not bad but not great which combined is not good because of bad earlier areas, and that's quite a bad thing. If only a better job was done overall to not feel bad about it. The gameplay - now that's actually a point I want to address, since gacha servers have a ongoing problem of years long powercreep where the new stuff is always better than old, meaning putting premium resources on old stuff would bite you back later, as well people using new stuff to one man instances meant for multiple people, a great way to make multiplayer an awful experience for people who wanted a fair game and not paid players showing their power over non payers. Even with free stuff the game throws at you, you will never compete with them as skill matters little to such people, only power. Of course i never played the gacha servers, but considering the experience I had in past games on mobile of similar caliber, well, that doesn't exactly give me good confidence on enjoying anything of that sort, even if its popular and good in people eyes because of design that throws that balance away. The MMO servers on other hand, instead suffer from fact you are expected to loot 24/7 if you want to get at the top, because if you dont, you wont catch up to top tier players and guilds, as many rewards and events are tied to activity, which also means the said guilds wont take you as they want the best of the best, this was not the case during the initial launch because...well, practically everyone is new, but despite not even a month in, the guilds pretty much started becoming elites for elites rather quickly. So unless you are capable of keeping up with them, consider yourself a loner, as amount of non elite but middle player guilds is rather...low, and if you are a casual, then consider yourself out, for even the gacha server with easier solo play still feels less balanced due to said powercreep. Now the weapons - they all play differently, some easier to use some harder, but considering in said gachas you swap characters with their weapons to do their thing, here you swap weapons instead, which is better and less confusing, but still feels weird compared to traditional games where you pick a class and pick a single weapon to use in combat, only swapping for specific needs, but oh well, another gacha inspiration - but on point for MMO server; you have 2 banners per season - one with earlier released weapons and another with newer, which due to fact the MMO server made them equal to each other in terms of relative power, means its more of pick your needed piece and upgrade it to your needs, but you can still feel the design difference between earlier and newer content, with newer stuff being much better in terms of quality, and in some, power. Its great they heavily rebalanced the weapons compared to gacha, but favorites in terms of strength still exist for some. The world - the enviroment, while solid, the quality is not good, and in certain areas you can see low quality textures on those, same goes for enemies who are not from newer areas or bosses, especially if they are speaking in cutscenes, their mouths do not move, and while worlds are solid, enviroment is not as good. But exploring the worlds is not boring at least, considering the inspiration material that is, with resources and loot to find, which you actually do need because you'll need all of it, and a lot for high tier upgrades. Characters - They have decent designs and solid voice acting from known actors, and they are either NPCs or linked to weapons(simulacrums), and the most notable thing about them is the fact you can use other weapons while using them, like a support using offensive weapons and vice versa, which is a feature that I do like as it makes them less bound to restrictions in terms of style, and allows for plenty of visual combinations for your liking. And with multiplayer this game focuses on, it makes it more impactful. Bugs - despite taking years of ongoing development, there's plenty, both minor and major ones, let's start with minor ones like being able to open electrified/burning chests of domain 9 that arent defused via statue upgrades if you are in climbing position, which also takes no animation to do so, to chests giving the message of not having enough keys to open as if they were supposed to be openable only via that when you dont have enough, getting stuck between certain objects and such, if you transmit while being engaged with enemies who knockback you, you'll teleport off area due to damage taken, certain story cutscenes being pre-rendered videos that have the male main character ignoring your cosmetics and current gender, characters who speak not always moving their mouths, to major ones like your character failing to teleport to group calls if they are moving fast enough, which results in team leaders kicking you out for failing to keep up, when really its the games fault for doing so, and others I possibly heard or seen but cannot explain. Despite the change to an MMO, it still has mobile game elements such as stamina, used for life class system, of 6 you can only take 2 to level up, and they all require stamina to progress and collect items, yet even in the first world you can encounter items that clearly are for later progression, as well sidequests which still rely on gacha server rules, like a quest to collect items that require stamina, and that's the least awful one, but the worst ones tend to be cooking quests that require level 15+ in the skill to progress, which in turn require like, level 70+ due to skills having a level requirement to advance and we cannot even reach said level at the moment of writing due to time gates of current season, because of the item in question being high level that is not the case in original, missing images when you get recipes from said quests because of course and training points from open world being useless to earn at the moment cause you cannot spend them in warp server. And then there's gold seller spammers in world chat, which even if you report them, another one takes their place, which means without active moderation, the game's not going to feel good, and while they generally appear during nighttime of server's region, they still show how bad the situation is. Due to word limit, I am concluding the review with a similar score it has on bilibili, which is an experience that has some good points, but hampered with aftermentioned bad things, which means unless you are a hardcore player willing to stomach bugs and design issues of not gacha/MMO limbo of a game, you'd have to avoid for the best. If it was not in either extremes of playerbase, I would have a better view of this.",https://steamcommunity.com/app/2064650/reviews/,english,False,,20,0,137.7,"{""app_id"": 2064650, ""app_name"": ""Tower of Fantasy"", ""received_for_free"": false, ""role"": ""focal"", ""steam_purchase"": true}"
ec34351b8bfe9c193e07,steam,store_review,Tower of Fantasy,2064650,review,213796265,,2025-12-21T06:16:16+00:00,2026-09-20T17:46:47.997010+00:00,,"Crashes way too much and player assets will completely stop working and you'll have to exit steam completely for the game to work again. Basically, the game will frustrate you so often with errors so often that you will most likely give up and quit the game like I'm doing. For most, the bamboo forests in Domain 9 will be where you quit. Good luck and hope your computer doesn't die. 3/10",https://steamcommunity.com/app/2064650/reviews/,english,False,,1,0,906.5,"{""app_id"": 2064650, ""app_name"": ""Tower of Fantasy"", ""received_for_free"": false, ""role"": ""focal"", ""steam_purchase"": true}"
80074a2c40d9d0cf6c44,steam,store_review,Tower of Fantasy,2064650,review,213919111,,2025-12-22T14:56:00+00:00,2026-09-20T17:46:47.996982+00:00,,my friends think that i played a hentai game because i played this :/ anyways 4/5 fun game,https://steamcommunity.com/app/2064650/reviews/,english,True,,0,0,22.9,"{""app_id"": 2064650, ""app_name"": ""Tower of Fantasy"", ""received_for_free"": false, ""role"": ""focal"", ""steam_purchase"": true}"
d6c9cf792bce6e81c28c,steam,store_review,Tower of Fantasy,2064650,review,214005854,,2025-12-23T15:10:54+00:00,2026-09-20T17:46:47.996958+00:00,,perfect,https://steamcommunity.com/app/2064650/reviews/,english,True,,0,0,94.7,"{""app_id"": 2064650, ""app_name"": ""Tower of Fantasy"", ""received_for_free"": false, ""role"": ""focal"", ""steam_purchase"": true}"
abcb61da018bbefdf728,steam,store_review,Tower of Fantasy,2064650,review,214049655,,2025-12-24T02:12:52+00:00,2026-09-20T17:46:47.996935+00:00,,insane graphics and co-op?!?! hell yeah!!,https://steamcommunity.com/app/2064650/reviews/,english,True,,0,0,181.7,"{""app_id"": 2064650, ""app_name"": ""Tower of Fantasy"", ""received_for_free"": false, ""role"": ""focal"", ""steam_purchase"": true}"
a9f81ca394b24932e8c1,steam,store_review,Tower of Fantasy,2064650,review,214053093,,2025-12-24T03:22:11+00:00,2026-09-20T17:46:47.996911+00:00,,"They spoiled the Nemesis plotline so fast. I'm trying harder not to spoil it in this review than they are. Otherwise, I'm pretty invested so far. Nice lil' MMO to snack on & great movement. You can even climb EVERYTHING. You bet I climbed every skyscraper to my death! Call that my ""Tower of Fantasy."" [b]Edit #1:[/b] Oh, one thing otherwise that I did notice was the child models are kinda bizarre sometimes. There's this one in particular that has blonde/silver hair whose head is HUGE compared to the other characters. If she was toddler-sized, she'd look normal, but she's the size of a 10-year-old, so it doesn't blend in at all. It's so strange because otherwise, the game models are lovely. [b]Edit #2:[/b] Stamina sucks. [i]Whyyyyy???[/i] I'll still keep playing...",https://steamcommunity.com/app/2064650/reviews/,english,True,,0,0,19.1,"{""app_id"": 2064650, ""app_name"": ""Tower of Fantasy"", ""received_for_free"": false, ""role"": ""focal"", ""steam_purchase"": true}"
314265f8171a7d689d98,steam,store_review,Tower of Fantasy,2064650,review,214057058,,2025-12-24T04:44:35+00:00,2026-09-20T17:46:47.996882+00:00,,I wish this game went a different route from the start. . Sad to see how much it went down hill...,https://steamcommunity.com/app/2064650/reviews/,english,False,,2,0,1.3,"{""app_id"": 2064650, ""app_name"": ""Tower of Fantasy"", ""received_for_free"": false, ""role"": ""focal"", ""steam_purchase"": true}"
ec5ac32c645bbe8b4d1b,steam,store_review,Tower of Fantasy,2064650,review,214124345,,2025-12-25T04:57:14+00:00,2026-09-20T17:46:47.996857+00:00,,"it is an ok game now without the gacha, although there are still transactions it is not as bad as it was when I first played it a few years back. combat is repetitive and there are not many moves, but I love the aesthetic and story",https://steamcommunity.com/app/2064650/reviews/,english,True,,0,0,3.6,"{""app_id"": 2064650, ""app_name"": ""Tower of Fantasy"", ""received_for_free"": false, ""role"": ""focal"", ""steam_purchase"": true}"
839f609dd9ec457a405c,steam,store_review,Tower of Fantasy,2064650,review,214162376,,2025-12-25T16:19:10+00:00,2026-09-20T17:46:47.996829+00:00,,eh,https://steamcommunity.com/app/2064650/reviews/,english,False,,2,0,89.4,"{""app_id"": 2064650, ""app_name"": ""Tower of Fantasy"", ""received_for_free"": false, ""role"": ""focal"", ""steam_purchase"": true}"
728c88137d74736a9666,steam,store_review,Tower of Fantasy,2064650,review,214329566,,2025-12-27T11:26:48+00:00,2026-09-20T17:46:47.996799+00:00,,"As someone with 1000h+ played (not all hours were on steam), playing this game gave me cancer. I have no idea how they can release characters and content that you can spend thousands on in an unfinished state and filled with bugs that will never ever get adressed. * Bad development team causing major bugs in almost all released characters that breaks them, without fixes in sight. * Bad balancing. * Bad monitization that gets worse the longer you play. * A gearing system that relies on how ""long"" you have been playing / have been spending money, with no way to catch up. * Horribly amimated janky story. * A combat system with no feedback locked behind if you have x char to counter x boss in endgame modes. * Damage you get dealt can be invisible sometimes before an attack animation actually happens. * Voicing that does not work alot of the time or gets cut off because noone play tested anything.",https://steamcommunity.com/app/2064650/reviews/,english,False,,1,0,254.8,"{""app_id"": 2064650, ""app_name"": ""Tower of Fantasy"", ""received_for_free"": false, ""role"": ""focal"", ""steam_purchase"": true}"
e814122b3ebbd8ef393c,steam,store_review,Tower of Fantasy,2064650,review,214380396,,2025-12-27T21:42:56+00:00,2026-09-20T17:46:47.996734+00:00,,"i like this game. pretty good. also, rip my account pre-transfer because i stopped playing in december of 2024 and didn't come back until december 2025.",https://steamcommunity.com/app/2064650/reviews/,english,True,,0,0,302.8,"{""app_id"": 2064650, ""app_name"": ""Tower of Fantasy"", ""received_for_free"": false, ""role"": ""focal"", ""steam_purchase"": true}"
b90b35c88eec5366cca1,steam,store_review,Tower of Fantasy,2064650,review,214506915,,2025-12-29T03:04:15+00:00,2026-09-20T17:46:39.339937+00:00,,"Honestly I love this game. Yes its flawed, terrible management, insane powercreep, and some poor quality. If you understand that this game ISNT built to be the next big game. I promise you, you will have a fun time. This is a game where u turn your brain off and do big damage with cool action combat. Just play the characters you like, do all the fun stuff. This game is great for people that just want to turn there brains off and play with cool designed weapons with lots of vfx.",https://steamcommunity.com/app/2064650/reviews/,english,True,,4,0,650.2,"{""app_id"": 2064650, ""app_name"": ""Tower of Fantasy"", ""received_for_free"": false, ""role"": ""focal"", ""steam_purchase"": true}"
e63484beca8ab0fcd28b,steam,store_review,Tower of Fantasy,2064650,review,214600522,,2025-12-30T01:36:46+00:00,2026-09-20T17:46:39.339911+00:00,,trash,https://steamcommunity.com/app/2064650/reviews/,english,False,,0,0,61.4,"{""app_id"": 2064650, ""app_name"": ""Tower of Fantasy"", ""received_for_free"": false, ""role"": ""focal"", ""steam_purchase"": true}"
705749967e2b867a9dc1,steam,store_review,Tower of Fantasy,2064650,review,214653220,,2025-12-30T16:09:41+00:00,2026-09-20T17:46:39.339890+00:00,,I actually really liked this game but then in early 2025 i lost my account i didnt play for a few months and they deleted my account which is so upsetting. this company has proven to not be trustworthy so i would not recomnend the game to anyone.,https://steamcommunity.com/app/2064650/reviews/,english,False,,1,0,5.0,"{""app_id"": 2064650, ""app_name"": ""Tower of Fantasy"", ""received_for_free"": false, ""role"": ""focal"", ""steam_purchase"": true}"
0798bb4926da70fbcde4,steam,store_review,Tower of Fantasy,2064650,review,214697843,,2025-12-31T02:03:47+00:00,2026-09-20T17:46:39.339867+00:00,,[b]i not approve[/b],https://steamcommunity.com/app/2064650/reviews/,english,False,,0,0,1.6,"{""app_id"": 2064650, ""app_name"": ""Tower of Fantasy"", ""received_for_free"": false, ""role"": ""focal"", ""steam_purchase"": true}"
5aa060ab8d1d069617df,steam,store_review,Tower of Fantasy,2064650,review,214705369,,2025-12-31T04:15:05+00:00,2026-09-20T17:46:39.339846+00:00,,ok feels better than previous like first release lmao,https://steamcommunity.com/app/2064650/reviews/,english,True,,0,0,25.7,"{""app_id"": 2064650, ""app_name"": ""Tower of Fantasy"", ""received_for_free"": false, ""role"": ""focal"", ""steam_purchase"": true}"
441031829535fa06efdc,steam,store_review,Tower of Fantasy,2064650,review,214719106,,2025-12-31T08:54:14+00:00,2026-09-20T17:46:39.339824+00:00,,"I lost My account because of the changed publisher or whatsoever. Which i never knew, cant they told us through email or something? i lost a lot of progress and also some costume. and then i tried the new warped server. I tried because i thought maybe they will did great or something in there, but the reality? Nope. The gameplay still clunky, they world building, exploration is bad. The story? Nah, no thanks. i like the dark story but not the way they done it. Just make the story and the gameplay better in the next game you guys gonna make.",https://steamcommunity.com/app/2064650/reviews/,english,False,,11,0,164.3,"{""app_id"": 2064650, ""app_name"": ""Tower of Fantasy"", ""received_for_free"": false, ""role"": ""focal"", ""steam_purchase"": true}"
31a6c4672d08ca90d5d8,steam,store_review,Tower of Fantasy,2064650,review,214759131,,2025-12-31T19:07:25+00:00,2026-09-20T17:46:39.339797+00:00,,They deleted my account. I liked this game but now I don't have any motivation to play this game.,https://steamcommunity.com/app/2064650/reviews/,english,False,,1,0,28.7,"{""app_id"": 2064650, ""app_name"": ""Tower of Fantasy"", ""received_for_free"": false, ""role"": ""focal"", ""steam_purchase"": true}"
a9fb044e0dcf52358274,steam,store_review,Tower of Fantasy,2064650,review,214766604,,2025-12-31T21:00:31+00:00,2026-09-20T17:46:39.339774+00:00,,"GOONER'S CAVE, avatar costumisation is niceu but in general meh",https://steamcommunity.com/app/2064650/reviews/,english,False,,2,0,1.2,"{""app_id"": 2064650, ""app_name"": ""Tower of Fantasy"", ""received_for_free"": false, ""role"": ""focal"", ""steam_purchase"": true}"
947906e4f22e29c9e08c,steam,store_review,Tower of Fantasy,2064650,review,214769158,,2025-12-31T21:41:53+00:00,2026-09-20T17:46:39.339751+00:00,,"A relaxing and soothing anime open world rpg *cough* Zelda-Breath-of-the-Wild, or Genshin-Impact clone *cough* Still fun though :)",https://steamcommunity.com/app/2064650/reviews/,english,True,,1,0,183.8,"{""app_id"": 2064650, ""app_name"": ""Tower of Fantasy"", ""received_for_free"": false, ""role"": ""focal"", ""steam_purchase"": true}"
5db3d0631c06fd1e24d3,steam,store_review,Tower of Fantasy,2064650,review,214781264,,2026-01-01T01:14:02+00:00,2026-09-20T17:46:39.339724+00:00,,"I’ve put about 62 hours into Tower of Fantasy, and I’m really impressed. This game delivers a beautiful and expansive open world that feels alive and full of secrets to discover. The art style and design are stunning, and exploring the landscapes never gets old.",https://steamcommunity.com/app/2064650/reviews/,english,True,,2,0,64.3,"{""app_id"": 2064650, ""app_name"": ""Tower of Fantasy"", ""received_for_free"": false, ""role"": ""focal"", ""steam_purchase"": true}"
410eb017a886ab3d8ea5,steam,store_review,Tower of Fantasy,2064650,review,214869016,,2026-01-01T23:58:56+00:00,2026-09-20T17:46:39.339695+00:00,,the account logging after merger is ass.,https://steamcommunity.com/app/2064650/reviews/,english,False,,1,0,10.9,"{""app_id"": 2064650, ""app_name"": ""Tower of Fantasy"", ""received_for_free"": false, ""role"": ""focal"", ""steam_purchase"": true}"
1a215832572cc40aaaa3,steam,store_review,Tower of Fantasy,2064650,review,214905944,,2026-01-02T10:47:19+00:00,2026-09-20T17:46:39.339616+00:00,,"i played 3 years ago for a long time before steam on phone etc, spent like 300 USD, i left game for a year Now i lost everything because i didn't transfer my character in time what a BS move asked support they send me transfer of thge account schedule xDDDD",https://steamcommunity.com/app/2064650/reviews/,english,False,,2,0,27.9,"{""app_id"": 2064650, ""app_name"": ""Tower of Fantasy"", ""received_for_free"": false, ""role"": ""focal"", ""steam_purchase"": true}"
1917b477d1286f698826,steam,store_review,Tower of Fantasy,2064650,review,215104831,,2026-01-04T09:12:13+00:00,2026-09-20T17:46:39.339531+00:00,,"After 6 months I log into my account and get no direction, no suggestion, tens of bonuses and menus waiting to be clicked. Game design is that mess you cannot comprehend what to do again if you quit for a while.",https://steamcommunity.com/app/2064650/reviews/,english,False,,10,0,37.2,"{""app_id"": 2064650, ""app_name"": ""Tower of Fantasy"", ""received_for_free"": false, ""role"": ""focal"", ""steam_purchase"": true}"
b7fcb17c93c6665ec6e4,steam,store_review,Tower of Fantasy,2064650,review,215106999,,2026-01-04T09:48:44+00:00,2026-09-20T17:46:39.339507+00:00,,"I liked to go to new playgrounds before. The guild helped me, but then some people left and I stopped playing. But I still have good memories and I quit the game happy.",https://steamcommunity.com/app/2064650/reviews/,english,True,,2,0,3.5,"{""app_id"": 2064650, ""app_name"": ""Tower of Fantasy"", ""received_for_free"": false, ""role"": ""focal"", ""steam_purchase"": true}"
8fefe4a582a78203910e,steam,store_review,Tower of Fantasy,2064650,review,215245784,,2026-01-05T18:25:42+00:00,2026-09-20T17:46:39.339447+00:00,,"Game crashes on start up, can't even play it. I'm on a high tier PC.",https://steamcommunity.com/app/2064650/reviews/,english,False,,4,0,0.7,"{""app_id"": 2064650, ""app_name"": ""Tower of Fantasy"", ""received_for_free"": false, ""role"": ""focal"", ""steam_purchase"": true}"
86050c33953ddbfdbd72,steam,store_review,Tower of Fantasy,2064650,review,215316084,,2026-01-06T14:11:50+00:00,2026-09-20T17:46:39.339426+00:00,,หนุก,https://steamcommunity.com/app/2064650/reviews/,english,True,,0,0,81.9,"{""app_id"": 2064650, ""app_name"": ""Tower of Fantasy"", ""received_for_free"": false, ""role"": ""focal"", ""steam_purchase"": true}"
9c76679c31c71c977e71,steam,store_review,Tower of Fantasy,2064650,review,215321237,,2026-01-06T15:20:32+00:00,2026-09-20T17:46:39.339406+00:00,,<3,https://steamcommunity.com/app/2064650/reviews/,english,True,,0,0,88.9,"{""app_id"": 2064650, ""app_name"": ""Tower of Fantasy"", ""received_for_free"": false, ""role"": ""focal"", ""steam_purchase"": true}"
f3e3266cac981bb6a09f,steam,store_review,Tower of Fantasy,2064650,review,215486867,,2026-01-08T15:09:19+00:00,2026-09-20T17:46:39.339386+00:00,,broken login system,https://steamcommunity.com/app/2064650/reviews/,english,False,,1,0,35.5,"{""app_id"": 2064650, ""app_name"": ""Tower of Fantasy"", ""received_for_free"": false, ""role"": ""focal"", ""steam_purchase"": true}"
a717859d283cb39b637a,steam,store_review,Tower of Fantasy,2064650,review,215666651,,2026-01-10T17:11:26+00:00,2026-09-20T17:46:39.339365+00:00,,"Really fun game , the bugs and unpolished elements of the game make it interesting. The multiplayer and how beautiful the world is made me stay for a while and enjoy my time",https://steamcommunity.com/app/2064650/reviews/,english,True,,1,0,234.6,"{""app_id"": 2064650, ""app_name"": ""Tower of Fantasy"", ""received_for_free"": false, ""role"": ""focal"", ""steam_purchase"": true}"
c650541d4386f5f3ce5d,steam,store_review,Tower of Fantasy,2064650,review,215705050,,2026-01-11T02:01:33+00:00,2026-09-20T17:46:39.339344+00:00,,Awesome game,https://steamcommunity.com/app/2064650/reviews/,english,True,,1,0,53.0,"{""app_id"": 2064650, ""app_name"": ""Tower of Fantasy"", ""received_for_free"": false, ""role"": ""focal"", ""steam_purchase"": true}"
f3a3bcc712fae800e4cc,steam,store_review,Tower of Fantasy,2064650,review,215879088,,2026-01-13T08:03:57+00:00,2026-09-20T17:46:39.339324+00:00,,get game enjoy all characters and playstyles complete main story ask friends to try game friends say i would never play a simp simulator friends get genshin impact back to me have fun spend unreasonable amount of money on gacha and characters warp server comes out accidentally delete main account of main servers money wasted and soul destroyed try again on warp server unlocked all characters available want to re complete story because it was fun and entertaining remember what happened to main account be sad spiral into depression due to unreasonable amount of lost money slowly stop playing 10/10 [review coming from PS5 hence low playtime],https://steamcommunity.com/app/2064650/reviews/,english,True,,14,0,34.1,"{""app_id"": 2064650, ""app_name"": ""Tower of Fantasy"", ""received_for_free"": false, ""role"": ""focal"", ""steam_purchase"": true}"
6b04f073e9ec82ffeffe,steam,store_review,Tower of Fantasy,2064650,review,215972472,,2026-01-14T18:55:30+00:00,2026-09-20T17:46:39.339299+00:00,,"Half of my time was just me shoving Shirli over and over, The game is... Eh? i mean its free so you might as well check it out but its just trying to be genshin impact, from how it looks to how it plays. if you like that sort of game you might get your fill out of it, but if you do enjoy those sort of games, you're probably just gonna play genshin impact. *shrugs*",https://steamcommunity.com/app/2064650/reviews/,english,True,,0,0,1.0,"{""app_id"": 2064650, ""app_name"": ""Tower of Fantasy"", ""received_for_free"": false, ""role"": ""focal"", ""steam_purchase"": true}"
9fd80d12d1f3f7a77f8a,steam,store_review,Tower of Fantasy,2064650,review,216017819,,2026-01-15T14:20:55+00:00,2026-09-20T17:46:39.339275+00:00,,"I wish I could recommend ToF as it has some great gooner content and is the only legit action-MMO that uses a physics engine that I have personally played. Unfortunately it also has a lot of issues. About the new Warp servers: 1: The boob sliders and dormitory are removed. 2: It still has ridiculously expensive outfit gacha. 3: The mechanics around unlocking cosmetics are designed to milk hundreds, or even thousands, per outfit in a way that makes it impossible to know the price. As for the game itself, the list of issues is too long to name everything, but most of it stems from being a lazy port of a mobile game. Some of the issues that result from being a lazy port: While performing actions in the inventory or other menus the players character will move around and activate skills etc. that correspond to the buttons pressed. When there are popups or harvestable items on field the game will prioritize interacting with those items over combat actions. Meaning you may temporarily be unable to dodge or attack. Inputs for ranged weapons are wildly inconsistent and render at least half of the ranged weapons unusable on gamepad as a result. Bows and single shot ranged weapons perform well enough, fully automatic weapons require a press and hold that makes it impossible to simultaneously aim and fire a weapon. General issues: The game tends to crash in the Domain9 map, an issue that has been known and reported for years. Early into the game players are forced to skip the majority of the first chapter with a vague rundown of major events leaving players lost and confused if they had tried to follow it. This decision is a bit baffling as players have to go into story locked areas during later events. The lag is incredibly bad for an action game. My ping is typically 100+. This is aggravated by the games reliance on well timed dodging. To combat lag issues and mobile devices having the worst possible experience for any action game there is a heavy reliance on AOE spam. This results in the latest characters/weapons being very samey. For example, the newest ranged character plays no different from melee characters and cannot even aim manually like older ranged weapons. In the end it is all a bit frustrating as this game does one thing other ""action-MMO's"" don't, which is using a physics engine instead of dice rolls under the hood. Games like Tera or ESO try to create the illusion of being an action game while being standard tab-target MMO's in actuality. It really is a shame ToF doesn't have the necessary server performance or quality content to make use of this because it really is something unique and special in this genre.",https://steamcommunity.com/app/2064650/reviews/,english,False,,1,0,8.2,"{""app_id"": 2064650, ""app_name"": ""Tower of Fantasy"", ""received_for_free"": false, ""role"": ""focal"", ""steam_purchase"": true}"
28541a65c64125f59eb7,steam,store_review,Tower of Fantasy,2064650,review,216192358,,2026-01-17T20:07:09+00:00,2026-09-20T17:46:39.339234+00:00,,"Lost my Account, I was serving mandatory military service for 9 months, and they couldn't even send an Email, how tf was I suppose to know? I had other things in life besides this game, and yet I had alot of progress. So I won't be coming back because if it happend once, doesn't mean it won't happen again, especially to you...",https://steamcommunity.com/app/2064650/reviews/,english,False,,82,3,1.7,"{""app_id"": 2064650, ""app_name"": ""Tower of Fantasy"", ""received_for_free"": false, ""role"": ""focal"", ""steam_purchase"": true}"
53f2a11c1e5fc5fb5470,steam,store_review,Tower of Fantasy,2064650,review,216366580,,2026-01-19T23:39:54+00:00,2026-09-20T17:46:39.339211+00:00,,Outclassed by Star Resonance,https://steamcommunity.com/app/2064650/reviews/,english,False,,1,0,6.4,"{""app_id"": 2064650, ""app_name"": ""Tower of Fantasy"", ""received_for_free"": false, ""role"": ""focal"", ""steam_purchase"": true}"
34242b27b0b1dd6118f1,steam,store_review,Tower of Fantasy,2064650,review,216467087,,2026-01-21T11:46:41+00:00,2026-09-20T17:46:39.339177+00:00,,"still bad even after deleting the gacha the characters lost the power and became less than the normal sr characters But, after playing the normal server the game quite surprised me its now decent graphics with good gameplay and huge amount of content characters available its very good on the normal servers",https://steamcommunity.com/app/2064650/reviews/,english,True,,1,0,34.9,"{""app_id"": 2064650, ""app_name"": ""Tower of Fantasy"", ""received_for_free"": false, ""role"": ""focal"", ""steam_purchase"": true}"
983fa65065f703033224,steam,store_review,Tower of Fantasy,2064650,review,216576864,,2026-01-22T23:59:51+00:00,2026-09-20T17:46:39.339152+00:00,,"I don't review games a lot, but Tower of Fantasy is truly a diamond in the rough. The game has a fantastic, space-focused original story. The gameplay is like a better Genshin / Palworld / Conan Exiles kinda? But with flashy anime weapons and a gear system that is easy to understand. This game is extremely free to play friendly. I only spent money on the monthly pass and a $5 beginner box. I never felt like I had to spend money though. From prior comments it seems like it used to be much more monetized. Lots of stuff to do, daily activities, lots of weapons, characters models and weapon animations are beautiful. The summons and summon rates are EXTREMELY fair and I have multiple SSR weapons and dupes without ever spending anything. If you want an easy going, highly customizable game that's free and engaging enough to keep you logging in each day? This is it. Highly Recommended 9/10",https://steamcommunity.com/app/2064650/reviews/,english,True,,6,0,145.1,"{""app_id"": 2064650, ""app_name"": ""Tower of Fantasy"", ""received_for_free"": false, ""role"": ""focal"", ""steam_purchase"": true}"
4dcab67d4f77d6ca204b,steam,store_review,Tower of Fantasy,2064650,review,216859842,,2026-01-26T16:46:14+00:00,2026-09-20T17:46:39.339124+00:00,,I really loved the game from the beginning of it's release but my account got deleted sadly if i got my account back i would continue to play.,https://steamcommunity.com/app/2064650/reviews/,english,False,,33,0,0.7,"{""app_id"": 2064650, ""app_name"": ""Tower of Fantasy"", ""received_for_free"": false, ""role"": ""focal"", ""steam_purchase"": true}"
561fd3e917a58d13db74,steam,store_review,Tower of Fantasy,2064650,review,216962650,,2026-01-27T18:17:13+00:00,2026-09-20T17:46:39.339103+00:00,,"This game is fun, the Gacha System is very good for F2P Players with being able to get almost 300 summons in a week without spending more then 10 hours on the game, the graphics look amazing (maybe its just me since I use Max settings on everything), it runs smooth, battles are not too hard or unbalanced, and overall amazing open world exploration. 10/10 Game!",https://steamcommunity.com/app/2064650/reviews/,english,True,,0,0,30.6,"{""app_id"": 2064650, ""app_name"": ""Tower of Fantasy"", ""received_for_free"": false, ""role"": ""focal"", ""steam_purchase"": true}"
2439270c6d4ef7c2cb04,steam,store_review,Tower of Fantasy,2064650,review,217082935,,2026-01-29T10:15:46+00:00,2026-09-20T17:46:39.339079+00:00,,a truly Massive and fun game,https://steamcommunity.com/app/2064650/reviews/,english,True,,0,0,68.2,"{""app_id"": 2064650, ""app_name"": ""Tower of Fantasy"", ""received_for_free"": false, ""role"": ""focal"", ""steam_purchase"": true}"
7762c10702d1fa69f35f,steam,store_review,Tower of Fantasy,2064650,review,217188989,,2026-01-30T19:35:24+00:00,2026-09-20T17:46:39.339059+00:00,,"honestly, this game is annoying. Somehow, my data got lost so now i have to start all over on this game. All the legendary characters i had are all gone. Wouldn't recommend a game where your account will suddenly vanish",https://steamcommunity.com/app/2064650/reviews/,english,False,,0,0,16.2,"{""app_id"": 2064650, ""app_name"": ""Tower of Fantasy"", ""received_for_free"": false, ""role"": ""focal"", ""steam_purchase"": true}"
35168150b3dccb837aca,steam,store_review,Tower of Fantasy,2064650,review,217205338,,2026-01-30T23:02:42+00:00,2026-09-20T17:46:39.339037+00:00,,Good to play,https://steamcommunity.com/app/2064650/reviews/,english,True,,0,0,3.4,"{""app_id"": 2064650, ""app_name"": ""Tower of Fantasy"", ""received_for_free"": false, ""role"": ""focal"", ""steam_purchase"": true}"
38ebd988faf663dd633a,steam,store_review,Tower of Fantasy,2064650,review,217219629,,2026-01-31T03:17:48+00:00,2026-09-20T17:46:39.339015+00:00,,"Terrible optimization for linux. Major lags every 2 seconds on average, on any settings, on any proton/compatibility tool. RTX 3090.",https://steamcommunity.com/app/2064650/reviews/,english,False,,1,0,1.5,"{""app_id"": 2064650, ""app_name"": ""Tower of Fantasy"", ""received_for_free"": false, ""role"": ""focal"", ""steam_purchase"": true}"
e6535814d2cad27e33b8,steam,store_review,Tower of Fantasy,2064650,review,217319772,,2026-02-01T06:51:41+00:00,2026-09-20T17:46:39.338995+00:00,,Most people thumbing down are those that lost their account after the publisher changed and didnt give the warped server a chance..,https://steamcommunity.com/app/2064650/reviews/,english,True,,3,0,37.6,"{""app_id"": 2064650, ""app_name"": ""Tower of Fantasy"", ""received_for_free"": false, ""role"": ""focal"", ""steam_purchase"": true}"
39657a312a52820698b3,steam,store_review,Tower of Fantasy,2064650,review,217329240,,2026-02-01T10:05:19+00:00,2026-09-20T17:46:39.338975+00:00,,"Yet another pretty and crap game... 1. The game puts me on the asian server as default, even if I live in the middle of Europe. 2. Game stutters and lags, no matter what server used, Asian, Europe 3. On the ""non pull / gotcha server"" game lags so much it's unplayable 4. The game is barely fun, the one part of it that is fun - exploration, it's beautiful, however, everything else is mediocre at the best. 5. Typical “questing” experience where you are forced to “watch” movies of bs going that I could not be paid enough to care about. 6. Cannot change character gender, which is weird… Even on my “personality sheet” it states, wrongly, that I myself am a female… Why? 7. You cannot adjust the chest side on the “non gatcha” server in Europe… I mean, wtf are they doing? I honestly do not understand what is the point of building a beautiful world like this and then turning it into this garbage dumpster fire of the game… Like, why? Game was released in Oct 2022, review being written in Feb 2026, the fact that it lags so much tells me the priorities of this game / company behind it is to create and keep “barely functioning, barely fun, pretty waifu game”, that is just interesting enough not to disconnect and boring enough to make you spend money to get endorphins in game. Bloody shame",https://steamcommunity.com/app/2064650/reviews/,english,False,,9,1,10.9,"{""app_id"": 2064650, ""app_name"": ""Tower of Fantasy"", ""received_for_free"": false, ""role"": ""focal"", ""steam_purchase"": true}"
982299c775670190762e,steam,store_review,Tower of Fantasy,2064650,review,217441571,,2026-02-02T18:55:59+00:00,2026-09-20T17:46:39.338940+00:00,,"Obligatory gacha game bad review But also my account was ""lost"" in the migration from the old platform. That's great. I did actually enjoy the gameplay and exploration of this game before it became a p2w gacha fest. I would have liked to play it again on and off but there is no way I'm losing hundreds of dollars of an account due to bad account practices.",https://steamcommunity.com/app/2064650/reviews/,english,False,,2,0,2.3,"{""app_id"": 2064650, ""app_name"": ""Tower of Fantasy"", ""received_for_free"": false, ""role"": ""focal"", ""steam_purchase"": true}"
c6800eeacc89e11b6f4e,steam,store_review,Tower of Fantasy,2064650,review,217453412,,2026-02-02T22:03:52+00:00,2026-09-20T17:46:39.338917+00:00,,pay to win,https://steamcommunity.com/app/2064650/reviews/,english,False,,3,0,1.3,"{""app_id"": 2064650, ""app_name"": ""Tower of Fantasy"", ""received_for_free"": false, ""role"": ""focal"", ""steam_purchase"": true}"
a9e0e86de8e96bd70b5a,steam,store_review,Tower of Fantasy,2064650,review,217469745,,2026-02-03T04:06:48+00:00,2026-09-20T17:46:39.338898+00:00,,its really nice and really fun i love the way you can send the enemies in the air and SLAM em back down!. if i had to want something i would like more accessibility with banners. maybe sum like a wish list where you can rate Up the characters you want instead of Waiting. i think itll make the game stand out against other Gacha games,https://steamcommunity.com/app/2064650/reviews/,english,True,,1,0,10.9,"{""app_id"": 2064650, ""app_name"": ""Tower of Fantasy"", ""received_for_free"": false, ""role"": ""focal"", ""steam_purchase"": true}"
02d05a9d80ffc03c8103,steam,store_review,Tower of Fantasy,2064650,review,217483543,,2026-02-03T10:45:50+00:00,2026-09-20T17:46:39.338875+00:00,,I Like Tower of Fantasy,https://steamcommunity.com/app/2064650/reviews/,english,True,,0,0,2.3,"{""app_id"": 2064650, ""app_name"": ""Tower of Fantasy"", ""received_for_free"": false, ""role"": ""focal"", ""steam_purchase"": true}"
613cd3f864546ad01e96,steam,store_review,Tower of Fantasy,2064650,review,217515334,,2026-02-03T20:32:32+00:00,2026-09-20T17:46:39.338855+00:00,,I've been having a lot of fun with this game so far.,https://steamcommunity.com/app/2064650/reviews/,english,True,,1,0,19.4,"{""app_id"": 2064650, ""app_name"": ""Tower of Fantasy"", ""received_for_free"": false, ""role"": ""focal"", ""steam_purchase"": true}"
22feb89ea941a5b13268,steam,store_review,Tower of Fantasy,2064650,review,217587393,,2026-02-04T22:00:47+00:00,2026-09-20T17:46:39.338834+00:00,,"I played Tower for a long time, I was very active, but in early 2025 I joined the army and after I was discharged and returned home in 2026, when I went to play the game, I discovered that my account had been deleted and all my efforts had been erased. They didn't send me an email or anything. I'm just disappointed and will probably never play the game again. Thank you!",https://steamcommunity.com/app/2064650/reviews/,english,False,,65,0,6.4,"{""app_id"": 2064650, ""app_name"": ""Tower of Fantasy"", ""received_for_free"": false, ""role"": ""focal"", ""steam_purchase"": true}"
279c6495dbb3851762f4,steam,store_review,Tower of Fantasy,2064650,review,217607440,,2026-02-05T05:54:01+00:00,2026-09-20T17:46:39.338811+00:00,,Right stick camera control breaks every time I play.,https://steamcommunity.com/app/2064650/reviews/,english,False,,0,0,4.1,"{""app_id"": 2064650, ""app_name"": ""Tower of Fantasy"", ""received_for_free"": false, ""role"": ""focal"", ""steam_purchase"": true}"
c0e658779465f2a8f12f,steam,store_review,Tower of Fantasy,2064650,review,217630171,,2026-02-05T14:47:56+00:00,2026-09-20T17:46:39.338791+00:00,,I enjoy the fight and traveling to new places finding all the wonderful spheres ect.. It's so much fun.,https://steamcommunity.com/app/2064650/reviews/,english,True,,2,0,23.7,"{""app_id"": 2064650, ""app_name"": ""Tower of Fantasy"", ""received_for_free"": false, ""role"": ""focal"", ""steam_purchase"": true}"
293052173525b7699dba,steam,store_review,Tower of Fantasy,2064650,review,217738119,,2026-02-07T00:33:03+00:00,2026-09-20T17:46:39.338770+00:00,,"This open-world game has some of the best parkour exploration, lore, and character design. It has a huge active community. It has those new servers without the gacha mechanic which is what I now play it on. Give this game a try if you've been holding out. I mean it, it seriously has incredible exploration. I'd recommend you stick to the story until you get into the gigantic city. Buildings are literally a mile tall and the city is utterly massive with tons of corners to explore. This game is also not shy about making alluring characters and the voice acting is good. The combat is also good. You also don't have to build a factory nor go through 9001 tutorials like that endfield game that just came out.",https://steamcommunity.com/app/2064650/reviews/,english,True,,7,1,55.5,"{""app_id"": 2064650, ""app_name"": ""Tower of Fantasy"", ""received_for_free"": false, ""role"": ""focal"", ""steam_purchase"": true}"
d03ae23e943507819631,steam,store_review,Tower of Fantasy,2064650,review,217762128,,2026-02-07T09:14:21+00:00,2026-09-20T17:46:39.338741+00:00,,кусок говна,https://steamcommunity.com/app/2064650/reviews/,english,False,,2,0,77.7,"{""app_id"": 2064650, ""app_name"": ""Tower of Fantasy"", ""received_for_free"": false, ""role"": ""focal"", ""steam_purchase"": true}"
b3e12d848d6825e2cdab,steam,store_review,Tower of Fantasy,2064650,review,217801078,,2026-02-07T19:17:24+00:00,2026-09-20T17:46:39.338668+00:00,,it is amazing,https://steamcommunity.com/app/2064650/reviews/,english,True,,0,0,19.9,"{""app_id"": 2064650, ""app_name"": ""Tower of Fantasy"", ""received_for_free"": false, ""role"": ""focal"", ""steam_purchase"": true}"
7f77b59f68b23b411c61,steam,store_review,Tower of Fantasy,2064650,review,217852398,,2026-02-08T11:20:03+00:00,2026-09-20T17:46:39.338648+00:00,,DO NOT PLAY THIS GAME IT RETCONS EVERY THING EVERY COUPLE OF PATCHES IT IS NOT A GOOD GAME THE DEVS ARE CONSTANTLY TRYING TO DESTROY IT (it can be fun cause of the weapons being able to go on any character but still),https://steamcommunity.com/app/2064650/reviews/,english,False,,4,0,18.8,"{""app_id"": 2064650, ""app_name"": ""Tower of Fantasy"", ""received_for_free"": false, ""role"": ""focal"", ""steam_purchase"": true}"
583fef722a923cd4eada,steam,store_review,Tower of Fantasy,2064650,review,217892627,,2026-02-08T20:17:49+00:00,2026-09-20T17:46:39.338627+00:00,,❤️,https://steamcommunity.com/app/2064650/reviews/,english,True,,0,0,1771.4,"{""app_id"": 2064650, ""app_name"": ""Tower of Fantasy"", ""received_for_free"": false, ""role"": ""focal"", ""steam_purchase"": true}"
4bd2dc7d5cdadb83a084,steam,store_review,Tower of Fantasy,2064650,review,218048735,,2026-02-11T02:47:32+00:00,2026-09-20T17:46:39.338607+00:00,,Actually a pretty fun and very vibrant game and looks incredible at maximum graphics. Only issue is that there isn't proper controller support so buttons just randomly stop working which forces you to restart the game and restarting often doesn't fix the issue either. Doesn't really make sense considering this game is on consoles too.,https://steamcommunity.com/app/2064650/reviews/,english,True,,3,0,3.8,"{""app_id"": 2064650, ""app_name"": ""Tower of Fantasy"", ""received_for_free"": false, ""role"": ""focal"", ""steam_purchase"": true}"
09fc77189d2934711147,steam,store_review,Tower of Fantasy,2064650,review,218066871,,2026-02-11T10:27:37+00:00,2026-09-20T17:46:39.338585+00:00,,Nice and relaxing game. Love the graphics!♥,https://steamcommunity.com/app/2064650/reviews/,english,True,,0,0,225.9,"{""app_id"": 2064650, ""app_name"": ""Tower of Fantasy"", ""received_for_free"": false, ""role"": ""focal"", ""steam_purchase"": true}"
c961713670bd7868cffb,steam,store_review,Tower of Fantasy,2064650,review,218258155,,2026-02-14T00:13:05+00:00,2026-09-20T17:46:39.338564+00:00,,"Lost account and lost progress feels pretty bad. Not being notified feels worse and the worst part is that the game looks like it has had a lot of QoL updates and characters added. Welp, just one more GATCHA game to not play I suppose.",https://steamcommunity.com/app/2064650/reviews/,english,False,,8,1,0.5,"{""app_id"": 2064650, ""app_name"": ""Tower of Fantasy"", ""received_for_free"": false, ""role"": ""focal"", ""steam_purchase"": true}"
0f866b8c13a20d49dae4,steam,store_review,Tower of Fantasy,2064650,review,218355710,,2026-02-15T05:08:51+00:00,2026-09-20T17:46:39.338544+00:00,,"When this game first dropped. Myself and another friend played it for months. I don't have much hours in steam, but in the actual Launcher. And I was inactive for a few months and my entire account got deleted. I thought i was crazy. I had screenshots of my Account ID and everything and fought with support about it and they could not comprehand that I was wanting my account back.",https://steamcommunity.com/app/2064650/reviews/,english,False,,31,1,1.5,"{""app_id"": 2064650, ""app_name"": ""Tower of Fantasy"", ""received_for_free"": false, ""role"": ""focal"", ""steam_purchase"": true}"
c44fdd4aee657bbd971e,steam,store_review,Tower of Fantasy,2064650,review,218384368,,2026-02-15T14:09:09+00:00,2026-09-20T17:46:39.338522+00:00,,yessssss but new wrap server not gacha server,https://steamcommunity.com/app/2064650/reviews/,english,True,,0,0,394.1,"{""app_id"": 2064650, ""app_name"": ""Tower of Fantasy"", ""received_for_free"": false, ""role"": ""focal"", ""steam_purchase"": true}"
40c31f38279b1470b15e,steam,store_review,Tower of Fantasy,2064650,review,218500380,,2026-02-16T23:35:08+00:00,2026-09-20T17:46:39.338502+00:00,,"Lost everything, never got an email or a notification on the moving of data. This is not how a company should treat it's clients. I lost money due to this. I will never play ANY game from Perfect World ever again.",https://steamcommunity.com/app/2064650/reviews/,english,False,,11,0,6.0,"{""app_id"": 2064650, ""app_name"": ""Tower of Fantasy"", ""received_for_free"": false, ""role"": ""focal"", ""steam_purchase"": true}"
336159da7da2f92f8385,steam,store_review,Tower of Fantasy,2064650,review,218648961,,2026-02-18T20:30:28+00:00,2026-09-20T17:46:39.338448+00:00,,"Well...I used to play the game and decided I'd start it up again after a long time only to discover like many others that my character is gone, all the REAL money items I bought are gone. No email, no notice whatsoever. Terrible company and I would not recommend this to anyone. Actual thieves.",https://steamcommunity.com/app/2064650/reviews/,english,False,,27,0,0.4,"{""app_id"": 2064650, ""app_name"": ""Tower of Fantasy"", ""received_for_free"": false, ""role"": ""focal"", ""steam_purchase"": true}"
5ae7a09c3292cef29f81,steam,store_review,Tower of Fantasy,2064650,review,218660055,,2026-02-18T23:42:45+00:00,2026-09-20T17:46:39.338427+00:00,,Ive had to restart 3 times now because the stupid captcha system. At this point my money will go to a different game im good at this point.,https://steamcommunity.com/app/2064650/reviews/,english,False,,5,2,123.7,"{""app_id"": 2064650, ""app_name"": ""Tower of Fantasy"", ""received_for_free"": false, ""role"": ""focal"", ""steam_purchase"": true}"
8a707b2215c3790ab226,steam,store_review,Tower of Fantasy,2064650,review,218673180,,2026-02-19T04:12:57+00:00,2026-09-20T17:46:39.338408+00:00,,best game for kuuner,https://steamcommunity.com/app/2064650/reviews/,english,True,,0,0,60.2,"{""app_id"": 2064650, ""app_name"": ""Tower of Fantasy"", ""received_for_free"": false, ""role"": ""focal"", ""steam_purchase"": true}"
12fc742cb0f1729567e4,steam,store_review,Tower of Fantasy,2064650,review,218703247,,2026-02-19T15:18:01+00:00,2026-09-20T17:46:39.338389+00:00,,"Game died like 2 years ago, killed by their very own devs",https://steamcommunity.com/app/2064650/reviews/,english,False,,8,0,22.8,"{""app_id"": 2064650, ""app_name"": ""Tower of Fantasy"", ""received_for_free"": false, ""role"": ""focal"", ""steam_purchase"": true}"
4fd197174312c7bb2001,steam,store_review,Tower of Fantasy,2064650,review,218720411,,2026-02-19T19:28:26+00:00,2026-09-20T17:46:39.338369+00:00,,"This game genuinely bothers me. You do world bosses mainly for cosmetics, only to discover that the cosmetic shard you need (10 of them, by the way) is sent to a group auction where you must bid against other players. That means I can do the content correctly, repeatedly, and still lose the reward to someone with more gold (or whatever BS curency) and this is ON TOP of having encryption keys restricted to a handful per week to open said chests to begin with and get those cosmetic shards. This is just evil, the weeks and months that you would require to play to even, maybe, unlock one outfit. This is one of the most insidious systems I’ve ever seen in a game. I’ve never encountered a game so hell-bent on keeping cosmetics away from the player unless they either engage in gacha mechanics on a gacha server, which I hate for how gambling-oriented they are, or spend around $20 a month on skins I might not even like. I actually like some of the ideas here, the market, the life skills, but the auction system for cosmetic drops is where I draw the line, because whales and older players will abuse newer players of their cosmetic shard by outbidding them in auctions, and freeloading off their keys, they did damage the boss too after all. This is vile, wrong, and evil on a fundamental level to take advantage of starters like that with such a system, unless they do the boss solo. Make a proper cosmetic store. Price things reasonably. Most games I played keep a battle pass at 10$, here is 20$, encription keys still bother me as early keys go to someone who happened to play more than you did in exchange for change. This isn’t Silksong, it’s an attire skin you can’t even mix and match with other outfits. I wouldn’t mind logging in daily to slowly work toward cute outfits or meaningful upgrades. Instead, upgrading weapons just means chasing stats and numbers to unlock harder content, with cosmetics constantly kept out of reach. Speaking of working towards something, Anchors, there are the main PvE instance for farming modules, which are required to level weapons. That’s fine in theory. The problem is how the game introduces its progression path. Early on, players are naturally pushed into Joint Operations and Evolution Frontier, where single-target boss damage is prioritized. Most players will invest their upgrade materials into single-target DPS weapons because that’s what the early content rewards to get your basic gear to then upgrade. Later in the main story, Anchors are introduced and suddenly AoE damage becomes significantly more important. Single-target weapons, which the game encouraged you to upgrade earlier, have become useless in Anchors. Whether intentional or not, (definitely wouldnt create a problem to fix it by buying a pass or a resource pack) creates a frustrating experience where players is punished for following the natural flow of the game. It can easily lead to me heavily do additional grinding, miss out on anchor loot, or spending money to correct earlier content THAT THEY DESIGNED TO BE FIRST. In any other game I played, PoE, Diablo, Grimdawn, Stoneshard, what have you, you kill trash mobs, focus on AoE farming, get some stuff and then do bosses, It's backwards here for some reason. I cant believe I have more to add to this... but, there is this item that helps with that in the game called Reducing Agent, Description: Material needed for restoring weapon to pre-enchantment state. A reducing agent is needed for metal reduction and purification. When smelting enhanced weapons, adding a reducing agent can also restore the weapon to it's initial state. I hope you read that poorly transalted sentence, because it's not one level refund, it's not part of a later upgrade system to advance weapon to a next tier, or.. smelting? It's a reset to level one, HOWEVER, you also get refunded your invested resources to that point, and you can even get it for free once per month, but my brother in Chirst this is never explained ingame besides that broken description. I only found out because I hovered over a button, that doesnt even look interactable and clicked it to open the Reset Menu for a weapon that asked me for this Item and then showed the refunded items, what is this? I am mad, this should be fundamental knowledge given to the player to progress the game faster and get rid of early upgrades in the game that you made with the basic weapons, never explained, never told it exists. Could you please, devs, if you by a miracle read my review, change it to read: Resets your upgrades, and REFUNDS YOUR MATERIALS COMPLETELY in the upgrade menu for that weapon. Or anything closer to that. My God, having to edit this review again. Okay, I didn't want to bother mentioning this, but it's noticeable that the scaling with level is absolutely broken, because I used to do Anchors at level 40-ish with Flaming Revolver, +7,+early weapons, and still got 30 seconds left, now? I am using Scarlet Gale, a weapon that is made to deal more damage against groups of enemies, Star Oblivion, a weapon that deals 40% increased damage against basic units with no affinity, perfect for anchors, and Heartstream for cooldown reduction with double cast on normal ability, all on +10. I cant do the tier one anchors anymore that have small bots, (no affinity on them). Pure insanity, that I regressed. Their que system is broken, cant count beyond 30 and that is all I gonna say about it. They did add passive event currency that you can get without any que at least. Ticket a bug that my dash is disabled in MSQ and can only fix it if I relog? Answer :""Working as intended"" Ticket gets closed. Housing for solo players effectively does not exist. I can’t even evaluate whether the system is good or bad, because accessing it requires maintaining a large guild with a decay system. If your guild fails to generate enough currency, it becomes stagnant and is automatically deleted within two weeks, even after paying 500 Dark Crystals to create it. A solo guild is therefore not a viable option. This means that to experience the housing system at all, players must engage in forced social participation, joining guilds where leadership can remove them arbitrarily and invalidate their time investment. I will not do that. I choose to play solo, and no amount of content gating should require social compliance to access core systems. Once again, to date, I had not seen, a system like this in another game, and for obvious reasons. This is not about difficulty or balance; it is exclusion for its own sake, for the solo player or even small groups. Speaking of solo stuff, expansion packs (secondary gear upgrade item) are attached to give buffs and bonuses to your gear once you reach to level 55, but the only way to get them is to do group content. And it's not easy content that could be done solo, the bosses are scaled for group content, and need to defeat them within a time limit, on top of being six bosses to be fought back to back. So once again, if you are solo, and want those upgrades for your gear, unlucky, skill issue, try another game, and I am sure that some might want to tell me ""actually you can also get them if you become a mentor with the mentor special currency"" No. ""actually you can also buy them sometimes on the auction board if someone didnt buy the item drop"" Yes, items do get passed from the normal pool to the auction pool IF no one wants them, I am yet to see one be on sale tho, and even if they do, I imagine the price will be huge due to extreme scarcity for solo's. I genuinely want to like this game, but the greed and hostile design of this company is something I detest. And don't even dare telling me ""can be bought from the market"" there is a lack of cosmetic shards, some items have 3 TOTAL on the whole marketboard, so the other 7, good luck on the bidding or tell me ""it's anti RNG"", on what world are you? The item still drops by RNG, but with an auction on top of it.",https://steamcommunity.com/app/2064650/reviews/,english,False,,39,6,284.7,"{""app_id"": 2064650, ""app_name"": ""Tower of Fantasy"", ""received_for_free"": false, ""role"": ""focal"", ""steam_purchase"": true}"
8155f0d3e0dd1e13a9cd,steam,store_review,Tower of Fantasy,2064650,review,219048256,,2026-02-23T15:27:54+00:00,2026-09-20T17:46:39.338275+00:00,,if u have had a 2 year-ish break I wouldnt suggest redownloading/coming back unless u heard of the fact u need to transfer ur account n did that on time,https://steamcommunity.com/app/2064650/reviews/,english,False,,7,0,30.9,"{""app_id"": 2064650, ""app_name"": ""Tower of Fantasy"", ""received_for_free"": false, ""role"": ""focal"", ""steam_purchase"": true}"
18790033cec4ce980852,steam,store_review,Tower of Fantasy,2064650,review,219236740,,2026-02-26T01:14:16+00:00,2026-09-20T17:46:39.338254+00:00,,garbage,https://steamcommunity.com/app/2064650/reviews/,english,False,,1,0,0.3,"{""app_id"": 2064650, ""app_name"": ""Tower of Fantasy"", ""received_for_free"": false, ""role"": ""focal"", ""steam_purchase"": true}"
4a63da8b36ad0ae13603,steam,store_review,Tower of Fantasy,2064650,review,219243496,,2026-02-26T03:47:15+00:00,2026-09-20T17:46:39.338236+00:00,,"This is practically a phone game. Don't bother playing. If you told me this game was almost entirely made by AI I would believe you. Like I have a hard time giving a ♥♥♥♥ about literally any thing in this game. Every word spoken, every quest, every area just feels like its been done before to death and back and empty. Like void of reason or effort. I explored every nook and cranny until even the exploration became unappealing. Like it really doesn't matter if you're in a new area because the exploration is completing the same exact tasks in the same exact way in every new area. Oh and the amount of non functional cutscenes and missing dialogue when I quit playing this game was pretty bad. They prolly fixed most of those at this point but the last 25% of the game used to be plagued with it. There are so many games that do the same exact things better it's not even worth pissing on this one if it was on fire. Like Fart of the Wild, Genshin whatever and it's various clones, Zinless zip zap blap, Phantasy Star Pooline, uh... tbh any other MMO. Tree of Savior is better than this.",https://steamcommunity.com/app/2064650/reviews/,english,False,,3,0,61.2,"{""app_id"": 2064650, ""app_name"": ""Tower of Fantasy"", ""received_for_free"": false, ""role"": ""focal"", ""steam_purchase"": true}"
a5f3c359d2f7505fc635,steam,store_review,Tower of Fantasy,2064650,review,219253818,,2026-02-26T08:21:37+00:00,2026-09-20T17:46:39.338206+00:00,,"do this: ""a fully perfect world games developer-backed esports ecosystem built around Tower of Fantasy. Players would compete not only in traditional PvP tournaments, but across the entire spectrum of the game’s offerings—speedrunning challenges, story progression races, special events, and achievement hunts. This vision transforms Tower of Fantasy into a multi-format competitive arena, with structured ladders and rewards at every level: Daily & Weekly Challenges – Bite-sized competitions to keep engagement high and showcase skill consistency., Monthly & Seasonal Events – Larger-scale tournaments and themed challenges that highlight evolving metas and strategies., Yearly Playoffs – A grand stage where the best of the best converge, celebrating mastery across all formats and crowning true champions of Tower of Fantasy., By embracing every aspect of gameplay—PvP, PvE, speedrunning, and narrative progression—this esport would redefine what competitive gaming can look like. It’s not just about fighting; it’s about who can master the entire world of Tower of Fantasy.""",https://steamcommunity.com/app/2064650/reviews/,english,True,,2,0,188.9,"{""app_id"": 2064650, ""app_name"": ""Tower of Fantasy"", ""received_for_free"": false, ""role"": ""focal"", ""steam_purchase"": true}"
86bb2b089bec78ebce38,steam,store_review,Tower of Fantasy,2064650,review,219262902,,2026-02-26T12:00:38+00:00,2026-09-20T17:46:39.338178+00:00,,"ignore the other reviews, for the love of god please dont base your opinion of a game merely off of reviews. imo i havnt played much but this game is very fun. theres ALLOT of customization which i love. if youre the type of person who likes to make your character look awesome or cute and etc then this game is worth a try. the bad reviews mean nothing compared to your own experiences. the combat is fun, the world is huge. overall give it a chance dont let the other reviews dictate you.",https://steamcommunity.com/app/2064650/reviews/,english,True,,16,0,72.5,"{""app_id"": 2064650, ""app_name"": ""Tower of Fantasy"", ""received_for_free"": false, ""role"": ""focal"", ""steam_purchase"": true}"
b336bdb814c7c7773534,steam,store_review,Tower of Fantasy,2064650,review,219604647,,2026-03-02T02:59:25+00:00,2026-09-20T17:46:39.338154+00:00,,finally this game can be played on proton ❤️,https://steamcommunity.com/app/2064650/reviews/,english,True,,0,0,399.0,"{""app_id"": 2064650, ""app_name"": ""Tower of Fantasy"", ""received_for_free"": false, ""role"": ""focal"", ""steam_purchase"": true}"
41e73321c617ef8ae7ef,steam,store_review,Tower of Fantasy,2064650,review,219684227,,2026-03-03T03:56:41+00:00,2026-09-20T17:46:39.338135+00:00,,"Ok. So I'm about 60 hours into the game now. So, i can give a better view of the current game. For context I'm now level 75 and in the story I'm in the Matrix, aka: the network. I have been doing pretty much just the main story. Now i will say it starts off on point. Good voice acting. I can get behind the concept. I even thought it was interesting. As it progresses tho, Idk what happens. You stop talking and no more voice acting, Then other main ones don't talk anymore, but some side person will have voice acting. It becomes a mess. Idk if its a funding thing but. Hire some homeless person and offer them food or something. You can't just have all voice acting then it becomes a role of the dice who talks. Also some of the quest line is very confusing. Ill give examples. If you strictly follow what the game tells you is story progression. You start off needing to stop beams, but you stop 1 then go to like 5 planets and never do anything to other 3. Then come back to that area and got to go to some floating circus, but how do you get to it? Well who knows. it took me hours to figure out I had to climb a cable to sneak in. No direction just an arrow that shows you got to get to some floating city. my will alone kept me from stopping right there. Also network. OMG what a mess to find out how to get to certain areas. Also unlocking portals? They are mostly out of the way and if you arn't looking them, you will miss them only to find out you need to go back there 20 minutes later and oh, btw hope you like 30 minute runs because you forgot to grab the portal. In general portals should kind of be along the way of the story. They should not be their own side quest. That being said. The people are nice, there are some really fun things to do. The social aspect and some of the views are stunning. I like the back ground music in most areas. The vibe is there. The way you can customize looks of your Avatar is on point. Even got options others make you can copy. So all in all I can now see why the reviews are mixed. They got some things right and some things need work. What you view as important in these type of games will largely determine your view on it. If you like social stuff and high customization of your charter, you will like the game. if you like pretty views and huge open areas you will like it. if you like a good like FF online type story that is highly immersive, you will like it at 1st then be like wtf is happening rn? Did they fire the voice actors? Also if you don't like being lost and no clear path on how to get form 1 point to another you will get frustrated. This game is like WoW classic. You do not get a clear path on how to get to most places. If you like that challenge then you might find it a fun adventure to spend hours figuring out how to get to that yellow arrow it says you need to get to. Now I personally still find if worth playing, so I would recommend it. But, in saying that. this game is clearly not for everyone. As stated b4, depending on what you find important will determine if this game is for you or not",https://steamcommunity.com/app/2064650/reviews/,english,True,,3,0,99.6,"{""app_id"": 2064650, ""app_name"": ""Tower of Fantasy"", ""received_for_free"": false, ""role"": ""focal"", ""steam_purchase"": true}"
92e28e72027903f1560e,steam,store_review,Tower of Fantasy,2064650,review,219733401,,2026-03-03T19:32:30+00:00,2026-09-20T17:46:39.338088+00:00,,well its not p2w anymore,https://steamcommunity.com/app/2064650/reviews/,english,True,,1,0,64.2,"{""app_id"": 2064650, ""app_name"": ""Tower of Fantasy"", ""received_for_free"": false, ""role"": ""focal"", ""steam_purchase"": true}"
7753b82b9ccbc1cd9b91,steam,store_review,Tower of Fantasy,2064650,review,219852895,,2026-03-05T03:34:24+00:00,2026-09-20T17:46:39.338069+00:00,,.,https://steamcommunity.com/app/2064650/reviews/,english,False,,0,0,3.0,"{""app_id"": 2064650, ""app_name"": ""Tower of Fantasy"", ""received_for_free"": false, ""role"": ""focal"", ""steam_purchase"": true}"
0e9366f7ce7471f89d0e,steam,store_review,Tower of Fantasy,2064650,review,220089247,,2026-03-07T15:07:16+00:00,2026-09-20T17:46:39.338051+00:00,,"Good game, needs polish.",https://steamcommunity.com/app/2064650/reviews/,english,True,,1,0,82.9,"{""app_id"": 2064650, ""app_name"": ""Tower of Fantasy"", ""received_for_free"": false, ""role"": ""focal"", ""steam_purchase"": true}"
6971914c4b380a8bf123,steam,store_review,Tower of Fantasy,2064650,review,220300023,,2026-03-09T20:09:58+00:00,2026-09-20T17:46:39.338033+00:00,,Even after all this time since release the game is till janky and feels quite unfun to play. Even the warpped servers are just not it.,https://steamcommunity.com/app/2064650/reviews/,english,False,,1,0,166.1,"{""app_id"": 2064650, ""app_name"": ""Tower of Fantasy"", ""received_for_free"": false, ""role"": ""focal"", ""steam_purchase"": true}"
26bdba92bae3290d750f,steam,store_review,Tower of Fantasy,2064650,review,220396026,,2026-03-11T03:04:54+00:00,2026-09-20T17:46:39.338013+00:00,,Dad comes into the room and I ask how your CS game is going yyyy ....... Dad joins you to advise you how to play,https://steamcommunity.com/app/2064650/reviews/,english,True,,3,0,1.6,"{""app_id"": 2064650, ""app_name"": ""Tower of Fantasy"", ""received_for_free"": false, ""role"": ""focal"", ""steam_purchase"": true}"
ac054b51ef4ce1b114ab,steam,store_review,Tower of Fantasy,2064650,review,220541023,,2026-03-13T04:14:55+00:00,2026-09-20T17:46:39.337995+00:00,,i used to play the game when it first released and decided to come back today just to find out my account got deleted permanently what a joke not a single email got sent to me either,https://steamcommunity.com/app/2064650/reviews/,english,False,,25,2,76.2,"{""app_id"": 2064650, ""app_name"": ""Tower of Fantasy"", ""received_for_free"": false, ""role"": ""focal"", ""steam_purchase"": true}"
39eda4a4bdd7e6c1c93f,steam,store_review,Tower of Fantasy,2064650,review,220544026,,2026-03-13T05:33:21+00:00,2026-09-20T17:46:39.337976+00:00,,yes,https://steamcommunity.com/app/2064650/reviews/,english,True,,0,0,440.4,"{""app_id"": 2064650, ""app_name"": ""Tower of Fantasy"", ""received_for_free"": false, ""role"": ""focal"", ""steam_purchase"": true}"
e77354efe0c246940fbf,steam,store_review,Tower of Fantasy,2064650,review,220688793,,2026-03-14T21:46:59+00:00,2026-09-20T17:46:39.337958+00:00,,"At first this game may look great, but dont get caught in the trap. The game in general is i guess fine at you playing and just auto piloting but if you are thinking of a long term dont, just dont play it. I started playing it in patch 3.7 and it was ok, because back then you didnt have things which will attract only gooners. I am so disappointed in this game because of its gooner things theyve added recently. There are 8 women which are in their dorms and you can do things which just disgust me. From choosing what they wear to what you do is just straigh on gooner bait. Dont pick up this game. IT IS NOT WORTH YOUR TIME NOR MONEY. Also having the change gender option behind a paywall is just utterly ridiculous and petty. At least change it to the farmable ""Dark Crystal"" currency instead of the paid currency.",https://steamcommunity.com/app/2064650/reviews/,english,False,,3,3,77.7,"{""app_id"": 2064650, ""app_name"": ""Tower of Fantasy"", ""received_for_free"": false, ""role"": ""focal"", ""steam_purchase"": true}"
035b0379b337936a0bed,steam,store_review,Tower of Fantasy,2064650,review,220811849,,2026-03-16T10:11:49+00:00,2026-09-20T17:46:39.337933+00:00,,actually no because update takes too long,https://steamcommunity.com/app/2064650/reviews/,english,True,,5,0,3.2,"{""app_id"": 2064650, ""app_name"": ""Tower of Fantasy"", ""received_for_free"": false, ""role"": ""focal"", ""steam_purchase"": true}"
7dcdb4e7961c863ff0fb,steam,store_review,Tower of Fantasy,2064650,review,221050851,,2026-03-19T14:00:35+00:00,2026-09-20T17:46:39.337915+00:00,,Friendly F2P,https://steamcommunity.com/app/2064650/reviews/,english,True,,1,0,23.1,"{""app_id"": 2064650, ""app_name"": ""Tower of Fantasy"", ""received_for_free"": false, ""role"": ""focal"", ""steam_purchase"": true}"
10b3adb98e019678f632,steam,store_review,Tower of Fantasy,2064650,review,221051569,,2026-03-19T14:11:47+00:00,2026-09-20T17:46:39.337898+00:00,,"Took a break from ToF, decided to come back, ready to explore & get new toons . . . apparantly, last day to transfer legacy accounts to the new systems was April 15 . . . I had spent hundreds of dollars & unlocked almost all of 'then' characters, weapons, vehicles, apartment, relationships, matrixes, maxed everything out. Customer service apologized and said there is nothing they can do; I have to start all over again. - I don't think so. I am not farming those rare mobs again in 'hopes' that they drop the rare item to unlock vehicles, skins, etc. Sad day for myself & the game as I spend regularly. Uninstalling & never playing again.",https://steamcommunity.com/app/2064650/reviews/,english,False,,72,4,491.5,"{""app_id"": 2064650, ""app_name"": ""Tower of Fantasy"", ""received_for_free"": false, ""role"": ""focal"", ""steam_purchase"": true}"
610428064fcd1091ef49,steam,store_review,Tower of Fantasy,2064650,review,221138591,,2026-03-20T10:29:39+00:00,2026-09-20T17:46:39.337875+00:00,,"same issue as everyone else, played when first came out, took a break after reaching the end of the content come back six months later, account deleted.",https://steamcommunity.com/app/2064650/reviews/,english,False,,24,1,5.7,"{""app_id"": 2064650, ""app_name"": ""Tower of Fantasy"", ""received_for_free"": false, ""role"": ""focal"", ""steam_purchase"": true}"
be3b23a4b4cf7f50861d,steam,store_review,Tower of Fantasy,2064650,review,221196897,,2026-03-20T20:39:59+00:00,2026-09-20T17:46:39.337857+00:00,,THIS GAME IS SOOOO GOOOD,https://steamcommunity.com/app/2064650/reviews/,english,True,,1,0,186.9,"{""app_id"": 2064650, ""app_name"": ""Tower of Fantasy"", ""received_for_free"": false, ""role"": ""focal"", ""steam_purchase"": true}"
7069b20b0c50e380e4cd,steam,store_review,Tower of Fantasy,2064650,review,221336308,,2026-03-22T01:45:08+00:00,2026-09-20T17:46:39.337839+00:00,,"I used to play with my friend for fun before, and now I've decided to return to see all the new things, only to find all my things got deleted. 🙃 thnx",https://steamcommunity.com/app/2064650/reviews/,english,False,,3,0,46.0,"{""app_id"": 2064650, ""app_name"": ""Tower of Fantasy"", ""received_for_free"": false, ""role"": ""focal"", ""steam_purchase"": true}"
c2a2d76e28cfcf4cdfb4,steam,store_review,Tower of Fantasy,2064650,review,221484032,,2026-03-23T12:53:13+00:00,2026-09-20T17:46:39.337819+00:00,,good stuff warp server is nice :),https://steamcommunity.com/app/2064650/reviews/,english,True,,3,0,71.0,"{""app_id"": 2064650, ""app_name"": ""Tower of Fantasy"", ""received_for_free"": false, ""role"": ""focal"", ""steam_purchase"": true}"
c02f55e777b7d61186bd,steam,store_review,Tower of Fantasy,2064650,review,221530041,,2026-03-23T22:45:55+00:00,2026-09-20T17:46:39.337802+00:00,,"Took a longer break, came back and saw just like many others say here, that my character was deleted. I also never got an E-Mail about the transfer. Thankfully didn't put in much money but so many hours and all lost. No thank you",https://steamcommunity.com/app/2064650/reviews/,english,False,,5,0,2.1,"{""app_id"": 2064650, ""app_name"": ""Tower of Fantasy"", ""received_for_free"": false, ""role"": ""focal"", ""steam_purchase"": true}"
d793b75cbb0e0eede96a,steam,store_review,Tower of Fantasy,2064650,review,221633079,,2026-03-25T03:42:33+00:00,2026-09-20T17:46:39.337783+00:00,,"lowkey don't remember playing this game, but genshin clones will always be peak.",https://steamcommunity.com/app/2064650/reviews/,english,True,,2,1,35.7,"{""app_id"": 2064650, ""app_name"": ""Tower of Fantasy"", ""received_for_free"": false, ""role"": ""focal"", ""steam_purchase"": true}"
2d14ef50038c983ed30c,steam,store_review,Tower of Fantasy,2064650,review,221784953,,2026-03-26T23:11:11+00:00,2026-09-20T17:46:39.337766+00:00,,good game,https://steamcommunity.com/app/2064650/reviews/,english,True,,0,0,0.6,"{""app_id"": 2064650, ""app_name"": ""Tower of Fantasy"", ""received_for_free"": false, ""role"": ""focal"", ""steam_purchase"": true}"
03a99c11a51fc8417249,steam,store_review,Tower of Fantasy,2064650,review,221804903,,2026-03-27T06:12:00+00:00,2026-09-20T17:46:39.337748+00:00,,Played since beta. Game launcher has a problem and will take 5-10 trys to launch game. Story is ok but has gotten worse with newer updates.,https://steamcommunity.com/app/2064650/reviews/,english,False,,0,0,52.9,"{""app_id"": 2064650, ""app_name"": ""Tower of Fantasy"", ""received_for_free"": false, ""role"": ""focal"", ""steam_purchase"": true}"
7e0f28b4eaf2020ce59b,steam,store_review,Tower of Fantasy,2064650,review,221867806,,2026-03-27T22:44:20+00:00,2026-09-20T17:46:39.337729+00:00,,good,https://steamcommunity.com/app/2064650/reviews/,english,True,,1,0,4.5,"{""app_id"": 2064650, ""app_name"": ""Tower of Fantasy"", ""received_for_free"": false, ""role"": ""focal"", ""steam_purchase"": true}"
5708e68449c94d7d6013,steam,store_review,Tower of Fantasy,2064650,review,222052590,,2026-03-29T20:45:25+00:00,2026-09-20T17:46:39.337711+00:00,,no,https://steamcommunity.com/app/2064650/reviews/,english,False,,1,0,2.9,"{""app_id"": 2064650, ""app_name"": ""Tower of Fantasy"", ""received_for_free"": false, ""role"": ""focal"", ""steam_purchase"": true}"
89163752ba9f92414151,steam,store_review,Tower of Fantasy,2064650,review,222142601,,2026-03-31T00:42:56+00:00,2026-09-20T17:46:39.337691+00:00,,I loved this game.. well.. untill they wiped my account and I lost all my characters. Dev's couldn't help me and on top of that they were rude. so goodbye forever ToF..,https://steamcommunity.com/app/2064650/reviews/,english,False,,36,4,2.5,"{""app_id"": 2064650, ""app_name"": ""Tower of Fantasy"", ""received_for_free"": false, ""role"": ""focal"", ""steam_purchase"": true}"
0757bd4418268b28a93a,steam,store_review,Tower of Fantasy,2064650,review,222162026,,2026-03-31T08:47:17+00:00,2026-09-20T17:46:39.337672+00:00,,"account gone, ♥♥♥♥ them",https://steamcommunity.com/app/2064650/reviews/,english,False,,6,0,17.4,"{""app_id"": 2064650, ""app_name"": ""Tower of Fantasy"", ""received_for_free"": false, ""role"": ""focal"", ""steam_purchase"": true}"
0afba45162491b49abdf,steam,store_review,Tower of Fantasy,2064650,review,222338755,,2026-04-02T16:35:00+00:00,2026-09-20T17:46:39.337651+00:00,,"open world, best for relax. Suitable for gen x, y and z to play this game, because they know how to overcome bugs and work around it. lol",https://steamcommunity.com/app/2064650/reviews/,english,True,,3,0,236.9,"{""app_id"": 2064650, ""app_name"": ""Tower of Fantasy"", ""received_for_free"": false, ""role"": ""focal"", ""steam_purchase"": true}"
85717d1ccda4b8dfbd13,steam,store_review,Tower of Fantasy,2064650,review,222339210,,2026-04-02T16:41:49+00:00,2026-09-20T17:46:39.337568+00:00,,Its from the same studio as my second favorite gacha game NTE. I'll recommend this only for that,https://steamcommunity.com/app/2064650/reviews/,english,True,,0,0,0.9,"{""app_id"": 2064650, ""app_name"": ""Tower of Fantasy"", ""received_for_free"": false, ""role"": ""focal"", ""steam_purchase"": true}"
ba6fa30ddb994d588177,steam,store_review,Tower of Fantasy,2064650,review,222536099,,2026-04-04T23:11:19+00:00,2026-09-20T17:46:39.337450+00:00,,"oh great i though ill come back to the game after a while yeah? and what do i see my account that i spent on almost a 500 euro its got deleted! great fcking job yeah you fcking devs i dont give a dam that you guys given a ""Warning"" to transfer your acc but!! here comes the BUT! if you know that your bullsh1t will cause trouble then do something right about it! for this NEGATIVE -100000 i will not start this ♥♥♥♥ over again suck a d with lot of c... Pathetic...",https://steamcommunity.com/app/2064650/reviews/,english,False,,1,0,31.1,"{""app_id"": 2064650, ""app_name"": ""Tower of Fantasy"", ""received_for_free"": false, ""role"": ""focal"", ""steam_purchase"": true}"
fca5d67b6991d0e8ba00,steam,store_review,Tower of Fantasy,2064650,review,222543940,,2026-04-05T01:44:16+00:00,2026-09-20T17:46:39.337425+00:00,,"Played at release, ~200 hours over a few months. But stopped playing bc of lack of polish. Imagine my surprise when they announced a soft reboot/global warp server, & none of these issues were fixed. This game died from a thousand papercuts when it first came out, & it’ll happen again. First, both systems are unoptimized. No dedicated keybinds for many of the buttons on pc, & all of the tutorials say “tap.” But the mobile port looks very bad. ENG voice acting is awful, and I heard it doesn’t improve. It’s clear the VAs aren’t shown what’s happening on screen. Sometimes delivery *is* good emotionally, but it doesn’t *match* what’s happening in the scene (most apparent with fight scenes). I don’t think they give the lines of the other char they’re supposed to be talking to, either, bc some back & forth dialogue just sounds super stiff/repetitive. One char is just text-to-speech. While I could tell ppl to use the CN/JP voice acting, the small text sometimes overlaps w/ each other so it’s unreadable, & gets cut off if it’s too long, so if you care about the story then ENG va is kinda required. Now I actually think the worldbuilding is strong compared to other gachas. But not how it’s presented, & that’s the snake eating its own tail. Bc the story is presented so poorly, ppl stopped caring about it, & bc existing players don’t care about the story anymore, Hotta doesn’t bother trying to make the story better. Thus, new players who actually DO care about story are turned off from the game. Rinse & repeat, & the story will never improve. Same thing with the ENG voice acting. Early character design was bad. It did that mecha sci-fi thing where chars just have mishmashed pieces of plastic on them & weird metal abs. Going from genshin—which basically *mastered* gacha char color palettes, accessories, & silhouette harmony—to ToF was painful. They’ve improved, but keep in mind that the early chars will be eyesores. There’s also legitimately zero dark-skinned chars. Even Genshin has a few. Char integration in the story is bad. Now that gacha is gone, maybe they’re trying to go for a Warframe-like story system, where side quests are where you learn about playable chars’ lore, & their involvement in the main story is kept to a minimum. This is fine, but it sticks out like a sore thumb for ToF’s genre (anime rpg). It’s just so hard to feel connected to any of the chars. Ex: the first playable char you meet in the main story (NOT counting Shirli bc she wasn’t playable at game release) was King, & his introduction doesn’t do him justice. He’s the announcer for a fight ring, & his only purpose is to explain the rules & who your opponents are. After this 1 minute of talking he never appears again. Instead of only making him the announcer, they should have also made him your final opponent, giving a story twist & making him look cooler. UI is still bad. You have to navigate through like three menus just to fish, the menu with all your options still looks bad even with the redesign. The buttons are in groups, except the group labels are tiny & tucked in all the way to the right of the menu. These labels don’t pop out & your eyes have to actively be searching for them. Settings is still disorganized & no borders/containers dividing each setting. After months I still didn’t understand how most of the menus worked/what they did. Maps for some areas are unreadable bc they don’t show elevation well. It’s worse when places overlap, so you end up tracking a quest & it’ll be miles above you with no obvious route to get to it. Map doesn’t show how things are connected elevation-wise, or where you can teleport to get to the place you wanna go to. Side modes are half-baked. There’s a housing & pet system, except you can’t customize the furniture in your house, nor can you interact with your pet beyond putting food in its bowl. It can’t follow you, can’t roam around the house, & will leave if you forget to feed it. Which, since you can’t do much with it, you will probably forget it exists. There’s also a “custom island” system in the gacha server, sort of like Genshin’s housing. Except once again, you can’t actually build any custom buildings/furniture. It’s more of a town idle game where you build a chosen set of uncustomizable shops in certain spots, & you can get resources from them at intervals. The warp server then removed this island gamemode. Sound design is fair except everything sounds slightly muffled/far away from the mic. Bc so many enemies have shields, you hear the same plastic-hitting sound for a while, getting bored. Relatedly, combat stales towards midgame, since so many enemies have shields & just tank your hits. Doing this over & over gets boring, & the visual effects/rewards weren’t enough to keep me hooked. There’s actually a fair amount of depth to combat; there’s a lot of combos each char can thread together. The issue is the content isn’t hard enough to justify doing anything beyond button-mashing, & I don’t really know if the endgame modes have enough depth to make you learn combos instead of simply getting/upgrading better chars. Genshin was similar—it feigned combat depth by putting timers on everything & made you “learn combos” that would kill enemies faster. In reality, it just made you hug the enemy, press the same buttons but faster, & tested how much rng you were willing to put up with. Gacha: I might be dumb but the new server still has gacha—it’s just streamlined. You farm rift shards which let you pull for a char/weapon, & the one you get is random. The banners aren’t timed, but rift shards can still be *BOUGHT* with real money. This is literally gacha, & the only gacha they completely removed was for matrixes (genshin artifacts). Finally, they removed the daily feature where you could hide a device on the map for resources & other players could steal it. Not a big deal, but it was cute. Positives: ToF mastered *scale.* Every environment truly feels vast, like you *are* exploring an unknown world, but not so big that it’s overwhelming, & not too empty it’s underwhelming. This is a very hard thing to get right, & even though Genshin/WuWa/BotW does this very well, there are many times in these games where areas feel smaller than they should be (like Genshin relies a lot on the same lighting tricks to give the *illusion* of far-ness). But I have never experienced this in ToF, & everything feels *vast,* without your char feeling small/invisible. When you start approaching Mirroria, you can’t help but stop & marvel at how you *are* actually stepping into a giant, floating city that feels size-accurate to when you’re also in the city itself. I don’t doubt other regions look equally as amazing. Worldbuilding. I actually think the worldbuilding is the best out of any gacha. It has a lot of outer space nonsense, but doesn’t have so many roaming parts that it becomes hard to follow (like HSR). It deals with a post-apocalyptic world, but the world does not look bleak or dreary. It’s similar to BotW in that it’s bright & beautiful, which actually makes you want to explore rather than creep around in a dark, broken environment. There’s a sense of emptiness to it, like after the disaster, nature reclaimed what were once civilizations. Ppl still live worrying about radiation & lack of resources, but everyone did their best to makeshift and go on with their lives. There’s a sense of hope & renewal that most similar games don’t have. [b]TLDR; ToF excels at few & is bad at many. *I do not believe that powercreep was what killed the game,* since it started dying even before powercreep, & other games have bad powercreep & are still popular (like HSR, again). What is killing it is lack of polish & devs that don’t understand how small issues can break your game if they’re compounded. The warp server changes little & the issues that casual players feel the most are still there. Bc of this, ToF will continue to be unable to hook in new players.[/b]",https://steamcommunity.com/app/2064650/reviews/,english,False,,16,0,10.2,"{""app_id"": 2064650, ""app_name"": ""Tower of Fantasy"", ""received_for_free"": false, ""role"": ""focal"", ""steam_purchase"": true}"
ea1c1244b524e4a56b8d,steam,store_review,Tower of Fantasy,2064650,review,222606936,,2026-04-05T19:00:12+00:00,2026-09-20T17:46:39.337323+00:00,,.,https://steamcommunity.com/app/2064650/reviews/,english,True,,2,0,93.8,"{""app_id"": 2064650, ""app_name"": ""Tower of Fantasy"", ""received_for_free"": false, ""role"": ""focal"", ""steam_purchase"": true}"
e68901ab877d55e19f5b,steam,store_review,Tower of Fantasy,2064650,review,222860193,,2026-04-09T07:26:46+00:00,2026-09-20T17:46:39.337305+00:00,,all around good game must have for anyone looking to pass the time. game gives you a positive attitude and the story is amazing,https://steamcommunity.com/app/2064650/reviews/,english,True,,2,0,26.0,"{""app_id"": 2064650, ""app_name"": ""Tower of Fantasy"", ""received_for_free"": false, ""role"": ""focal"", ""steam_purchase"": true}"
a44e8231a8de3f71ad3c,steam,store_review,Tower of Fantasy,2064650,review,223250762,,2026-04-14T16:02:39+00:00,2026-09-20T17:46:39.337287+00:00,,"Terrible performance, terrible devs, and terrible account management. Don't waste your time. Seriously. This game is bound to be cancelled in just a few years; AT BEST...",https://steamcommunity.com/app/2064650/reviews/,english,False,,3,0,2.2,"{""app_id"": 2064650, ""app_name"": ""Tower of Fantasy"", ""received_for_free"": false, ""role"": ""focal"", ""steam_purchase"": true}"
5d66759598987ac035cd,steam,store_review,Tower of Fantasy,2064650,review,223484956,,2026-04-17T22:43:14+00:00,2026-09-20T17:46:39.337266+00:00,,"After the so-called “migration” in ToF, the account situation became genuinely problematic. This was not a simple update or server transfer — it was effectively a publisher and infrastructure change, where old accounts were not automatically preserved. Players had to manually complete a data transfer process within a limited time window. Some managed to do it in time, but a significant portion of the player base simply lost access to their accounts: characters, progress, and purchases became unavailable with no real chance of recovery. At the same time, part of the users did not even receive clear notifications or proper instructions. As a result, instead of a unified system, there is a split between the “old” and “new” versions of the game, and instead of a transparent migration, there is data loss for some players and confusion with login systems. If the project is positioned as an MMO with long-term progression, such transitions should either be fully automatic or significantly more reliable. In its current state, it feels like a risky and poorly implemented system where responsibility for account preservation was effectively shifted onto the player.",https://steamcommunity.com/app/2064650/reviews/,english,False,,3,0,13.1,"{""app_id"": 2064650, ""app_name"": ""Tower of Fantasy"", ""received_for_free"": false, ""role"": ""focal"", ""steam_purchase"": true}"
419883d50be81c4d12a5,steam,store_review,Tower of Fantasy,2064650,review,223493154,,2026-04-18T01:31:52+00:00,2026-09-20T17:46:39.337228+00:00,,It's a decent game from what I have played so far. But it's plagued by so many bugs that shouldn't be there. Like the fact i'll just stop behind able to rotate the camera. Or get locked being a tip screen without being able to close it.,https://steamcommunity.com/app/2064650/reviews/,english,False,,5,0,23.2,"{""app_id"": 2064650, ""app_name"": ""Tower of Fantasy"", ""received_for_free"": false, ""role"": ""focal"", ""steam_purchase"": true}"
7ec5f7da2c8aa71f6314,steam,store_review,Tower of Fantasy,2064650,review,223651634,,2026-04-19T19:13:15+00:00,2026-09-20T17:46:39.337181+00:00,,EOS!,https://steamcommunity.com/app/2064650/reviews/,english,False,,2,0,1737.1,"{""app_id"": 2064650, ""app_name"": ""Tower of Fantasy"", ""received_for_free"": false, ""role"": ""focal"", ""steam_purchase"": true}"
dab0211aa4f66e2f3d5a,steam,store_review,Tower of Fantasy,2064650,review,223802736,,2026-04-21T20:56:06+00:00,2026-09-20T17:46:31.669649+00:00,,These negative reviews are bunk. Game is solid.,https://steamcommunity.com/app/2064650/reviews/,english,True,,1,0,1.6,"{""app_id"": 2064650, ""app_name"": ""Tower of Fantasy"", ""received_for_free"": false, ""role"": ""focal"", ""steam_purchase"": true}"
b3bdc4173b64ec59ee8f,steam,store_review,Tower of Fantasy,2064650,review,223936155,,2026-04-23T20:43:59+00:00,2026-09-20T17:46:31.669634+00:00,,"I'm obsessed with this game! The gacha component is really not bad at all, I've put no money into the game and I'm still having a great time!",https://steamcommunity.com/app/2064650/reviews/,english,True,,0,0,227.8,"{""app_id"": 2064650, ""app_name"": ""Tower of Fantasy"", ""received_for_free"": false, ""role"": ""focal"", ""steam_purchase"": true}"
1a6e411598a864065018,steam,store_review,Tower of Fantasy,2064650,review,223984377,,2026-04-24T15:01:20+00:00,2026-09-20T17:46:31.669618+00:00,,I love this game it's so much better than the rest!,https://steamcommunity.com/app/2064650/reviews/,english,True,,1,0,124.3,"{""app_id"": 2064650, ""app_name"": ""Tower of Fantasy"", ""received_for_free"": false, ""role"": ""focal"", ""steam_purchase"": true}"
28427559442270d8b7c7,steam,store_review,Tower of Fantasy,2064650,review,224082333,,2026-04-25T19:22:10+00:00,2026-09-20T17:46:31.669602+00:00,,Boobs. It's otherwise COMPLETE TRASH!!!,https://steamcommunity.com/app/2064650/reviews/,english,False,,1,0,50.9,"{""app_id"": 2064650, ""app_name"": ""Tower of Fantasy"", ""received_for_free"": false, ""role"": ""focal"", ""steam_purchase"": true}"
57c2e01f346413727d28,steam,store_review,Tower of Fantasy,2064650,review,224115006,,2026-04-26T05:24:21+00:00,2026-09-20T17:46:31.669587+00:00,,"I’ve played ToF for a long time, and enjoyed it for the character customization and open world. It was one of my favourite anime games, until they’ve removed the difficulty options in Joint Operations. That was the only gamemode where pets could fight alongside you, and now the JO enemies scale with your level, making them unfairly tanky. I have a lot of good memories from playing ToF, but it looks like the devs abandoned it at this point. The recent updates haven’t done anything to add game modes involving pets, or letting you explore the overworld with them. It’s been more than year since I’ve put those suggestions in a survey, and yet the pet system remains stagnant. It’s sad the devs have forgotten about this core feature. These shortcomings with ToF can’t help me but compare it to another online, open world game: No Man’s Sky. No Man’s Sky recently added the Xeno Arena update, which added a simulated pet combat mode (like Pokemon). Additionally, the amount of pets you could own was increased from 18 to 30. That update alone made NMS further surpass ToF, as NMS also had overworld pets for years instead of them being permanently in an enclosure on the Artificial Island. Unlike ToF, No Man’s Sky remembered and improved one of the biggest features in an open world game, being the vast roster of fantastical, alien creatures as companions. Tower of Fantasy is close to being a great game, but the devs’ neglect (and arguably even suppression) of a core feature made it a shadow of itself that’s just out of greatness’s reach. I’m doubtful that their new game, Neverness to Everness, will be successful either, as it will just be another set of wasted potential for Hotta to abandon. Even after having successfully transferred the account with my original progress, I don’t think I’ll return to this game for a while.",https://steamcommunity.com/app/2064650/reviews/,english,False,,1,0,72.0,"{""app_id"": 2064650, ""app_name"": ""Tower of Fantasy"", ""received_for_free"": false, ""role"": ""focal"", ""steam_purchase"": true}"
0b576dde5484a7968cd5,steam,store_review,Tower of Fantasy,2064650,review,224152449,,2026-04-26T16:02:24+00:00,2026-09-20T17:46:31.669553+00:00,,For people who have to much free time.,https://steamcommunity.com/app/2064650/reviews/,english,False,,1,0,0.4,"{""app_id"": 2064650, ""app_name"": ""Tower of Fantasy"", ""received_for_free"": false, ""role"": ""focal"", ""steam_purchase"": true}"
2873b3b3947c81cb8c00,steam,store_review,Tower of Fantasy,2064650,review,224172375,,2026-04-26T20:37:32+00:00,2026-09-20T17:46:31.669538+00:00,,"The game is fun but they deleted my account without notice. Maybe they will do it again, who knows?",https://steamcommunity.com/app/2064650/reviews/,english,False,,0,0,34.1,"{""app_id"": 2064650, ""app_name"": ""Tower of Fantasy"", ""received_for_free"": false, ""role"": ""focal"", ""steam_purchase"": true}"
3a11be5e9d5d74a12a48,steam,store_review,Tower of Fantasy,2064650,review,224324222,,2026-04-29T00:46:22+00:00,2026-09-20T17:46:31.669522+00:00,,"Jank. Seriously, they have had almost 4 years post-launch to fix this mess with potential. It has potential, but there are so many issues and most of those issues have persisted since launch. What have they been doing? Building on top of the jank instead of fixing it first. Common issues: 1. CTDs while initializing about 90% if all attempts. 2. Can arbitrarily CTD during cutscenes. Hope you don't care about the story. Cutscene will skip if this happens. 3. Character model will default proportions during some cutscenes. 4. Lip sync is terrible, but does get better in later content. Still bad regardless. 5. Terrible VO direction. The VAs appear to be given lines only and no context for what they are saying. This gets better in later content. 6. Terrible (English) VA in a lot of dialog in the launch content. This does get better in later content. 7. MTX are way too expensive. Everything costs double what it should, or more. 8. Unable to transfer character from non-WARP server to WARP server. This is dumb. This resets all progress for the player if they want to play on WARP servers. 9. WARP servers remove the gacha, yes. But not really. Every daily login you get one free 5-star character at random. However, I do not trust the drop rates for the better current content characters. 10. Performance is very janky. It can run well enough most of the time, but what makes it janky is periodic hitching for half a second or more as special effects are loaded in on a high-end PC. These will likely be longer and more frequent on lower-specs. This is regardless of graphics quality settings. 11. Rather than improve the quality and stability of V1.0 content, they instead try to railroad you into skip quests that launch you ahead to later content stupidly fast and skipping essential portions of the original story and the context behind what's going on. 12. Menus are terrible. There are so many different obnoxiously formatted UI elements and styles throughout all the menus, and there's no cohesive or consistent design, function, or style to any of them. Best of all, they were made for 1080p screens. So they look low-quality pixelated at anything higher like 1440p or especially 4k. 13. Logging in can be confusing and annoying if you use anything other than a Steam account. Which you could not do at launch. Reason is because if you accidentally login with Steam or Google when you have a PWG account, you will have to wait 7 days for account deletion of the unintended account creation to then hopefully remember to link your PWG account with later so you no longer have to worry about this. There's your 13 reasons Hotta. Fix it, or take it out back.",https://steamcommunity.com/app/2064650/reviews/,english,False,,3,0,130.8,"{""app_id"": 2064650, ""app_name"": ""Tower of Fantasy"", ""received_for_free"": false, ""role"": ""focal"", ""steam_purchase"": true}"
297ac005718fbcc7d8a7,steam,store_review,Tower of Fantasy,2064650,review,224357755,,2026-04-29T14:02:58+00:00,2026-09-20T17:46:31.669485+00:00,,Its the biggest piece of dog poop only made to extract maximum amount of money from its players,https://steamcommunity.com/app/2064650/reviews/,english,False,,13,0,4.9,"{""app_id"": 2064650, ""app_name"": ""Tower of Fantasy"", ""received_for_free"": false, ""role"": ""focal"", ""steam_purchase"": true}"
6b0d619fffbe958d971e,steam,store_review,Tower of Fantasy,2064650,review,224515704,,2026-05-01T15:17:18+00:00,2026-09-20T17:46:31.669454+00:00,,"I haven't been able to play for a while due to the size of the game, but I highly recommend the game. Animations, characters, story, gameplay - it's easily the best game of its kind that I've tried. Highly addictive. My playtime through steam is low since I got the game directly from the website when it first came out, so I've lost my logged playtimes since it's changed hands and I wound up needing to download through Steam. I also somehow lost my account, so I'll be needing to start all the way over, but I look forward to upgrading my PC so I can play from the beginning to see how it's evolved!",https://steamcommunity.com/app/2064650/reviews/,english,True,,4,0,1.9,"{""app_id"": 2064650, ""app_name"": ""Tower of Fantasy"", ""received_for_free"": false, ""role"": ""focal"", ""steam_purchase"": true}"
44730d445bc84b50af7f,steam,store_review,Tower of Fantasy,2064650,review,224565478,,2026-05-02T04:51:59+00:00,2026-09-20T17:46:31.669435+00:00,,"This game is great if you focus on Futuristic Environment Settings. Other than that you can be yourself unlike any other gacha games that i've seen which is based on switching characters while in this game instead of switching characters, you switch weapons. So far there are bugs but they isn't a big deal to me which is fine by me.",https://steamcommunity.com/app/2064650/reviews/,english,True,,1,0,173.6,"{""app_id"": 2064650, ""app_name"": ""Tower of Fantasy"", ""received_for_free"": false, ""role"": ""focal"", ""steam_purchase"": true}"
a59f09c549752b350160,steam,store_review,Tower of Fantasy,2064650,review,224605097,,2026-05-02T16:25:44+00:00,2026-09-20T17:46:31.669418+00:00,,controller support is wack and i have pretty much LOST my data after the update. thanks... hotta studio...,https://steamcommunity.com/app/2064650/reviews/,english,False,,1,0,3.9,"{""app_id"": 2064650, ""app_name"": ""Tower of Fantasy"", ""received_for_free"": false, ""role"": ""focal"", ""steam_purchase"": true}"
eb0d388ccd934d478ca3,steam,store_review,Tower of Fantasy,2064650,review,224644151,,2026-05-03T02:49:09+00:00,2026-09-20T17:46:31.669403+00:00,,"nope. not really worth the grind. characters dont have a spine and physics make no sense, and i love good character design. world is not really engaging and story is boring. played at release and reached lvl 45 > they decided to delete acc and merge servers > lost my acc and hours > came bacck recently to give it another try but absolutely boring and not worth the grind.",https://steamcommunity.com/app/2064650/reviews/,english,False,,2,0,1.9,"{""app_id"": 2064650, ""app_name"": ""Tower of Fantasy"", ""received_for_free"": false, ""role"": ""focal"", ""steam_purchase"": true}"
6929bd845f54d251e9e7,steam,store_review,Tower of Fantasy,2064650,review,224703286,,2026-05-03T18:54:03+00:00,2026-09-20T17:46:31.669386+00:00,,"i loved this game, it was a great form of escape, too bad i have to uninstall it for now to make more space for NTE and other games. will definitely come back to it in future patch tho.",https://steamcommunity.com/app/2064650/reviews/,english,True,,0,0,76.3,"{""app_id"": 2064650, ""app_name"": ""Tower of Fantasy"", ""received_for_free"": false, ""role"": ""focal"", ""steam_purchase"": true}"
2ad67da63c86d80e0e58,steam,store_review,Tower of Fantasy,2064650,review,224722955,,2026-05-04T00:14:39+00:00,2026-09-20T17:46:31.669370+00:00,,"You know I've played this game on there launcher mainly but lordy, back when I played a lot there was idk a game here? like a story and a point to this game but ever since the game was sold out the game has turned into a mess, There's no real story or point to the game other then well (The dur) characters at this point and really I think this is kinda the only thing keeping this game from being killed off fully but that won't last forever. Too anyone looking at this game just don't, Save your money and time by skipping out on this one as you missed the ""golden"" time to play this when it first dropped, Now it seems to be more of a RP / Skin game then anything that is slowly dying off.",https://steamcommunity.com/app/2064650/reviews/,english,False,,15,0,44.0,"{""app_id"": 2064650, ""app_name"": ""Tower of Fantasy"", ""received_for_free"": false, ""role"": ""focal"", ""steam_purchase"": true}"
4ab745466548ec3c4b82,steam,store_review,Tower of Fantasy,2064650,review,224730360,,2026-05-04T03:00:21+00:00,2026-09-20T17:46:31.669350+00:00,,"Honestly. I tried to keep an open mind. I tried. I told myself it'll be mmo-esque but without the gambling. How bad could it be? Oh..sweet jesus. I tried the ""warp"" server. Where to start? Resources to raise weapons are ridiculously scarce for the amount it costs..even moreso if (heaven forfend), you get an altered weapon. Food? Proper healing? Forget about it cause it's all locked behind high levels and doesn't heal worth a damn compared to your HP pool. Even healing weapons don't do the job when your HP pool is so gigantic. Exploration is agonizing. Most stuff doesn't ping on your minimap until you're right on top of it. Supply pods? Better memorize where you got them cause not only does the game NOT list or show any you've gotten, all it gives is x/y number. Down to missing just two pods in a region? Get to wandering for hours and pray you find 'em, bucko! Systems that have a bunch of important stats behind them don't unlock until late into the story, long after you desperately need them. Gear? Complete crapshow. Various tiers, randomized stats. Good luck getting that one slot for that one stat you want, less you grind for hours on end, praying RNG likes you. Oh, chests you say? Great! Till you run out of vitality. 8 per chest, 72 vitality at most. And guess what, homie? 70 hours to refill to full. Oh yeah. They introduce activities that you can't even feasibly do at recommended combat score and levels. Examples? Bygone Phantasm floor 11. I had over 10k combat score MORE than that floor, still can't clear it. Also? Level 30 joint ops. Hah! Ain't no way level 30s are clearing that. I duoed it with another well equipped level 48, I myself was 45. CS 48k and 38k respectively. Failed. Boss one shot the both of us. you expect a level 30 group, who undoubtedly would have far worse gear than us, to clear that? You're smoking something, ToF. It's all the little things. Clunky movement, slow as frick climbing. Oh the jetpack? It works. Long as you're on the ground. Jump in the air, use it? You just glide. No boost up mid-air. I mean, gee..screw making use of the double jump into that. Can't do it. Like..don't introduce activities and systems I can't use at the level you bloody introduce them. Don't waste my time. I shouldn't have to rush the damn story to level cap just to unlock systems needed to do ANYTHING of import. That's ridiculous. This is no MMO. No MMO in history that's been successful would do any of this insane crap.",https://steamcommunity.com/app/2064650/reviews/,english,False,,5,0,17.6,"{""app_id"": 2064650, ""app_name"": ""Tower of Fantasy"", ""received_for_free"": false, ""role"": ""focal"", ""steam_purchase"": true}"
4e11663852af381c64a4,steam,store_review,Tower of Fantasy,2064650,review,224822460,,2026-05-05T12:23:05+00:00,2026-09-20T17:46:31.669314+00:00,,"Lost my account due to not recieving any notification of a publisher swap. Miss my Gleipnirs man, I liked the jam.",https://steamcommunity.com/app/2064650/reviews/,english,False,,3,0,241.8,"{""app_id"": 2064650, ""app_name"": ""Tower of Fantasy"", ""received_for_free"": false, ""role"": ""focal"", ""steam_purchase"": true}"
46cb39d47b8bbc3b76b4,steam,store_review,Tower of Fantasy,2064650,review,225369718,,2026-05-12T22:22:10+00:00,2026-09-20T17:46:31.669299+00:00,,i like this game,https://steamcommunity.com/app/2064650/reviews/,english,True,,0,0,276.1,"{""app_id"": 2064650, ""app_name"": ""Tower of Fantasy"", ""received_for_free"": false, ""role"": ""focal"", ""steam_purchase"": true}"
2f15a27bd79df2c538d9,steam,store_review,Tower of Fantasy,2064650,review,225439006,,2026-05-13T23:57:45+00:00,2026-09-20T17:46:31.669285+00:00,,"What sets this game apart is the weapon system. Being able to switch between three different weapons on the fly and trigger ""Phantasia"" (time-slow) makes every encounter feel dynamic. The elemental combos and diverse weapon skills offer a lot of tactical variety. It’s a great mix of solo progression and rewarding co-op content.",https://steamcommunity.com/app/2064650/reviews/,english,True,,0,0,0.4,"{""app_id"": 2064650, ""app_name"": ""Tower of Fantasy"", ""received_for_free"": false, ""role"": ""focal"", ""steam_purchase"": true}"
e792ce28c66cfc25cc45,steam,store_review,Tower of Fantasy,2064650,review,225535320,,2026-05-15T05:06:45+00:00,2026-09-20T17:46:31.669267+00:00,,"At first thought it's a good game since I really like the combat system and characters. Initially, there are way too many bugs and game keeps crashing for me, however, the support team was steadfast in resolving these issues. Recommended.",https://steamcommunity.com/app/2064650/reviews/,english,True,,1,0,192.1,"{""app_id"": 2064650, ""app_name"": ""Tower of Fantasy"", ""received_for_free"": false, ""role"": ""focal"", ""steam_purchase"": true}"
37240424333ee3f319e3,steam,store_review,Tower of Fantasy,2064650,review,225557683,,2026-05-15T11:43:09+00:00,2026-09-20T17:46:31.669249+00:00,,9999999999/9999999999,https://steamcommunity.com/app/2064650/reviews/,english,True,,0,0,1.1,"{""app_id"": 2064650, ""app_name"": ""Tower of Fantasy"", ""received_for_free"": false, ""role"": ""focal"", ""steam_purchase"": true}"
f4e2e6c7ec738a4a7e85,steam,store_review,Tower of Fantasy,2064650,review,225723847,,2026-05-17T03:20:12+00:00,2026-09-20T17:46:31.669236+00:00,,"Awful. I went to test the warp server and without gacha it's worse. At least before you could get gacha pulls by exploring points on the map, now that's gone, and yet there's still a gacha that you can pay for with money, and if you want to get the characters you need to grind a lot. The graphics are still awful and the port from mobile to PC is still one of the worst in the genre. Horrible game.",https://steamcommunity.com/app/2064650/reviews/,english,False,,0,0,1.5,"{""app_id"": 2064650, ""app_name"": ""Tower of Fantasy"", ""received_for_free"": false, ""role"": ""focal"", ""steam_purchase"": true}"
39406876e28069032555,steam,store_review,Tower of Fantasy,2064650,review,225747334,,2026-05-17T10:27:16+00:00,2026-09-20T17:46:31.669219+00:00,,Tower of Fantasy has been my favourite game since years. Ive played it since day one left for some years returned and then never dropped it especially due to the story but being able to design my own look makes the game feel personal in a way most gachas dont. And now with the new no-gacha servers i hope i can transfer my gacha acc to the warp servers once theyll add this function on global. But all in all this game is a masterpiece and will always have a place in my heart,https://steamcommunity.com/app/2064650/reviews/,english,True,,2,0,225.2,"{""app_id"": 2064650, ""app_name"": ""Tower of Fantasy"", ""received_for_free"": false, ""role"": ""focal"", ""steam_purchase"": true}"
a3d454dddddecb88ad41,steam,store_review,Tower of Fantasy,2064650,review,225780150,,2026-05-17T17:34:06+00:00,2026-09-20T17:46:31.669199+00:00,,melhor jogo ja lancado acabei de goona,https://steamcommunity.com/app/2064650/reviews/,english,True,,0,0,1.4,"{""app_id"": 2064650, ""app_name"": ""Tower of Fantasy"", ""received_for_free"": false, ""role"": ""focal"", ""steam_purchase"": true}"
475b5ba46bb5ad1ff7f2,steam,store_review,Tower of Fantasy,2064650,review,225787661,,2026-05-17T19:05:39+00:00,2026-09-20T17:46:31.669186+00:00,,Gooners,https://steamcommunity.com/app/2064650/reviews/,english,True,,0,0,7.5,"{""app_id"": 2064650, ""app_name"": ""Tower of Fantasy"", ""received_for_free"": false, ""role"": ""focal"", ""steam_purchase"": true}"
6bada4bab8601dfa6d8b,steam,store_review,Tower of Fantasy,2064650,review,225829042,,2026-05-18T08:50:08+00:00,2026-09-20T17:46:31.669171+00:00,,"For what is is, I enjoyed it quite a lot. good game",https://steamcommunity.com/app/2064650/reviews/,english,True,,1,0,9.9,"{""app_id"": 2064650, ""app_name"": ""Tower of Fantasy"", ""received_for_free"": false, ""role"": ""focal"", ""steam_purchase"": true}"
cd10555aa4233ef31f2c,steam,store_review,Tower of Fantasy,2064650,review,225875883,,2026-05-18T22:14:33+00:00,2026-09-20T17:46:31.669158+00:00,,not bad but not good either.,https://steamcommunity.com/app/2064650/reviews/,english,False,,0,0,4.1,"{""app_id"": 2064650, ""app_name"": ""Tower of Fantasy"", ""received_for_free"": false, ""role"": ""focal"", ""steam_purchase"": true}"
7d7a02eeecc291d79586,steam,store_review,Tower of Fantasy,2064650,review,226091707,,2026-05-21T20:04:17+00:00,2026-09-20T17:46:31.669144+00:00,,i had a account it removed an wont help get back so please dont play the game they wont help,https://steamcommunity.com/app/2064650/reviews/,english,False,,1,2,1.2,"{""app_id"": 2064650, ""app_name"": ""Tower of Fantasy"", ""received_for_free"": false, ""role"": ""focal"", ""steam_purchase"": true}"
b82fa75e8c0e1f435ffa,steam,store_review,Tower of Fantasy,2064650,review,226149522,,2026-05-22T15:56:42+00:00,2026-09-20T17:46:31.669130+00:00,,"*UPDATE* I still love this game *END OF UPDATE* I started playing this game around the start of April 2026. It is May 22nd, 2026 and I am 203.2 hours into it. I'm having an absolute blast and I've spent $0 on this game. I see this game has gotten some flak for a few things, so I thought I'd make a few points/counter points to things that have been said. I saw someone say ""There's no real story or point to the game"" I disagree with that. The story is pretty detailed on what's going on, and as you progress for area to area, you see how each area is being affected by what is going on in the story. Is it the best, most moving story ever? No, but I'd give it a 7/10 for story at least. I saw another person say ""Resources to raise weapons are ridiculously scarce for the amount it costs"" I strongly disagree with that. In fact, I have the total opposite issue. My weapons are so maxed out, I am currently waiting to hit level 100 to raise them any further. That same person said ""They introduce activities that you can't even feasibly do at recommended combat score and levels. Examples? Bygone Phantasm floor 11. I had over 10k combat score MORE than that floor, still can't clear it."" 10k CS (combat score) isn't very powerful at all. My gf started playing after me; she has 27hrs and has a CS of 30k. After 203hrs my CS is around 133k. Bygone Phantasm is also an endless fight to see how far you can get, not to beat. I have made it to floor 315, and have hit ""the wall"". The game is an MMO at the heart. You need closer to 30hrs (imo) to get an actual idea of it. Yes, it has it's issues. Some glitches, translation issues, quest lines trying to take you through walls, gacha-game mechanics everywhere, more than I can say here, but so does every MMO I've played, and I used to be an OG WoW player. I also can not attest to everything that happened when the switch from Tencent to PWG and the loss of accounts, as I joined post issues. Currently, the game is a blast, the community is helpful (on my server at least), and I'm probably going to put another 200hrs this year. P.S. I am not calling out anyone who's comments I referred to. I used them to justify my counterpoints.",https://steamcommunity.com/app/2064650/reviews/,english,True,,17,0,481.6,"{""app_id"": 2064650, ""app_name"": ""Tower of Fantasy"", ""received_for_free"": false, ""role"": ""focal"", ""steam_purchase"": true}"
5b2a851941e5d1eb0902,steam,store_review,Tower of Fantasy,2064650,review,226310278,,2026-05-24T14:20:00+00:00,2026-09-20T17:46:31.669097+00:00,,"It still cooking, but sometimes perform Bullet time didn't make Invicible for Players.",https://steamcommunity.com/app/2064650/reviews/,english,True,,2,0,2.2,"{""app_id"": 2064650, ""app_name"": ""Tower of Fantasy"", ""received_for_free"": false, ""role"": ""focal"", ""steam_purchase"": true}"
47c34df91e4b1fa02f69,steam,store_review,Tower of Fantasy,2064650,review,226385724,,2026-05-25T13:16:09+00:00,2026-09-20T17:46:31.669084+00:00,,"the game was trash, but it is even more trash now... i reintalled it after a very long time (years) thinking maybe they would have improved it.. but, character creation has, alot of missing things like a certain slider ( '-') ... after that, i uninstalled since, at this point.. if they are removing a slider, what else have they removed? and not improved upon... so, it will remain uninstalled for good o7 ... or atleast until i see some actual improvements (which will most likely not happen)",https://steamcommunity.com/app/2064650/reviews/,english,False,,5,1,2.0,"{""app_id"": 2064650, ""app_name"": ""Tower of Fantasy"", ""received_for_free"": false, ""role"": ""focal"", ""steam_purchase"": true}"
53eb8f5d7a014938b60b,steam,store_review,Tower of Fantasy,2064650,review,226537811,,2026-05-27T09:25:03+00:00,2026-09-20T17:46:31.669066+00:00,,"This game is mid as hell, if you planning to play this game, forget about it. So why am I still playing? becuz im that cooked.",https://steamcommunity.com/app/2064650/reviews/,english,False,,1,0,1683.9,"{""app_id"": 2064650, ""app_name"": ""Tower of Fantasy"", ""received_for_free"": false, ""role"": ""focal"", ""steam_purchase"": true}"
28d225bce729d5ef9c2c,steam,store_review,Tower of Fantasy,2064650,review,226830236,,2026-05-31T02:50:08+00:00,2026-09-20T17:46:31.669052+00:00,,Dead,https://steamcommunity.com/app/2064650/reviews/,english,False,,1,0,25.3,"{""app_id"": 2064650, ""app_name"": ""Tower of Fantasy"", ""received_for_free"": false, ""role"": ""focal"", ""steam_purchase"": true}"
d7436c97a7b0bd38d987,steam,store_review,Tower of Fantasy,2064650,review,226967629,,2026-06-01T20:11:12+00:00,2026-09-20T17:46:31.669040+00:00,,Thers NO option to uninstall anything thats downloaded from this games website. thers only an option to repair or reinstall.. working on deep dive into my system to get rid of this game,https://steamcommunity.com/app/2064650/reviews/,english,False,,2,0,0.4,"{""app_id"": 2064650, ""app_name"": ""Tower of Fantasy"", ""received_for_free"": false, ""role"": ""focal"", ""steam_purchase"": true}"
d97f34a1c256214a288e,steam,store_review,Tower of Fantasy,2064650,review,226993901,,2026-06-02T05:26:37+00:00,2026-09-20T17:46:31.669025+00:00,,TRASH AI,https://steamcommunity.com/app/2064650/reviews/,english,False,,1,0,1.6,"{""app_id"": 2064650, ""app_name"": ""Tower of Fantasy"", ""received_for_free"": false, ""role"": ""focal"", ""steam_purchase"": true}"
b97afb4caa91a097c7f8,steam,store_review,Tower of Fantasy,2064650,review,227121315,,2026-06-03T23:17:54+00:00,2026-09-20T17:46:31.669012+00:00,,"Account got wiped after a break of a few months, never got a mail telling me this was about to happen, not going to put another second into this game let alone money...",https://steamcommunity.com/app/2064650/reviews/,english,False,,33,0,96.0,"{""app_id"": 2064650, ""app_name"": ""Tower of Fantasy"", ""received_for_free"": false, ""role"": ""focal"", ""steam_purchase"": true}"
13c04fd9d361a4538035,steam,store_review,Tower of Fantasy,2064650,review,227199899,,2026-06-05T01:05:13+00:00,2026-09-20T17:46:31.668998+00:00,,Unoptimized mobile to pc port trash. Not good.,https://steamcommunity.com/app/2064650/reviews/,english,False,,1,0,1.5,"{""app_id"": 2064650, ""app_name"": ""Tower of Fantasy"", ""received_for_free"": false, ""role"": ""focal"", ""steam_purchase"": true}"
1b1ed7692f17c3a39963,steam,store_review,Tower of Fantasy,2064650,review,227216590,,2026-06-05T07:55:09+00:00,2026-09-20T17:46:31.668985+00:00,,They wiped everyone's accounts and had a garbage account transfer process that didn't even work! Tons of money down the drain just for the to release the exact same game with no changes. How pathetic.,https://steamcommunity.com/app/2064650/reviews/,english,False,,29,0,2.3,"{""app_id"": 2064650, ""app_name"": ""Tower of Fantasy"", ""received_for_free"": false, ""role"": ""focal"", ""steam_purchase"": true}"
ed6154fddcaa82db2633,steam,store_review,Tower of Fantasy,2064650,review,227282825,,2026-06-06T02:29:06+00:00,2026-09-20T17:46:31.668971+00:00,,"played since almost day one, before it was on steam. account gone. spend a lot of money on the game (stupid i know). all of that gone. no reason to play now, what a joke.",https://steamcommunity.com/app/2064650/reviews/,english,False,,20,0,208.5,"{""app_id"": 2064650, ""app_name"": ""Tower of Fantasy"", ""received_for_free"": false, ""role"": ""focal"", ""steam_purchase"": true}"
9582eb375e308cb1ca19,steam,store_review,Tower of Fantasy,2064650,review,227340170,,2026-06-06T18:26:17+00:00,2026-09-20T17:46:31.668956+00:00,,bad,https://steamcommunity.com/app/2064650/reviews/,english,False,,0,0,33.2,"{""app_id"": 2064650, ""app_name"": ""Tower of Fantasy"", ""received_for_free"": false, ""role"": ""focal"", ""steam_purchase"": true}"
afeaaa4804267de9819f,steam,store_review,Tower of Fantasy,2064650,review,227351828,,2026-06-06T21:03:28+00:00,2026-09-20T17:46:31.668944+00:00,,I regret everything,https://steamcommunity.com/app/2064650/reviews/,english,True,,2,2,39.7,"{""app_id"": 2064650, ""app_name"": ""Tower of Fantasy"", ""received_for_free"": false, ""role"": ""focal"", ""steam_purchase"": true}"
95f7fe7cd735528498f1,steam,store_review,Tower of Fantasy,2064650,review,227357208,,2026-06-06T22:24:34+00:00,2026-09-20T17:46:31.668930+00:00,,"i like the graphis of the anime game, also the story line is amazing",https://steamcommunity.com/app/2064650/reviews/,english,True,,1,0,62.7,"{""app_id"": 2064650, ""app_name"": ""Tower of Fantasy"", ""received_for_free"": false, ""role"": ""focal"", ""steam_purchase"": true}"
fa0a6046b184bde84fab,steam,store_review,Tower of Fantasy,2064650,review,227379307,,2026-06-07T05:43:30+00:00,2026-09-20T17:46:31.668917+00:00,,‎,https://steamcommunity.com/app/2064650/reviews/,english,False,,5,0,0.4,"{""app_id"": 2064650, ""app_name"": ""Tower of Fantasy"", ""received_for_free"": false, ""role"": ""focal"", ""steam_purchase"": true}"
c9b6e0de53731cf15010,steam,store_review,Tower of Fantasy,2064650,review,227438334,,2026-06-07T20:15:45+00:00,2026-09-20T17:46:31.668904+00:00,,Fantastic game,https://steamcommunity.com/app/2064650/reviews/,english,True,,0,0,96.2,"{""app_id"": 2064650, ""app_name"": ""Tower of Fantasy"", ""received_for_free"": false, ""role"": ""focal"", ""steam_purchase"": true}"
736d9fe5ad0b6a769bdf,steam,store_review,Tower of Fantasy,2064650,review,227629759,,2026-06-10T10:15:39+00:00,2026-09-20T17:46:31.668892+00:00,,"for now the best story out there, shirli 10/10, fighting is good.",https://steamcommunity.com/app/2064650/reviews/,english,True,,1,0,44.3,"{""app_id"": 2064650, ""app_name"": ""Tower of Fantasy"", ""received_for_free"": false, ""role"": ""focal"", ""steam_purchase"": true}"
3d31cd691d88bae0ad41,steam,store_review,Tower of Fantasy,2064650,review,227726440,,2026-06-11T16:42:27+00:00,2026-09-20T17:46:31.668879+00:00,,Hundreds of hours played and money spent. account wiped and it's all gone.,https://steamcommunity.com/app/2064650/reviews/,english,False,,25,0,651.5,"{""app_id"": 2064650, ""app_name"": ""Tower of Fantasy"", ""received_for_free"": false, ""role"": ""focal"", ""steam_purchase"": true}"
9deb3f008cfcb50a4028,steam,store_review,Tower of Fantasy,2064650,review,227823625,,2026-06-12T22:27:39+00:00,2026-09-20T17:46:31.668865+00:00,,"Man, if only this game actually had the audacity to not make everything a slog",https://steamcommunity.com/app/2064650/reviews/,english,False,,4,0,9.1,"{""app_id"": 2064650, ""app_name"": ""Tower of Fantasy"", ""received_for_free"": false, ""role"": ""focal"", ""steam_purchase"": true}"
9f8780763771e827a4a1,steam,store_review,Tower of Fantasy,2064650,review,227881449,,2026-06-13T16:33:57+00:00,2026-09-20T17:46:31.668852+00:00,,Don't play it,https://steamcommunity.com/app/2064650/reviews/,english,False,,4,1,2.1,"{""app_id"": 2064650, ""app_name"": ""Tower of Fantasy"", ""received_for_free"": false, ""role"": ""focal"", ""steam_purchase"": true}"
56638c75588c50d60b91,steam,store_review,Tower of Fantasy,2064650,review,228033977,,2026-06-15T15:47:06+00:00,2026-09-20T17:46:31.668840+00:00,,Just another gacha game. Not bad not good either. It's just that it feels like the powercreep is wayyy too overblown where it doesnt respect your time or even your money if you spend.,https://steamcommunity.com/app/2064650/reviews/,english,False,,6,0,33.7,"{""app_id"": 2064650, ""app_name"": ""Tower of Fantasy"", ""received_for_free"": false, ""role"": ""focal"", ""steam_purchase"": true}"
0e726bc886c157b0b1e5,steam,store_review,Tower of Fantasy,2064650,review,228156019,,2026-06-17T05:30:35+00:00,2026-09-20T17:46:31.668827+00:00,,:),https://steamcommunity.com/app/2064650/reviews/,english,True,,0,0,106.2,"{""app_id"": 2064650, ""app_name"": ""Tower of Fantasy"", ""received_for_free"": false, ""role"": ""focal"", ""steam_purchase"": true}"
c8491246709d941ba872,steam,store_review,Tower of Fantasy,2064650,review,228295691,,2026-06-19T00:59:35+00:00,2026-09-20T17:46:31.668814+00:00,,Abandonware,https://steamcommunity.com/app/2064650/reviews/,english,False,,6,1,0.7,"{""app_id"": 2064650, ""app_name"": ""Tower of Fantasy"", ""received_for_free"": false, ""role"": ""focal"", ""steam_purchase"": true}"
407b5cdfded017f94cad,steam,store_review,Tower of Fantasy,2064650,review,228522006,,2026-06-21T20:50:51+00:00,2026-09-20T17:46:31.668802+00:00,,"Idk, I remember playing this game on phone then transferred to PC but gave up shortly after",https://steamcommunity.com/app/2064650/reviews/,english,False,,0,0,2.3,"{""app_id"": 2064650, ""app_name"": ""Tower of Fantasy"", ""received_for_free"": false, ""role"": ""focal"", ""steam_purchase"": true}"
b7237bf01491104977d4,steam,store_review,Tower of Fantasy,2064650,review,228587749,,2026-06-22T18:41:37+00:00,2026-09-20T17:46:31.668790+00:00,,"Probably one of the most ambitious game I ever played next to Warframe. Each world is so unique, with it's own flora, fauna, and feature. One world offers a vast under the sea exploration, one you assume identities and hack world mechanics, and one with MECHAS in space. Sure it has a low player base and some blemishes due to an ordeal of struggles they have to tread (being targeted by a certain fandom, influencers riding the hate for clicks, and poor to no support from their previous publisher) but its small fandom manage to keep them afloat, and continue to deliver awesome content.",https://steamcommunity.com/app/2064650/reviews/,english,True,,1,0,1663.4,"{""app_id"": 2064650, ""app_name"": ""Tower of Fantasy"", ""received_for_free"": false, ""role"": ""focal"", ""steam_purchase"": true}"
82c1fb58cec9c10cd58c,steam,store_review,Tower of Fantasy,2064650,review,228797628,,2026-06-25T15:27:22+00:00,2026-09-20T17:46:31.668773+00:00,,"I loved this game and forced myself to endure the gacha nonsense and seeing how far I could get as a F2P, I wasn't even mad when the whales were 50x more powerful than I was. I turned it into a solo game and had a blast because I loved the aesthetic, new maps and worlds were awesome. Then I came back one day and the devs just just deleted my character and all my hardwork was gone and in that moment I realized the devs truly didn't care. The game was not near good enough to endure a fresh start. How could any dev honestly wipe all progress in a gacha game when someone could potentially have given you $1000's? Reading other reviews seems I'm not the only one. Like, devs do you not want more money? No one is going to start from the beginning after being betrayed like that and your game was already struggling. This game is another classic case where it could have been huge if it wasn't for greedy game design and competent devs. I feel for all the artists and designers who made a great game only for it to be ruined by execs and the need to milk and manipulate players.",https://steamcommunity.com/app/2064650/reviews/,english,False,,31,0,59.4,"{""app_id"": 2064650, ""app_name"": ""Tower of Fantasy"", ""received_for_free"": false, ""role"": ""focal"", ""steam_purchase"": true}"
0e1644cdea3bf143f618,steam,store_review,Tower of Fantasy,2064650,review,229002100,,2026-06-27T21:41:51+00:00,2026-09-20T17:46:31.668752+00:00,,"(Sry for the Food references. it just kinda happened) I Normally don't leave Reviews for games but this was pretty bad. I don't really like Anime style games but I've played Genshin Impact and Ark knights and comparing those to this is like comparing an onion to an apple. Good as is vs tastes terrible unless cooked, and this didn't cook... - Cant tell if the Voices are AI or human, but I did recognize ONE VA(""Get in the Car! we're leaving this town Now!! Ahh!! What The!!!! Impossible!! This isn't the Car!! Nonoo, Hermit Purple!) But regardless the voice acting was pretty bad, Not Terrible but not good enough for it to not feel like stale bread. - The pacing was all over the place when it came to cutscenes and Story Dialogue. Sometimes what they say doesn't make sense because they said it too early(AKA Dialogue jumping) everything happened too fast in the beginning. Nothing from a Cutscene led into where you started playing. Your just suddenly playing again. - No flow to the character animations or cutscenes. Between bad and stale animation loops ,to teleporting from one position to the next at lightning speed. - Combat is just like any other anime style fighting game, which isn't inherently bad, its just not unique. And to top it all off Before I could even really get past the Tutorial I crashed which is why my playtime is only 1.7hrs I don't even know if this is another Gotcha Game because I just couldn't stay interested enough to find out, and if it is; that's another thing deterring me from this as well. But that's just my preference. No crash Report either... Anyway not worth Your Time, 100Gb Disk Space, and Certainly not your Money From all the Account Issues they've had in the past.",https://steamcommunity.com/app/2064650/reviews/,english,False,,1,0,1.7,"{""app_id"": 2064650, ""app_name"": ""Tower of Fantasy"", ""received_for_free"": false, ""role"": ""focal"", ""steam_purchase"": true}"
e1ea545360b9d65e0005,steam,store_review,Tower of Fantasy,2064650,review,229046738,,2026-06-28T10:34:25+00:00,2026-09-20T17:46:31.668727+00:00,,"- The steam trailer is a bad representation of the game and so are some of these reviews. TOF is an extremely good game. The story is really is good. Not best out there, but it does keep you engaged for the most part. The way it revolves around weapons rather than characters is rather brilliant. I am only about half way through it (guessing) so my review is based on that. Yeah it is a gacha game, but I honestly do not see a problem with putting a couple bucks into something you like. If you so choose. It's a free game. So if you consider it I would say give it a shot. You might find something you really like.",https://steamcommunity.com/app/2064650/reviews/,english,True,,1,1,322.6,"{""app_id"": 2064650, ""app_name"": ""Tower of Fantasy"", ""received_for_free"": false, ""role"": ""focal"", ""steam_purchase"": true}"
2b5b5de8ca95dc4ef593,steam,store_review,Tower of Fantasy,2064650,review,229089176,,2026-06-28T19:17:59+00:00,2026-09-20T17:46:31.668710+00:00,,"Fun at first, but the whale gap ruins the long game. I had a lot of fun with this game in the beginning. Exploring the new maps and hitting the initial grind felt great. Plus, the community is awesome—if you're struggling, high-tier whale players are always willing to jump into your game and carry you through tough content. Unfortunately, the positives stop there. The story and character acting are completely uninteresting. On top of that, the gameplay loop becomes incredibly repetitive. Unlike other games I've played, Tower of Fantasy demands a ridiculous amount of your time just to stay relevant. If you don't play constantly, you get left behind fast. The worst part is that no matter how hard you optimize your gear, the massive power gap between free-to-play and whales makes your effort feel pointless. I'm not sure if the devs are ever going to fix this cycle. It's worth trying for a few hours of exploration, but there are definitely better games out there.",https://steamcommunity.com/app/2064650/reviews/,english,True,,4,0,1471.4,"{""app_id"": 2064650, ""app_name"": ""Tower of Fantasy"", ""received_for_free"": false, ""role"": ""focal"", ""steam_purchase"": true}"
1067853bb9a0675223eb,steam,store_review,Tower of Fantasy,2064650,review,229674196,,2026-07-05T12:07:11+00:00,2026-09-20T17:46:31.668688+00:00,,I LIKED HOW THE CHARACTER DESIGN IS UNIQUE FROM ALL OTHER GACHA GAMES I RECOMMEND THIS GAME TO PEOPLE HOW WANT A CHANGE IN CHARACTER OR A CHANCE TO DESIGN THERE OWN,https://steamcommunity.com/app/2064650/reviews/,english,True,,4,0,265.8,"{""app_id"": 2064650, ""app_name"": ""Tower of Fantasy"", ""received_for_free"": false, ""role"": ""focal"", ""steam_purchase"": true}"
61b65bb396e4d9b485c5,steam,store_review,Tower of Fantasy,2064650,review,229703497,,2026-07-05T18:15:59+00:00,2026-09-20T17:46:31.668675+00:00,,deleted my account i had since launch for no reason,https://steamcommunity.com/app/2064650/reviews/,english,False,,8,0,1.1,"{""app_id"": 2064650, ""app_name"": ""Tower of Fantasy"", ""received_for_free"": false, ""role"": ""focal"", ""steam_purchase"": true}"
ed9e847612d7ed8ad220,steam,store_review,Tower of Fantasy,2064650,review,230008131,,2026-07-09T07:50:00+00:00,2026-09-20T17:46:31.668663+00:00,,"this good should be genshin upgrade, but it become worse...confusing UI, no full controller support, no simulcra quick switch, only weapon....luckily wuwa arrived on steam...",https://steamcommunity.com/app/2064650/reviews/,english,False,,7,0,5.0,"{""app_id"": 2064650, ""app_name"": ""Tower of Fantasy"", ""received_for_free"": false, ""role"": ""focal"", ""steam_purchase"": true}"
f4647db2193fa328ccb6,steam,store_review,Tower of Fantasy,2064650,review,230073381,,2026-07-09T22:57:21+00:00,2026-09-20T17:46:31.668650+00:00,,"Tower of Fantasy, developed by Hotta Studio and published by Perfect World Games, is an ambitious free-to-play open-world MMORPG that blends futuristic science fiction with anime-inspired visuals and large-scale online multiplayer gameplay. Set on the distant planet of Aida, the story revolves around humanity's attempt to escape Earth's decline and build a new civilization powered by the mysterious Omnium energy. What begins as a technological breakthrough soon leads to disaster, leaving the world scarred by catastrophe and filled with dangerous creatures, rival factions, and forgotten mysteries. This narrative creates an engaging backdrop for a massive adventure that emphasizes exploration, action, and social interaction. The game's greatest achievement is the sheer scale of its world. Aida is packed with varied environments that constantly reward curiosity, from dense forests and sandy deserts to towering futuristic cities and frozen mountain ranges. Every region is filled with hidden treasures, environmental puzzles, exploration challenges, and optional activities that encourage players to venture away from the main storyline. Traversal feels fluid thanks to climbing, gliding, jetpacks, vehicles, and other mobility tools that make crossing long distances enjoyable instead of tedious. The combination of natural beauty and advanced technology gives each location its own personality, making exploration one of the most satisfying aspects of the experience. Combat stands out by favoring speed and flexibility over traditional MMORPG mechanics. Instead of selecting a permanent character class, players equip multiple weapons that can be swapped instantly during combat. Each weapon possesses its own abilities, elemental attributes, and fighting style, allowing players to create personalized combinations suited for different encounters. Battles are fast-paced and visually exciting, with perfectly timed dodges triggering slow-motion opportunities that reward precision and quick reactions. Boss encounters demand careful positioning and coordination, while ordinary enemies rarely become repetitive because of the wide variety of weapon combinations available throughout the game. Character customization also receives considerable attention. Players begin by creating their own avatar using an extensive selection of appearance options, giving everyone the opportunity to build a unique identity within the online world. As progression continues, equipment upgrades, relics, weapon enhancements, and additional customization systems steadily expand combat possibilities. The game also introduces Simulacra, powerful weapon users whose personalities, stories, and visual designs add additional flavor to the world without limiting player freedom. This approach successfully balances player creativity with memorable characters that enrich the game's lore. The multiplayer component reinforces Tower of Fantasy's MMORPG identity. Players can join friends or strangers to complete cooperative dungeons, challenge enormous world bosses, participate in guild activities, and engage in competitive multiplayer modes. Shared exploration naturally encourages teamwork, as players often encounter one another while traveling through the world or responding to large-scale events. Seasonal updates, limited-time activities, and expanding regions help maintain long-term interest, ensuring that both new and veteran players regularly have fresh objectives to pursue. Visually, the game presents a colorful and highly stylized interpretation of science fiction. Anime-inspired character models, impressive visual effects, detailed environments, and futuristic architecture combine to create an appealing presentation that remains consistent throughout the adventure. The soundtrack complements each region effectively, shifting from peaceful orchestral themes during exploration to energetic compositions during combat. Smooth animations and flashy weapon skills further enhance the excitement of battles without sacrificing overall visual clarity. The narrative offers an interesting mix of science fiction, mystery, and survival. As players uncover the history of Omnium energy and the downfall of civilization on Aida, they gradually learn more about the world's factions, political struggles, and hidden secrets. While the storytelling occasionally progresses at an uneven pace, the setting itself remains compelling thanks to its rich lore and unique blend of futuristic technology and post-apocalyptic themes. The game succeeds in establishing an identity that differs from more traditional fantasy MMORPGs while providing enough world-building to encourage continued exploration. Like many modern free-to-play online games, Tower of Fantasy includes progression systems tied to premium currencies, collectible weapons, cosmetics, and ongoing live-service updates. Players can experience a substantial amount of content without making purchases, but acquiring specific premium weapons or maximizing endgame performance may require considerable time investment or optional spending. Those familiar with gacha mechanics will recognize these systems immediately, while others may find the monetization less appealing despite the generous amount of free content available. Overall, Tower of Fantasy successfully combines expansive open-world exploration, stylish real-time combat, deep customization, and large-scale multiplayer systems into a polished online adventure. Its impressive environments, satisfying weapon mechanics, and cooperative gameplay create a rewarding experience for players who enjoy persistent online worlds and continuous content updates. Although its live-service design and monetization may not appeal to everyone, the game delivers a rich science-fiction MMORPG filled with memorable locations, engaging action, and meaningful opportunities for exploration and teamwork. Rating: 7/10",https://steamcommunity.com/app/2064650/reviews/,english,True,,3,0,13.6,"{""app_id"": 2064650, ""app_name"": ""Tower of Fantasy"", ""received_for_free"": false, ""role"": ""focal"", ""steam_purchase"": true}"
408fedffd8fc45dc8cdd,steam,store_review,Tower of Fantasy,2064650,review,230287122,,2026-07-12T10:38:10+00:00,2026-09-20T17:46:31.668596+00:00,,"Great graphics, fun story",https://steamcommunity.com/app/2064650/reviews/,english,True,,0,0,4.0,"{""app_id"": 2064650, ""app_name"": ""Tower of Fantasy"", ""received_for_free"": false, ""role"": ""focal"", ""steam_purchase"": true}"
bc7b3d45a287e370fe62,steam,store_review,Tower of Fantasy,2064650,review,230333192,,2026-07-12T21:14:20+00:00,2026-09-20T17:46:31.668584+00:00,,Shut up and take my money,https://steamcommunity.com/app/2064650/reviews/,english,True,,0,0,19.8,"{""app_id"": 2064650, ""app_name"": ""Tower of Fantasy"", ""received_for_free"": false, ""role"": ""focal"", ""steam_purchase"": true}"
f5828ef8710aa9d48f15,steam,store_review,Tower of Fantasy,2064650,review,230522914,,2026-07-15T10:42:16+00:00,2026-09-20T17:46:31.668573+00:00,,same game like neverness to everness content but gta open world game,https://steamcommunity.com/app/2064650/reviews/,english,True,,0,0,4.4,"{""app_id"": 2064650, ""app_name"": ""Tower of Fantasy"", ""received_for_free"": false, ""role"": ""focal"", ""steam_purchase"": true}"
21651fa50c034d7746b5,steam,store_review,Tower of Fantasy,2064650,review,230809212,,2026-07-19T04:43:14+00:00,2026-09-20T17:46:31.668561+00:00,,1,https://steamcommunity.com/app/2064650/reviews/,english,False,,0,0,0.8,"{""app_id"": 2064650, ""app_name"": ""Tower of Fantasy"", ""received_for_free"": false, ""role"": ""focal"", ""steam_purchase"": true}"
f8ffc38c7f90bc1cfe38,steam,store_review,Tower of Fantasy,2064650,review,231091893,,2026-07-23T02:52:02+00:00,2026-09-20T17:46:31.668550+00:00,,Game was fun but the devs made it not,https://steamcommunity.com/app/2064650/reviews/,english,False,,7,0,22.2,"{""app_id"": 2064650, ""app_name"": ""Tower of Fantasy"", ""received_for_free"": false, ""role"": ""focal"", ""steam_purchase"": true}"
fb2c0e21f5302befe32d,steam,store_review,Tower of Fantasy,2064650,review,231373115,,2026-07-26T16:34:36+00:00,2026-09-20T17:46:31.668538+00:00,,"Underrated. I honestly got mad when my account got deleted at first. I just came back recently and I gotta say, it is better now. It has features not seen on mainstream gacha games, like a whole open world map for mecha exploration/battle gameplay in space. Even Wuthering Waves doesn't have one yet, and their mecha gameplay is limited to a boss fight only. Underwater area is also much expansive than Genshin, with better tools and QoL as well. No need to pay hundreds of dollars to get them as well. The community isn't toxic too, at least here in Takoyaki.",https://steamcommunity.com/app/2064650/reviews/,english,True,,8,0,104.0,"{""app_id"": 2064650, ""app_name"": ""Tower of Fantasy"", ""received_for_free"": false, ""role"": ""focal"", ""steam_purchase"": true}"
988381658ad8a8c95f2c,steam,store_review,Tower of Fantasy,2064650,review,231486648,,2026-07-28T03:11:31+00:00,2026-09-20T17:46:31.668520+00:00,,"Played this game briefly when it first came out. It was a cool game at first, but it's really nothing special. I don't remember the story, the characters don't stand out very much, the combat is very atypical, and the visuals are really not that great compared to other games like Genshin.",https://steamcommunity.com/app/2064650/reviews/,english,False,,3,0,0.1,"{""app_id"": 2064650, ""app_name"": ""Tower of Fantasy"", ""received_for_free"": false, ""role"": ""focal"", ""steam_purchase"": true}"
ec6edb216440230ce1ff,steam,store_review,Tower of Fantasy,2064650,review,231546831,,2026-07-28T22:14:49+00:00,2026-09-20T17:46:31.668506+00:00,,"TLDR: Game is ok, but the steam version is not. I was having disk performance issues with the official version, so I decided to switch to the steam version, This version had to download 100GB so that I could get to the launcher. Then it had to download 31GB more to launch the game. Once it did that it immediately crashed to desktop. It doesn't even let me log in to my account and crashes to desktop once it is about to get to the home screen. So I had to re-download the official non-steam version As for the game, I loved this game when it came out, but they ended up deleting my account because of some sort of company merger with perfect world games. So I had to restart everything, which I was ok with because I wanted to play through everything again anyway. The game still has probably my favorite character creator of any game. And the open world is not really like other gacha games. Personally this is probably my favorite of all of the gacha open worlds. But the game has more problems now than when it released. First, for the base game, they added world tiers and you can choose to just one shot everything by keeping your account on the first world tier. Having an MMO with different world tiers makes no sense - especially since the people nearby may be on a different world tier than you. As for the ""warp server"" it's a really cool idea, but it has the same problems as the base game, but it might be even worse. There are no world tiers, but everything is so easy that it doesn't matter. It feels like you are on the first world tier all of the time. You one-shot everything except for world bosses, and even the world bosses do no damage to you. Also in the warp server, you start with 6 weapons that are upgraded to +9, and +15 is the max. It is extremely expensive to upgrade weapons, so you feel forced to use the starter weapons for quite a while. Edit: I got it to work on linux but they're still selling $500 outfits for their anniversary event so ♥♥♥♥ you",https://steamcommunity.com/app/2064650/reviews/,english,False,,11,0,3.6,"{""app_id"": 2064650, ""app_name"": ""Tower of Fantasy"", ""received_for_free"": false, ""role"": ""focal"", ""steam_purchase"": true}"
e1994ce2c4c3262b1480,steam,store_review,Tower of Fantasy,2064650,review,231557206,,2026-07-29T01:44:34+00:00,2026-09-20T17:46:31.668449+00:00,,If you didn't follow them on Twitter a year ago. They deleted your account regardless if you spent a million dollars or not. Having no backups when switching servers is outright shameless.,https://steamcommunity.com/app/2064650/reviews/,english,False,,48,2,1.2,"{""app_id"": 2064650, ""app_name"": ""Tower of Fantasy"", ""received_for_free"": false, ""role"": ""focal"", ""steam_purchase"": true}"
4c8010a38010979cade9,steam,store_review,Tower of Fantasy,2064650,review,231745775,,2026-07-31T14:33:13+00:00,2026-09-20T17:46:31.668435+00:00,,A-S-S,https://steamcommunity.com/app/2064650/reviews/,english,False,,1,0,19.7,"{""app_id"": 2064650, ""app_name"": ""Tower of Fantasy"", ""received_for_free"": false, ""role"": ""focal"", ""steam_purchase"": true}"
6d90e38bd4124b900b65,steam,store_review,Tower of Fantasy,2064650,review,231819040,,2026-08-01T13:49:16+00:00,2026-09-20T17:46:31.668425+00:00,,ye,https://steamcommunity.com/app/2064650/reviews/,english,True,,0,0,3.7,"{""app_id"": 2064650, ""app_name"": ""Tower of Fantasy"", ""received_for_free"": false, ""role"": ""focal"", ""steam_purchase"": true}"
f17311781f0b283f6604,steam,store_review,Tower of Fantasy,2064650,review,232059606,,2026-08-04T17:58:09+00:00,2026-09-20T17:46:31.668415+00:00,,"One of the best Asian gacha games of all time. Years of content for any new players, always adding new content for old players. While still as glitchy as most free gacha games, ToF offers almost every genera of fantasy and sci-fi all in one place., Only complaints, the UI is atrocious, and there is a steep learning cure due to the sheer volume of stuff that exists in the same. The WARP Server version is MUCH easier, and quite fast paced, while the original gacha servers are more in depth and have a longer progression.",https://steamcommunity.com/app/2064650/reviews/,english,True,,1,0,255.3,"{""app_id"": 2064650, ""app_name"": ""Tower of Fantasy"", ""received_for_free"": false, ""role"": ""focal"", ""steam_purchase"": true}"
004d19de33613b48ae3a,steam,store_review,Tower of Fantasy,2064650,review,232139020,,2026-08-05T19:12:06+00:00,2026-09-20T17:46:31.668400+00:00,,This game is so not worth a 6-7 rating. :3,https://steamcommunity.com/app/2064650/reviews/,english,False,,1,0,19.1,"{""app_id"": 2064650, ""app_name"": ""Tower of Fantasy"", ""received_for_free"": false, ""role"": ""focal"", ""steam_purchase"": true}"
7018f072949e61840e1f,steam,store_review,Tower of Fantasy,2064650,review,232480864,,2026-08-10T04:06:23+00:00,2026-09-20T17:46:31.668389+00:00,,"This is a hard Nope from me. This is clearly a free-to-play moblie game ported to PC and not a great one. It's pretty to look at but that's all I'm convinced of. Frankly, I was bored. The Controller scheme is crap and you can't remap buttons even though it says you can. This game bleeds and relies heavily on being a super Science Fiction Trope-fest and not at all in good ways. The combat is super basic and bland. The voice acting is passable but nothing amazing. The beginning of the game was not all that engaging or entertaining. After having read some things about where the story doesn't get better till around 4.0 which is about 15-20 hours in, I am not at all willing to give a game that much time for the story to get better. The short and sweet of it: this isn't for me, moving on.",https://steamcommunity.com/app/2064650/reviews/,english,False,,4,0,1.3,"{""app_id"": 2064650, ""app_name"": ""Tower of Fantasy"", ""received_for_free"": false, ""role"": ""focal"", ""steam_purchase"": true}"
5f388ba51172074dd6ff,steam,store_review,Tower of Fantasy,2064650,review,232539559,,2026-08-10T22:47:35+00:00,2026-09-20T17:46:31.668371+00:00,,nice and chill genshinstyle game <3,https://steamcommunity.com/app/2064650/reviews/,english,True,,0,0,78.9,"{""app_id"": 2064650, ""app_name"": ""Tower of Fantasy"", ""received_for_free"": false, ""role"": ""focal"", ""steam_purchase"": true}"
1e4d6a2cf0fc88f144e0,steam,store_review,Tower of Fantasy,2064650,review,232687147,,2026-08-12T22:02:18+00:00,2026-09-20T17:46:31.668361+00:00,,"Hotta Studio desperately needs to hire a UI developer who has used a PC this century, or ever. This game is a straight-up lift-and-drop mobile phone game port, and it shows in every way. This is without a doubt the single worst PC video game UI I've experienced in the 21st century. There are dozens of disconnected sub-menus, and no two menus navigate in the same way. It's as if every single visual aspect of the game was designed by different siloed teams who had no communication with each other, and then Doug in Accounting's ""special"" kid was tasked with patching them all together. The fact that they made absolutely zero attempt to design a functional PC UI shows how lazy this company is, and how little they deserve anyone's time, let alone their money. Oh and have I mentioned the bugs? There are bugs. The game crashes when you sneeze at it. The game freezes up when my next door neighbor starts his motorcycle. The gamepad input randomly decides to stop working if you forgot to say ten Hail Marys in the last fifteen minutes. Once you actually get to play, the action itself is solid and rewarding, fun even. It's everything else about the game that belongs in a dumpster, which then needs to be set on fire. I really should have listened to all the other reviews already warning of all this stuff, but I had to see for myself. Now I have seen, and now I am uninstalling this hideous tripe. Edit: I forgot to turn off the comments before posting. Apologies for giving the CHUD whales another place to spew. That has since been corrected.",https://steamcommunity.com/app/2064650/reviews/,english,False,,4,1,4.3,"{""app_id"": 2064650, ""app_name"": ""Tower of Fantasy"", ""received_for_free"": false, ""role"": ""focal"", ""steam_purchase"": true}"
d78f345199117d46c037,steam,store_review,Tower of Fantasy,2064650,review,232836219,,2026-08-14T20:43:04+00:00,2026-09-20T17:46:31.668337+00:00,,"It’s cool, really, it’s just not for me.. An MMO online solo game where gacha is about characters turned into weapons.. Gachas will always be boring and uninteresting games for me — games where, apart from the main combat mechanics, you’re fighting opponents who can’t do anything. Alas.. Downloading 110 GB on Steam just to then download 40 GB in the launcher — well, that’s just crazy. Blurred text.",https://steamcommunity.com/app/2064650/reviews/,english,False,,4,0,1.6,"{""app_id"": 2064650, ""app_name"": ""Tower of Fantasy"", ""received_for_free"": false, ""role"": ""focal"", ""steam_purchase"": true}"
d312258fb77cc673e106,steam,store_review,Tower of Fantasy,2064650,review,233195303,,2026-08-19T13:33:56+00:00,2026-09-20T17:46:31.668321+00:00,,"Tower of Fantasy is s MMORPG class game, Coop and player v player modes are part of modus operandi. The game is an open world with many fantasy buildings to enter and explore. The graphics in this game are best appreciated with an IPS or IGZO display. This game is also available on the PlayStation 4. Played this on my Dell Precision 3480 with Arc Xe graphics and RTX A500 discrete graphics. Game is very playable.",https://steamcommunity.com/app/2064650/reviews/,english,True,,9,0,0.3,"{""app_id"": 2064650, ""app_name"": ""Tower of Fantasy"", ""received_for_free"": false, ""role"": ""focal"", ""steam_purchase"": true}"
7784991c0208c016abd9,steam,store_review,Tower of Fantasy,2064650,review,233338026,,2026-08-21T12:19:30+00:00,2026-09-20T17:46:31.668307+00:00,,gud,https://steamcommunity.com/app/2064650/reviews/,english,True,,1,0,14.0,"{""app_id"": 2064650, ""app_name"": ""Tower of Fantasy"", ""received_for_free"": false, ""role"": ""focal"", ""steam_purchase"": true}"
1123847c565320a554e6,steam,store_review,Tower of Fantasy,2064650,review,233441128,,2026-08-22T17:18:12+00:00,2026-09-20T17:46:31.668296+00:00,,good,https://steamcommunity.com/app/2064650/reviews/,english,True,,1,0,36.9,"{""app_id"": 2064650, ""app_name"": ""Tower of Fantasy"", ""received_for_free"": false, ""role"": ""focal"", ""steam_purchase"": true}"
457dbfe7ed67f7ad0371,steam,store_review,Tower of Fantasy,2064650,review,233521880,,2026-08-23T15:46:43+00:00,2026-09-20T17:46:31.668285+00:00,,"thought I would check back on this game since i played it last a few months around launch. Since then they did a migrate your account or delete everything. everyone who didnt migrate their account by april 35 2025 had their account deleted. Super cool, if you play dont get too attached to your account.",https://steamcommunity.com/app/2064650/reviews/,english,False,,20,3,1.9,"{""app_id"": 2064650, ""app_name"": ""Tower of Fantasy"", ""received_for_free"": false, ""role"": ""focal"", ""steam_purchase"": true}"
e073930bf4bc0277836b,steam,store_review,Tower of Fantasy,2064650,review,233724081,,2026-08-26T06:52:14+00:00,2026-09-20T17:46:31.668272+00:00,,its a cute game,https://steamcommunity.com/app/2064650/reviews/,english,True,,0,0,257.8,"{""app_id"": 2064650, ""app_name"": ""Tower of Fantasy"", ""received_for_free"": false, ""role"": ""focal"", ""steam_purchase"": true}"
e56684c7bb69ba51b967,steam,store_review,Tower of Fantasy,2064650,review,234051862,,2026-08-30T05:51:04+00:00,2026-09-20T17:46:31.668262+00:00,,"Dead, demands money to keep up OR you can play a server that wipes. Don't waste your time.",https://steamcommunity.com/app/2064650/reviews/,english,False,,2,0,344.4,"{""app_id"": 2064650, ""app_name"": ""Tower of Fantasy"", ""received_for_free"": false, ""role"": ""focal"", ""steam_purchase"": true}"
b6cecb5d2ab8ccc78a8c,steam,store_review,Tower of Fantasy,2064650,review,234296015,,2026-09-02T10:45:53+00:00,2026-09-20T17:46:31.668251+00:00,,peak,https://steamcommunity.com/app/2064650/reviews/,english,True,,0,0,16.5,"{""app_id"": 2064650, ""app_name"": ""Tower of Fantasy"", ""received_for_free"": false, ""role"": ""focal"", ""steam_purchase"": true}"
9450c2473b8cbe28898c,steam,store_review,Tower of Fantasy,2064650,review,234392437,,2026-09-03T18:07:49+00:00,2026-09-20T17:46:31.668242+00:00,,"Only played it for the EVA collab, otherwise it's quite extraordinarily ♥♥♥♥",https://steamcommunity.com/app/2064650/reviews/,english,False,,4,0,65.9,"{""app_id"": 2064650, ""app_name"": ""Tower of Fantasy"", ""received_for_free"": false, ""role"": ""focal"", ""steam_purchase"": true}"
33ccaf724e6c32818fbb,steam,store_review,Tower of Fantasy,2064650,review,234408191,,2026-09-03T22:18:30+00:00,2026-09-20T17:46:31.668231+00:00,,Great Game GG,https://steamcommunity.com/app/2064650/reviews/,english,True,,3,0,28.3,"{""app_id"": 2064650, ""app_name"": ""Tower of Fantasy"", ""received_for_free"": false, ""role"": ""focal"", ""steam_purchase"": true}"
d31bbf2833702c016512,steam,store_review,Tower of Fantasy,2064650,review,234588611,,2026-09-06T04:05:30+00:00,2026-09-20T17:46:31.668220+00:00,,‎,https://steamcommunity.com/app/2064650/reviews/,english,False,,1,0,5.2,"{""app_id"": 2064650, ""app_name"": ""Tower of Fantasy"", ""received_for_free"": false, ""role"": ""focal"", ""steam_purchase"": true}"
7c2e1a67ec9a438acd4d,steam,store_review,Tower of Fantasy,2064650,review,234643375,,2026-09-06T18:44:40+00:00,2026-09-20T17:46:31.668210+00:00,,"Functionally unplayable, to think I thought this game deserved a second chance.",https://steamcommunity.com/app/2064650/reviews/,english,False,,2,0,2.8,"{""app_id"": 2064650, ""app_name"": ""Tower of Fantasy"", ""received_for_free"": false, ""role"": ""focal"", ""steam_purchase"": true}"
fae52b18ebc07d69caf1,steam,store_review,Tower of Fantasy,2064650,review,234727171,,2026-09-07T20:55:10+00:00,2026-09-20T17:46:31.668199+00:00,,Couldnt even launch the game the launcher kept crushing.... And it still needed to download files after 100 gb download....,https://steamcommunity.com/app/2064650/reviews/,english,False,,2,0,0.4,"{""app_id"": 2064650, ""app_name"": ""Tower of Fantasy"", ""received_for_free"": false, ""role"": ""focal"", ""steam_purchase"": true}"
66ec03ac340daa9cb0e3,steam,store_review,Tower of Fantasy,2064650,review,234784926,,2026-09-08T17:11:19+00:00,2026-09-20T17:46:31.668188+00:00,,"When will a fourth height option and increased bust slider limits be added for custom characters? Most playable simulacrum are already taller and have larger body proportions than the custom main protagonist. Also, when will Steam achievements and Steam Points Shop items be added?",https://steamcommunity.com/app/2064650/reviews/,english,True,,2,0,5041.8,"{""app_id"": 2064650, ""app_name"": ""Tower of Fantasy"", ""received_for_free"": false, ""role"": ""focal"", ""steam_purchase"": true}"
18964ae0c8f200c72723,steam,store_review,Tower of Fantasy,2064650,review,234799592,,2026-09-08T21:09:30+00:00,2026-09-20T17:46:31.668175+00:00,,good game,https://steamcommunity.com/app/2064650/reviews/,english,True,,1,0,2435.4,"{""app_id"": 2064650, ""app_name"": ""Tower of Fantasy"", ""received_for_free"": false, ""role"": ""focal"", ""steam_purchase"": true}"
281d88cf9c0b1693aaec,steam,store_review,Tower of Fantasy,2064650,review,234821170,,2026-09-09T05:36:06+00:00,2026-09-20T17:46:31.668165+00:00,,13467457,https://steamcommunity.com/app/2064650/reviews/,english,True,,0,0,216.0,"{""app_id"": 2064650, ""app_name"": ""Tower of Fantasy"", ""received_for_free"": false, ""role"": ""focal"", ""steam_purchase"": true}"
810301b9df61640c0117,steam,store_review,Tower of Fantasy,2064650,review,235005370,,2026-09-11T12:24:13+00:00,2026-09-20T17:46:31.668154+00:00,,"So, I’m a new player, i play on PC, and honestly, my first impression of Tower of Fantasy was pretty good! I customised my character and she turned out SO cute.💕 I was really happy with her, and the character customisation is definitely one of the things I liked the most. I’m still a little confused about the gacha system and how exactly you’re supposed to get weapons/characters, though. I’m usually more into classic MMORPGs, so I’m not really used to this kind of system. The game also throws a LOT of information at you at the beginning, and I’ll admit… I was too lazy to read all of it. 😭 So some of my confusion is probably partly my fault. I also ran into some issues with the voice acting/audio. Some voice lines seemed to be missing, while others were suddenly in English even though I had set my voice language to Japanese. It was pretty weird and took me out of the experience a little. But the biggest problem I had was the story progression. The game really doesn't feel very beginner-friendly if you're trying to actually follow the story in order. I got what felt like a massive spoiler very early on, because at some point the game suddenly wanted to send me to Vera or something??? And suddenly I was seeing Shirli's new appearance and getting information that, as a completely new player, I definitely wasn't expecting to see yet. At first, I genuinely thought my game had bugged out or that I had somehow skipped a bunch of quests. But then I checked my quests because I’m familiar with classic MMORPGs and I thought, ""Okay, maybe I should check what I'm actually supposed to be doing before I follow this new quest."" And that's when I realised that the story I was actually supposed to be experiencing had basically been pushed aside and turned into a side/Memory quest, while the game was trying to move me forward into later content. And honestly… WHAT 😭 I understand that the game is trying to help players catch up with the newer content, and technically the older story isn't gone. I could manually go back and track the original quests. But as a new player, I shouldn't have to already know that. If I'm playing the game for the first time and the game tells me to follow the main quest, I'm obviously going to assume that the main quest is the story I'm supposed to be following. Instead, I suddenly found myself being pushed into later content and seeing characters and story developments that I hadn't properly reached yet. That's what bothered me the most. I even looked online afterwards because I genuinely thought this was just something weird happening to my game, but I found other new players talking about having the exact same confusion. So I don't think Tower of Fantasy is necessarily a bad game. I actually think there's a lot here that I could enjoy. The graphics are really pretty, the character customisation is adorable, and I'm sure the game becomes much easier to understand once you've played it for a while. But I do think the onboarding is really confusing for a completely new player. There's a lot of information thrown at you, the gacha system can be confusing if you're coming from a more traditional MMORPG background, and the way the story progression works can make it really easy to accidentally spoil yourself or think you've skipped something. And for me personally, that really killed my motivation to continue. I didn't finish the game because I stopped playing after that. I did try to continue the original story manually, but honestly, I was still disappointed that I had already been shown such a major development before I was supposed to experience it. So, as someone who is new to Tower of Fantasy, I wouldn't personally recommend it as a first MMORPG if you're someone who really cares about following the story naturally and understanding everything as you go. That doesn't mean I think the game is bad. It's more like… I think Tower of Fantasy can be enjoyable once you understand how everything works, but getting to that point as a new player can be unnecessarily confusing. 😭 Still, the graphics are beautiful, and the character customisation is genuinely SO good. 💕 That's probably the part I had the most fun with!",https://steamcommunity.com/app/2064650/reviews/,english,False,,2,0,12.7,"{""app_id"": 2064650, ""app_name"": ""Tower of Fantasy"", ""received_for_free"": false, ""role"": ""focal"", ""steam_purchase"": true}"
f51014aaf1099bfcf7f5,steam,store_review,Tower of Fantasy,2064650,review,235013243,,2026-09-11T14:21:24+00:00,2026-09-20T17:46:31.668087+00:00,,"Id you asked me would i recommend this game a few years before many transfers i would say yes, however due to many transfer i lost my account and so did many, and as such i dont recommend this game. it was good memory.",https://steamcommunity.com/app/2064650/reviews/,english,False,,1,0,225.0,"{""app_id"": 2064650, ""app_name"": ""Tower of Fantasy"", ""received_for_free"": false, ""role"": ""focal"", ""steam_purchase"": true}"
978d2f4557e4fb93aaa2,steam,store_review,Tower of Fantasy,2064650,review,235242029,,2026-09-14T04:31:10+00:00,2026-09-20T17:46:31.668073+00:00,,"Enemies do zero damage to me, and I don't like that",https://steamcommunity.com/app/2064650/reviews/,english,False,,2,0,151.9,"{""app_id"": 2064650, ""app_name"": ""Tower of Fantasy"", ""received_for_free"": false, ""role"": ""focal"", ""steam_purchase"": true}"
6189b7c53990c23f20c8,steam,store_review,Tower of Fantasy,2064650,review,235279358,,2026-09-14T17:48:35+00:00,2026-09-20T17:46:31.668060+00:00,,How the hell has this game not had it's EOS announced yet?,https://steamcommunity.com/app/2064650/reviews/,english,False,,3,0,1.6,"{""app_id"": 2064650, ""app_name"": ""Tower of Fantasy"", ""received_for_free"": false, ""role"": ""focal"", ""steam_purchase"": true}"
4ffb09789cf481914a20,steam,store_review,Tower of Fantasy,2064650,review,235523057,,2026-09-18T09:57:40+00:00,2026-09-20T17:46:31.668045+00:00,,good pvp,https://steamcommunity.com/app/2064650/reviews/,english,True,,1,0,96.7,"{""app_id"": 2064650, ""app_name"": ""Tower of Fantasy"", ""received_for_free"": false, ""role"": ""focal"", ""steam_purchase"": true}"
74ba429829329dfb56d7,steam,store_review,Tower of Fantasy,2064650,review,235579751,,2026-09-19T03:14:12+00:00,2026-09-20T17:46:31.668026+00:00,,This is the second time I have started this game and found that my login is gone and have to start all over with all of my purchases gone.,https://steamcommunity.com/app/2064650/reviews/,english,False,,0,0,1421.7,"{""app_id"": 2064650, ""app_name"": ""Tower of Fantasy"", ""received_for_free"": false, ""role"": ""focal"", ""steam_purchase"": true}"
ac18ee4db0a3363ec651,steam,store_review,Tower of Fantasy,2064650,review,235659065,,2026-09-20T03:07:58+00:00,2026-09-20T17:46:31.667972+00:00,,"the beginning of the game was really good, and i enjoyed character customization a lot! and then i continued playing bugs. bugs up the wazoo. the weird little flying quest was jittery and kept teleporting me [thank god it was an auto thang and i didnt need to steer], voicelines will cut for no reason, one of the quests i almost couldn't complete because it kept saying failed and reseting even though i was just driving the story is also great up until shiri gets... uh... well i sure wish i knew what was going on with her! game doesn't really explain and then the main questline skips over explaining what actually even happens between her being a normal girl and her becoming a cyborg thing [appearently it shuttles it off to another quest that isn't mainline??] and just. man. it sucks!",https://steamcommunity.com/app/2064650/reviews/,english,False,,0,0,5.4,"{""app_id"": 2064650, ""app_name"": ""Tower of Fantasy"", ""received_for_free"": false, ""role"": ""focal"", ""steam_purchase"": true}"
