event_id,player_id,event_date,event_name,event_value,patch_version
E0000001,P00001,2026-03-29,celestial_runway_joined,6,1.3
E0000002,P00002,2026-04-03,companion_affinity_unlocked,4,1.3
E0000003,P00004,2026-02-26,companion_affinity_unlocked,4,1.2
E0000004,P00005,2026-03-19,celestial_runway_joined,8,1.3
E0000005,P00007,2026-04-04,celestial_runway_joined,1,1.3
E0000006,P00008,2026-03-27,celestial_runway_joined,2,1.3
E0000007,P00009,2026-01-27,companion_affinity_unlocked,2,1.2
E0000008,P00010,2026-01-17,companion_affinity_unlocked,5,1.2
E0000009,P00010,2026-03-30,celestial_runway_joined,7,1.3
E0000010,P00011,2026-03-28,celestial_runway_joined,5,1.3
E0000011,P00012,2026-04-28,companion_affinity_unlocked,4,1.3
E0000012,P00012,2026-04-28,celestial_runway_joined,5,1.3
E0000013,P00013,2026-04-06,celestial_runway_joined,3,1.3
E0000014,P00014,2026-04-11,celestial_runway_joined,3,1.3
E0000015,P00015,2026-04-07,celestial_runway_joined,6,1.3
E0000016,P00016,2026-04-08,companion_affinity_unlocked,4,1.3
E0000017,P00017,2026-03-23,celestial_runway_joined,7,1.3
E0000018,P00018,2026-01-18,companion_affinity_unlocked,4,1.2
E0000019,P00018,2026-04-01,celestial_runway_joined,6,1.3
E0000020,P00019,2026-04-11,companion_affinity_unlocked,4,1.3
E0000021,P00020,2026-02-26,companion_affinity_unlocked,5,1.2
E0000022,P00020,2026-03-21,celestial_runway_joined,3,1.3
E0000023,P00021,2026-03-31,celestial_runway_joined,5,1.3
E0000024,P00023,2026-01-28,companion_affinity_unlocked,4,1.2
E0000025,P00023,2026-03-30,celestial_runway_joined,2,1.3
E0000026,P00024,2026-04-20,companion_affinity_unlocked,1,1.3
E0000027,P00025,2026-04-02,companion_affinity_unlocked,5,1.3
E0000028,P00025,2026-04-17,celestial_runway_joined,5,1.3
E0000029,P00027,2026-02-18,companion_affinity_unlocked,2,1.2
E0000030,P00028,2026-04-05,celestial_runway_joined,5,1.3
E0000031,P00029,2026-03-07,companion_affinity_unlocked,1,1.3
E0000032,P00031,2026-02-25,companion_affinity_unlocked,5,1.2
E0000033,P00031,2026-03-29,celestial_runway_joined,3,1.3
E0000034,P00032,2026-02-03,companion_affinity_unlocked,5,1.2
E0000035,P00034,2026-03-09,companion_affinity_unlocked,2,1.3
E0000036,P00034,2026-04-03,celestial_runway_joined,2,1.3
E0000037,P00035,2026-05-02,celestial_runway_joined,4,1.3
E0000038,P00036,2026-03-15,celestial_runway_joined,6,1.3
E0000039,P00037,2026-04-26,celestial_runway_joined,7,1.3
E0000040,P00038,2026-04-19,celestial_runway_joined,3,1.3
E0000041,P00039,2026-02-04,companion_affinity_unlocked,2,1.2
E0000042,P00039,2026-04-01,celestial_runway_joined,6,1.3
E0000043,P00040,2026-03-16,companion_affinity_unlocked,5,1.3
E0000044,P00041,2026-01-27,companion_affinity_unlocked,2,1.2
E0000045,P00041,2026-03-28,celestial_runway_joined,7,1.3
E0000046,P00042,2026-04-06,celestial_runway_joined,6,1.3
E0000047,P00043,2026-03-31,celestial_runway_joined,8,1.3
E0000048,P00044,2026-03-23,celestial_runway_joined,8,1.3
E0000049,P00045,2026-01-15,companion_affinity_unlocked,4,1.2
E0000050,P00045,2026-03-28,celestial_runway_joined,3,1.3
E0000051,P00046,2026-04-25,companion_affinity_unlocked,2,1.3
E0000052,P00047,2026-02-25,companion_affinity_unlocked,1,1.2
E0000053,P00048,2026-04-15,companion_affinity_unlocked,2,1.3
E0000054,P00050,2026-04-06,companion_affinity_unlocked,1,1.3
E0000055,P00050,2026-04-17,celestial_runway_joined,3,1.3
E0000056,P00051,2026-04-03,companion_affinity_unlocked,3,1.3
E0000057,P00051,2026-03-29,celestial_runway_joined,8,1.3
E0000058,P00052,2026-03-26,celestial_runway_joined,7,1.3
E0000059,P00053,2026-02-13,companion_affinity_unlocked,5,1.2
E0000060,P00053,2026-03-21,celestial_runway_joined,1,1.3
E0000061,P00054,2026-03-25,celestial_runway_joined,3,1.3
E0000062,P00055,2026-03-01,companion_affinity_unlocked,1,1.3
E0000063,P00055,2026-03-16,celestial_runway_joined,8,1.3
E0000064,P00056,2026-01-08,companion_affinity_unlocked,1,1.2
E0000065,P00056,2026-03-23,celestial_runway_joined,5,1.3
E0000066,P00057,2026-03-08,companion_affinity_unlocked,5,1.3
E0000067,P00058,2026-01-23,companion_affinity_unlocked,3,1.2
E0000068,P00058,2026-03-26,celestial_runway_joined,5,1.3
E0000069,P00059,2026-04-12,celestial_runway_joined,2,1.3
E0000070,P00060,2026-03-27,companion_affinity_unlocked,1,1.3
E0000071,P00061,2026-05-03,celestial_runway_joined,1,1.3
E0000072,P00062,2026-04-02,companion_affinity_unlocked,2,1.3
E0000073,P00062,2026-04-13,celestial_runway_joined,1,1.3
E0000074,P00063,2026-03-21,celestial_runway_joined,8,1.3
E0000075,P00064,2026-05-08,celestial_runway_joined,6,1.3
E0000076,P00065,2026-04-02,celestial_runway_joined,8,1.3
E0000077,P00068,2026-03-22,celestial_runway_joined,2,1.3
E0000078,P00069,2026-01-13,companion_affinity_unlocked,1,1.2
E0000079,P00069,2026-03-30,celestial_runway_joined,3,1.3
E0000080,P00070,2026-02-27,companion_affinity_unlocked,4,1.2
E0000081,P00070,2026-03-27,celestial_runway_joined,5,1.3
E0000082,P00071,2026-04-08,companion_affinity_unlocked,5,1.3
E0000083,P00072,2026-01-27,companion_affinity_unlocked,3,1.2
E0000084,P00072,2026-03-15,celestial_runway_joined,1,1.3
E0000085,P00074,2026-01-18,companion_affinity_unlocked,2,1.2
E0000086,P00074,2026-03-22,celestial_runway_joined,3,1.3
E0000087,P00075,2026-03-25,companion_affinity_unlocked,2,1.3
E0000088,P00075,2026-03-31,celestial_runway_joined,4,1.3
E0000089,P00076,2026-03-24,celestial_runway_joined,2,1.3
E0000090,P00077,2026-03-16,celestial_runway_joined,6,1.3
E0000091,P00078,2026-03-18,celestial_runway_joined,5,1.3
E0000092,P00080,2026-03-22,companion_affinity_unlocked,4,1.3
E0000093,P00082,2026-02-25,companion_affinity_unlocked,5,1.2
E0000094,P00083,2026-04-04,celestial_runway_joined,2,1.3
E0000095,P00084,2026-04-12,companion_affinity_unlocked,1,1.3
E0000096,P00085,2026-03-19,companion_affinity_unlocked,2,1.3
E0000097,P00085,2026-03-22,celestial_runway_joined,5,1.3
E0000098,P00086,2026-03-27,companion_affinity_unlocked,4,1.3
E0000099,P00086,2026-04-05,celestial_runway_joined,1,1.3
E0000100,P00087,2026-01-14,companion_affinity_unlocked,2,1.2
E0000101,P00088,2026-03-31,celestial_runway_joined,4,1.3
E0000102,P00089,2026-04-02,companion_affinity_unlocked,2,1.3
E0000103,P00090,2026-04-13,celestial_runway_joined,3,1.3
E0000104,P00091,2026-02-22,companion_affinity_unlocked,5,1.2
E0000105,P00091,2026-03-22,celestial_runway_joined,7,1.3
E0000106,P00092,2026-04-07,companion_affinity_unlocked,3,1.3
E0000107,P00093,2026-04-13,companion_affinity_unlocked,3,1.3
E0000108,P00097,2026-01-30,companion_affinity_unlocked,4,1.2
E0000109,P00097,2026-03-20,celestial_runway_joined,4,1.3
E0000110,P00098,2026-03-25,companion_affinity_unlocked,3,1.3
E0000111,P00099,2026-04-02,celestial_runway_joined,3,1.3
E0000112,P00100,2026-03-29,celestial_runway_joined,4,1.3
E0000113,P00101,2026-04-07,celestial_runway_joined,7,1.3
E0000114,P00102,2026-03-15,celestial_runway_joined,3,1.3
E0000115,P00103,2026-04-07,companion_affinity_unlocked,3,1.3
E0000116,P00104,2026-01-04,companion_affinity_unlocked,2,1.2
E0000117,P00106,2026-04-07,celestial_runway_joined,3,1.3
E0000118,P00107,2026-04-05,companion_affinity_unlocked,4,1.3
E0000119,P00109,2026-02-26,companion_affinity_unlocked,3,1.2
E0000120,P00110,2026-03-25,companion_affinity_unlocked,2,1.3
E0000121,P00110,2026-03-31,celestial_runway_joined,4,1.3
E0000122,P00111,2026-02-04,companion_affinity_unlocked,4,1.2
E0000123,P00112,2026-04-03,companion_affinity_unlocked,3,1.3
E0000124,P00112,2026-04-14,celestial_runway_joined,7,1.3
E0000125,P00113,2026-03-08,companion_affinity_unlocked,1,1.3
E0000126,P00114,2026-02-28,companion_affinity_unlocked,1,1.2
E0000127,P00114,2026-03-29,celestial_runway_joined,6,1.3
E0000128,P00116,2026-03-24,celestial_runway_joined,3,1.3
E0000129,P00117,2026-01-07,companion_affinity_unlocked,4,1.2
E0000130,P00118,2026-03-17,celestial_runway_joined,8,1.3
E0000131,P00119,2026-02-01,companion_affinity_unlocked,2,1.2
E0000132,P00119,2026-03-29,celestial_runway_joined,5,1.3
E0000133,P00120,2026-01-19,companion_affinity_unlocked,1,1.2
E0000134,P00122,2026-03-25,celestial_runway_joined,1,1.3
E0000135,P00123,2026-03-21,celestial_runway_joined,5,1.3
E0000136,P00124,2026-03-03,companion_affinity_unlocked,4,1.3
E0000137,P00124,2026-03-27,celestial_runway_joined,7,1.3
E0000138,P00127,2026-04-04,celestial_runway_joined,1,1.3
E0000139,P00128,2026-04-02,celestial_runway_joined,5,1.3
E0000140,P00129,2026-03-17,celestial_runway_joined,4,1.3
E0000141,P00130,2026-03-20,companion_affinity_unlocked,3,1.3
E0000142,P00131,2026-03-13,companion_affinity_unlocked,3,1.3
E0000143,P00131,2026-03-25,celestial_runway_joined,6,1.3
E0000144,P00133,2026-01-18,companion_affinity_unlocked,5,1.2
E0000145,P00136,2026-03-18,celestial_runway_joined,1,1.3
E0000146,P00137,2026-03-14,companion_affinity_unlocked,4,1.3
E0000147,P00138,2026-01-09,companion_affinity_unlocked,2,1.2
E0000148,P00138,2026-03-23,celestial_runway_joined,8,1.3
E0000149,P00140,2026-03-24,celestial_runway_joined,3,1.3
E0000150,P00141,2026-05-10,celestial_runway_joined,2,1.3
E0000151,P00142,2026-01-29,companion_affinity_unlocked,3,1.2
E0000152,P00143,2026-03-15,celestial_runway_joined,2,1.3
E0000153,P00145,2026-05-01,celestial_runway_joined,1,1.3
E0000154,P00146,2026-04-16,companion_affinity_unlocked,1,1.3
E0000155,P00147,2026-01-10,companion_affinity_unlocked,5,1.2
E0000156,P00147,2026-03-27,celestial_runway_joined,3,1.3
E0000157,P00148,2026-01-29,companion_affinity_unlocked,3,1.2
E0000158,P00149,2026-04-15,celestial_runway_joined,7,1.3
E0000159,P00150,2026-01-11,companion_affinity_unlocked,5,1.2
E0000160,P00150,2026-03-15,celestial_runway_joined,8,1.3
E0000161,P00151,2026-04-15,celestial_runway_joined,1,1.3
E0000162,P00152,2026-02-09,companion_affinity_unlocked,3,1.2
E0000163,P00153,2026-04-18,companion_affinity_unlocked,4,1.3
E0000164,P00154,2026-02-07,companion_affinity_unlocked,1,1.2
E0000165,P00156,2026-03-20,companion_affinity_unlocked,3,1.3
E0000166,P00157,2026-01-19,companion_affinity_unlocked,4,1.2
E0000167,P00158,2026-03-25,celestial_runway_joined,4,1.3
E0000168,P00160,2026-04-03,companion_affinity_unlocked,2,1.3
E0000169,P00162,2026-03-22,companion_affinity_unlocked,4,1.3
E0000170,P00164,2026-02-18,companion_affinity_unlocked,2,1.2
E0000171,P00166,2026-04-11,celestial_runway_joined,1,1.3
E0000172,P00169,2026-02-13,companion_affinity_unlocked,1,1.2
E0000173,P00170,2026-03-26,celestial_runway_joined,6,1.3
E0000174,P00171,2026-03-20,celestial_runway_joined,8,1.3
E0000175,P00172,2026-01-13,companion_affinity_unlocked,5,1.2
E0000176,P00173,2026-04-03,companion_affinity_unlocked,3,1.3
E0000177,P00174,2026-04-05,celestial_runway_joined,1,1.3
E0000178,P00175,2026-03-25,companion_affinity_unlocked,2,1.3
E0000179,P00175,2026-04-09,celestial_runway_joined,6,1.3
E0000180,P00177,2026-03-30,companion_affinity_unlocked,1,1.3
E0000181,P00177,2026-04-02,celestial_runway_joined,5,1.3
E0000182,P00178,2026-01-25,companion_affinity_unlocked,5,1.2
E0000183,P00179,2026-05-02,celestial_runway_joined,3,1.3
E0000184,P00180,2026-03-25,celestial_runway_joined,1,1.3
E0000185,P00181,2026-04-22,celestial_runway_joined,1,1.3
E0000186,P00182,2026-01-24,companion_affinity_unlocked,2,1.2
E0000187,P00182,2026-03-20,celestial_runway_joined,8,1.3
E0000188,P00184,2026-03-28,celestial_runway_joined,8,1.3
E0000189,P00185,2026-03-26,celestial_runway_joined,7,1.3
E0000190,P00186,2026-03-27,celestial_runway_joined,4,1.3
E0000191,P00188,2026-02-15,companion_affinity_unlocked,2,1.2
E0000192,P00189,2026-02-04,companion_affinity_unlocked,5,1.2
E0000193,P00189,2026-03-19,celestial_runway_joined,2,1.3
E0000194,P00190,2026-03-25,celestial_runway_joined,8,1.3
E0000195,P00191,2026-04-06,celestial_runway_joined,3,1.3
E0000196,P00192,2026-03-21,companion_affinity_unlocked,3,1.3
E0000197,P00192,2026-03-21,celestial_runway_joined,8,1.3
E0000198,P00193,2026-03-19,celestial_runway_joined,5,1.3
E0000199,P00195,2026-04-23,companion_affinity_unlocked,1,1.3
E0000200,P00195,2026-04-23,celestial_runway_joined,1,1.3
E0000201,P00197,2026-03-18,celestial_runway_joined,7,1.3
E0000202,P00198,2026-03-27,celestial_runway_joined,2,1.3
E0000203,P00200,2026-04-21,celestial_runway_joined,2,1.3
E0000204,P00201,2026-03-19,celestial_runway_joined,4,1.3
E0000205,P00203,2026-03-25,celestial_runway_joined,8,1.3
E0000206,P00204,2026-03-28,companion_affinity_unlocked,2,1.3
E0000207,P00204,2026-04-03,celestial_runway_joined,8,1.3
E0000208,P00205,2026-03-30,celestial_runway_joined,6,1.3
E0000209,P00206,2026-03-26,celestial_runway_joined,1,1.3
E0000210,P00207,2026-04-05,celestial_runway_joined,2,1.3
E0000211,P00209,2026-04-04,celestial_runway_joined,1,1.3
E0000212,P00210,2026-04-04,companion_affinity_unlocked,5,1.3
E0000213,P00210,2026-04-04,celestial_runway_joined,4,1.3
E0000214,P00211,2026-04-04,celestial_runway_joined,5,1.3
E0000215,P00212,2026-04-07,celestial_runway_joined,6,1.3
E0000216,P00213,2026-04-05,companion_affinity_unlocked,5,1.3
E0000217,P00213,2026-04-15,celestial_runway_joined,3,1.3
E0000218,P00214,2026-03-16,celestial_runway_joined,3,1.3
E0000219,P00215,2026-04-06,celestial_runway_joined,7,1.3
E0000220,P00216,2026-02-03,companion_affinity_unlocked,4,1.2
E0000221,P00216,2026-03-30,celestial_runway_joined,7,1.3
E0000222,P00217,2026-01-16,companion_affinity_unlocked,2,1.2
E0000223,P00217,2026-03-23,celestial_runway_joined,7,1.3
E0000224,P00218,2026-01-19,companion_affinity_unlocked,5,1.2
E0000225,P00218,2026-03-24,celestial_runway_joined,8,1.3
E0000226,P00219,2026-02-27,companion_affinity_unlocked,3,1.2
E0000227,P00220,2026-04-18,companion_affinity_unlocked,5,1.3
E0000228,P00220,2026-05-02,celestial_runway_joined,6,1.3
E0000229,P00222,2026-03-31,celestial_runway_joined,1,1.3
E0000230,P00224,2026-01-26,companion_affinity_unlocked,1,1.2
E0000231,P00224,2026-03-16,celestial_runway_joined,7,1.3
E0000232,P00225,2026-03-26,companion_affinity_unlocked,2,1.3
E0000233,P00225,2026-04-05,celestial_runway_joined,8,1.3
E0000234,P00226,2026-03-29,celestial_runway_joined,1,1.3
E0000235,P00227,2026-04-11,celestial_runway_joined,2,1.3
E0000236,P00228,2026-03-25,celestial_runway_joined,3,1.3
E0000237,P00229,2026-03-16,celestial_runway_joined,5,1.3
E0000238,P00230,2026-01-27,companion_affinity_unlocked,2,1.2
E0000239,P00231,2026-03-22,celestial_runway_joined,4,1.3
E0000240,P00232,2026-04-13,celestial_runway_joined,3,1.3
E0000241,P00233,2026-01-07,companion_affinity_unlocked,2,1.2
E0000242,P00234,2026-04-07,celestial_runway_joined,1,1.3
E0000243,P00235,2026-02-28,companion_affinity_unlocked,3,1.2
E0000244,P00235,2026-04-02,celestial_runway_joined,3,1.3
E0000245,P00236,2026-03-31,companion_affinity_unlocked,4,1.3
E0000246,P00236,2026-03-30,celestial_runway_joined,8,1.3
E0000247,P00237,2026-03-24,celestial_runway_joined,1,1.3
E0000248,P00238,2026-03-19,celestial_runway_joined,8,1.3
E0000249,P00241,2026-01-21,companion_affinity_unlocked,2,1.2
E0000250,P00243,2026-03-29,celestial_runway_joined,1,1.3
E0000251,P00244,2026-03-30,celestial_runway_joined,8,1.3
E0000252,P00245,2026-03-20,companion_affinity_unlocked,3,1.3
E0000253,P00245,2026-03-26,celestial_runway_joined,6,1.3
E0000254,P00246,2026-03-23,celestial_runway_joined,3,1.3
E0000255,P00247,2026-03-30,celestial_runway_joined,4,1.3
E0000256,P00249,2026-04-06,companion_affinity_unlocked,4,1.3
E0000257,P00249,2026-04-11,celestial_runway_joined,1,1.3
E0000258,P00250,2026-03-30,celestial_runway_joined,8,1.3
E0000259,P00251,2026-01-26,companion_affinity_unlocked,4,1.2
E0000260,P00252,2026-03-22,celestial_runway_joined,5,1.3
E0000261,P00253,2026-01-26,companion_affinity_unlocked,1,1.2
E0000262,P00254,2026-03-23,celestial_runway_joined,4,1.3
E0000263,P00255,2026-03-20,companion_affinity_unlocked,1,1.3
E0000264,P00256,2026-04-04,celestial_runway_joined,7,1.3
E0000265,P00258,2026-01-19,companion_affinity_unlocked,3,1.2
E0000266,P00258,2026-03-20,celestial_runway_joined,6,1.3
E0000267,P00259,2026-03-26,celestial_runway_joined,3,1.3
E0000268,P00260,2026-03-16,companion_affinity_unlocked,1,1.3
E0000269,P00260,2026-03-24,celestial_runway_joined,7,1.3
E0000270,P00261,2026-04-05,celestial_runway_joined,1,1.3
E0000271,P00262,2026-03-30,celestial_runway_joined,4,1.3
E0000272,P00264,2026-04-20,celestial_runway_joined,6,1.3
E0000273,P00266,2026-03-15,companion_affinity_unlocked,5,1.3
E0000274,P00266,2026-04-01,celestial_runway_joined,8,1.3
E0000275,P00267,2026-03-23,celestial_runway_joined,8,1.3
E0000276,P00269,2026-03-17,companion_affinity_unlocked,1,1.3
E0000277,P00269,2026-04-02,celestial_runway_joined,5,1.3
E0000278,P00270,2026-03-14,companion_affinity_unlocked,3,1.3
E0000279,P00271,2026-04-03,celestial_runway_joined,4,1.3
E0000280,P00272,2026-04-01,celestial_runway_joined,4,1.3
E0000281,P00273,2026-03-18,celestial_runway_joined,5,1.3
E0000282,P00274,2026-04-24,companion_affinity_unlocked,2,1.3
E0000283,P00274,2026-05-04,celestial_runway_joined,6,1.3
E0000284,P00275,2026-02-24,companion_affinity_unlocked,4,1.2
E0000285,P00277,2026-02-25,companion_affinity_unlocked,2,1.2
E0000286,P00278,2026-04-03,companion_affinity_unlocked,3,1.3
E0000287,P00279,2026-03-30,celestial_runway_joined,2,1.3
E0000288,P00281,2026-02-08,companion_affinity_unlocked,4,1.2
E0000289,P00283,2026-03-24,companion_affinity_unlocked,5,1.3
E0000290,P00283,2026-04-07,celestial_runway_joined,1,1.3
E0000291,P00285,2026-02-23,companion_affinity_unlocked,3,1.2
E0000292,P00285,2026-03-28,celestial_runway_joined,2,1.3
E0000293,P00286,2026-04-22,companion_affinity_unlocked,2,1.3
E0000294,P00287,2026-03-20,celestial_runway_joined,1,1.3
E0000295,P00288,2026-03-13,companion_affinity_unlocked,4,1.3
E0000296,P00290,2026-02-26,companion_affinity_unlocked,2,1.2
E0000297,P00291,2026-04-10,companion_affinity_unlocked,5,1.3
E0000298,P00292,2026-02-03,companion_affinity_unlocked,1,1.2
E0000299,P00293,2026-04-27,companion_affinity_unlocked,3,1.3
E0000300,P00293,2026-04-26,celestial_runway_joined,6,1.3
E0000301,P00295,2026-04-02,celestial_runway_joined,6,1.3
E0000302,P00296,2026-03-26,celestial_runway_joined,2,1.3
E0000303,P00297,2026-04-12,companion_affinity_unlocked,1,1.3
E0000304,P00297,2026-04-15,celestial_runway_joined,7,1.3
E0000305,P00298,2026-03-15,celestial_runway_joined,6,1.3
E0000306,P00299,2026-02-05,companion_affinity_unlocked,2,1.2
E0000307,P00300,2026-01-10,companion_affinity_unlocked,5,1.2
E0000308,P00300,2026-03-23,celestial_runway_joined,8,1.3
E0000309,P00302,2026-04-10,companion_affinity_unlocked,1,1.3
E0000310,P00305,2026-03-06,companion_affinity_unlocked,3,1.3
E0000311,P00306,2026-01-19,companion_affinity_unlocked,3,1.2
E0000312,P00307,2026-03-19,celestial_runway_joined,3,1.3
E0000313,P00310,2026-01-16,companion_affinity_unlocked,1,1.2
E0000314,P00312,2026-03-22,companion_affinity_unlocked,1,1.3
E0000315,P00313,2026-03-24,celestial_runway_joined,4,1.3
E0000316,P00315,2026-03-27,celestial_runway_joined,6,1.3
E0000317,P00316,2026-03-24,companion_affinity_unlocked,3,1.3
E0000318,P00317,2026-04-02,celestial_runway_joined,2,1.3
E0000319,P00318,2026-03-29,companion_affinity_unlocked,3,1.3
E0000320,P00319,2026-04-25,companion_affinity_unlocked,1,1.3
E0000321,P00320,2026-04-11,celestial_runway_joined,1,1.3
E0000322,P00322,2026-01-19,companion_affinity_unlocked,5,1.2
E0000323,P00324,2026-04-16,celestial_runway_joined,1,1.3
E0000324,P00325,2026-04-28,companion_affinity_unlocked,2,1.3
E0000325,P00325,2026-05-08,celestial_runway_joined,7,1.3
E0000326,P00327,2026-02-03,companion_affinity_unlocked,2,1.2
E0000327,P00329,2026-01-24,companion_affinity_unlocked,5,1.2
E0000328,P00329,2026-03-30,celestial_runway_joined,2,1.3
E0000329,P00330,2026-03-08,companion_affinity_unlocked,4,1.3
E0000330,P00331,2026-04-03,celestial_runway_joined,8,1.3
E0000331,P00332,2026-03-31,celestial_runway_joined,3,1.3
E0000332,P00333,2026-02-10,companion_affinity_unlocked,1,1.2
E0000333,P00333,2026-03-30,celestial_runway_joined,6,1.3
E0000334,P00334,2026-04-09,companion_affinity_unlocked,3,1.3
E0000335,P00334,2026-04-16,celestial_runway_joined,6,1.3
E0000336,P00335,2026-02-27,companion_affinity_unlocked,3,1.2
E0000337,P00336,2026-04-06,companion_affinity_unlocked,2,1.3
E0000338,P00337,2026-04-28,celestial_runway_joined,7,1.3
E0000339,P00338,2026-02-12,companion_affinity_unlocked,5,1.2
E0000340,P00339,2026-04-04,celestial_runway_joined,4,1.3
E0000341,P00340,2026-04-20,celestial_runway_joined,5,1.3
E0000342,P00341,2026-03-19,companion_affinity_unlocked,5,1.3
E0000343,P00341,2026-03-31,celestial_runway_joined,8,1.3
E0000344,P00342,2026-02-06,companion_affinity_unlocked,5,1.2
E0000345,P00342,2026-04-01,celestial_runway_joined,2,1.3
E0000346,P00343,2026-03-18,companion_affinity_unlocked,2,1.3
E0000347,P00344,2026-03-25,celestial_runway_joined,3,1.3
E0000348,P00345,2026-04-17,companion_affinity_unlocked,2,1.3
E0000349,P00345,2026-04-26,celestial_runway_joined,3,1.3
E0000350,P00346,2026-03-19,celestial_runway_joined,8,1.3
E0000351,P00348,2026-04-21,companion_affinity_unlocked,4,1.3
E0000352,P00349,2026-01-26,companion_affinity_unlocked,4,1.2
E0000353,P00350,2026-01-26,companion_affinity_unlocked,1,1.2
E0000354,P00350,2026-03-30,celestial_runway_joined,5,1.3
E0000355,P00351,2026-03-15,celestial_runway_joined,7,1.3
E0000356,P00352,2026-01-11,companion_affinity_unlocked,5,1.2
E0000357,P00354,2026-02-24,companion_affinity_unlocked,5,1.2
E0000358,P00354,2026-03-21,celestial_runway_joined,4,1.3
E0000359,P00356,2026-05-10,celestial_runway_joined,6,1.3
E0000360,P00357,2026-01-25,companion_affinity_unlocked,4,1.2
E0000361,P00358,2026-04-15,companion_affinity_unlocked,5,1.3
E0000362,P00361,2026-04-17,celestial_runway_joined,3,1.3
E0000363,P00362,2026-04-20,companion_affinity_unlocked,1,1.3
E0000364,P00363,2026-02-02,companion_affinity_unlocked,5,1.2
E0000365,P00364,2026-04-20,celestial_runway_joined,6,1.3
E0000366,P00365,2026-01-18,companion_affinity_unlocked,1,1.2
E0000367,P00365,2026-03-22,celestial_runway_joined,8,1.3
E0000368,P00366,2026-03-08,companion_affinity_unlocked,5,1.3
E0000369,P00366,2026-04-02,celestial_runway_joined,8,1.3
E0000370,P00368,2026-04-03,celestial_runway_joined,8,1.3
E0000371,P00369,2026-04-02,celestial_runway_joined,7,1.3
E0000372,P00371,2026-03-20,celestial_runway_joined,5,1.3
E0000373,P00372,2026-03-22,companion_affinity_unlocked,3,1.3
E0000374,P00375,2026-04-16,companion_affinity_unlocked,2,1.3
E0000375,P00376,2026-03-21,celestial_runway_joined,6,1.3
E0000376,P00377,2026-03-26,celestial_runway_joined,7,1.3
E0000377,P00378,2026-04-01,companion_affinity_unlocked,4,1.3
E0000378,P00379,2026-02-16,companion_affinity_unlocked,4,1.2
E0000379,P00379,2026-03-27,celestial_runway_joined,1,1.3
E0000380,P00381,2026-01-07,companion_affinity_unlocked,2,1.2
E0000381,P00382,2026-04-25,companion_affinity_unlocked,3,1.3
E0000382,P00382,2026-04-25,celestial_runway_joined,5,1.3
E0000383,P00385,2026-01-07,companion_affinity_unlocked,3,1.2
E0000384,P00386,2026-03-16,celestial_runway_joined,2,1.3
E0000385,P00388,2026-04-09,celestial_runway_joined,6,1.3
E0000386,P00389,2026-04-18,companion_affinity_unlocked,2,1.3
E0000387,P00390,2026-01-22,companion_affinity_unlocked,2,1.2
E0000388,P00391,2026-04-01,celestial_runway_joined,7,1.3
E0000389,P00392,2026-01-28,companion_affinity_unlocked,2,1.2
E0000390,P00392,2026-03-31,celestial_runway_joined,4,1.3
E0000391,P00393,2026-03-31,celestial_runway_joined,6,1.3
E0000392,P00394,2026-03-15,companion_affinity_unlocked,2,1.3
E0000393,P00395,2026-03-29,companion_affinity_unlocked,2,1.3
E0000394,P00396,2026-04-16,companion_affinity_unlocked,1,1.3
E0000395,P00396,2026-04-19,celestial_runway_joined,5,1.3
E0000396,P00397,2026-01-11,companion_affinity_unlocked,4,1.2
E0000397,P00397,2026-04-03,celestial_runway_joined,7,1.3
E0000398,P00398,2026-01-29,companion_affinity_unlocked,3,1.2
E0000399,P00398,2026-03-24,celestial_runway_joined,5,1.3
E0000400,P00400,2026-03-23,celestial_runway_joined,6,1.3
E0000401,P00401,2026-05-06,celestial_runway_joined,8,1.3
E0000402,P00402,2026-04-18,celestial_runway_joined,5,1.3
E0000403,P00405,2026-03-29,celestial_runway_joined,7,1.3
E0000404,P00406,2026-03-02,companion_affinity_unlocked,1,1.3
E0000405,P00406,2026-04-02,celestial_runway_joined,2,1.3
E0000406,P00408,2026-03-20,celestial_runway_joined,8,1.3
E0000407,P00410,2026-03-26,celestial_runway_joined,5,1.3
E0000408,P00411,2026-01-28,companion_affinity_unlocked,3,1.2
E0000409,P00412,2026-03-24,celestial_runway_joined,7,1.3
E0000410,P00414,2026-03-16,celestial_runway_joined,2,1.3
E0000411,P00415,2026-01-09,companion_affinity_unlocked,2,1.2
E0000412,P00416,2026-04-05,celestial_runway_joined,1,1.3
E0000413,P00417,2026-04-27,companion_affinity_unlocked,5,1.3
E0000414,P00417,2026-05-11,celestial_runway_joined,1,1.3
E0000415,P00418,2026-01-17,companion_affinity_unlocked,5,1.2
E0000416,P00419,2026-03-22,celestial_runway_joined,5,1.3
E0000417,P00420,2026-03-07,companion_affinity_unlocked,3,1.3
E0000418,P00422,2026-03-24,companion_affinity_unlocked,1,1.3
E0000419,P00424,2026-03-23,celestial_runway_joined,3,1.3
E0000420,P00425,2026-02-20,companion_affinity_unlocked,2,1.2
E0000421,P00426,2026-04-02,celestial_runway_joined,4,1.3
E0000422,P00427,2026-04-26,celestial_runway_joined,5,1.3
E0000423,P00429,2026-01-07,companion_affinity_unlocked,3,1.2
E0000424,P00430,2026-03-29,companion_affinity_unlocked,5,1.3
E0000425,P00431,2026-01-14,companion_affinity_unlocked,1,1.2
E0000426,P00432,2026-03-30,companion_affinity_unlocked,3,1.3
E0000427,P00432,2026-04-06,celestial_runway_joined,1,1.3
E0000428,P00433,2026-04-08,companion_affinity_unlocked,4,1.3
E0000429,P00433,2026-04-24,celestial_runway_joined,7,1.3
E0000430,P00436,2026-01-17,companion_affinity_unlocked,5,1.2
E0000431,P00437,2026-03-14,companion_affinity_unlocked,1,1.3
E0000432,P00437,2026-03-29,celestial_runway_joined,6,1.3
E0000433,P00438,2026-04-28,celestial_runway_joined,3,1.3
E0000434,P00439,2026-01-16,companion_affinity_unlocked,4,1.2
E0000435,P00439,2026-04-04,celestial_runway_joined,1,1.3
E0000436,P00440,2026-03-26,celestial_runway_joined,8,1.3
E0000437,P00441,2026-04-27,celestial_runway_joined,4,1.3
E0000438,P00442,2026-02-11,companion_affinity_unlocked,5,1.2
E0000439,P00442,2026-03-19,celestial_runway_joined,8,1.3
E0000440,P00443,2026-01-20,companion_affinity_unlocked,5,1.2
E0000441,P00444,2026-03-04,companion_affinity_unlocked,4,1.3
E0000442,P00445,2026-03-19,celestial_runway_joined,6,1.3
E0000443,P00447,2026-02-12,companion_affinity_unlocked,1,1.2
E0000444,P00447,2026-03-23,celestial_runway_joined,3,1.3
E0000445,P00448,2026-04-27,companion_affinity_unlocked,1,1.3
E0000446,P00449,2026-03-06,companion_affinity_unlocked,3,1.3
E0000447,P00449,2026-03-22,celestial_runway_joined,2,1.3
E0000448,P00450,2026-03-24,celestial_runway_joined,2,1.3
E0000449,P00451,2026-04-26,celestial_runway_joined,6,1.3
E0000450,P00452,2026-04-19,companion_affinity_unlocked,1,1.3
E0000451,P00453,2026-04-04,celestial_runway_joined,3,1.3
E0000452,P00454,2026-01-05,companion_affinity_unlocked,2,1.2
E0000453,P00455,2026-03-17,companion_affinity_unlocked,3,1.3
E0000454,P00456,2026-03-07,companion_affinity_unlocked,5,1.3
E0000455,P00457,2026-03-31,celestial_runway_joined,1,1.3
E0000456,P00458,2026-04-03,celestial_runway_joined,2,1.3
E0000457,P00459,2026-04-25,celestial_runway_joined,6,1.3
E0000458,P00460,2026-04-01,celestial_runway_joined,5,1.3
E0000459,P00461,2026-03-31,companion_affinity_unlocked,5,1.3
E0000460,P00464,2026-03-30,celestial_runway_joined,8,1.3
E0000461,P00466,2026-05-11,celestial_runway_joined,8,1.3
E0000462,P00467,2026-01-27,companion_affinity_unlocked,4,1.2
E0000463,P00467,2026-04-01,celestial_runway_joined,8,1.3
E0000464,P00468,2026-03-14,companion_affinity_unlocked,5,1.3
E0000465,P00468,2026-03-28,celestial_runway_joined,3,1.3
E0000466,P00469,2026-01-28,companion_affinity_unlocked,3,1.2
E0000467,P00470,2026-04-25,companion_affinity_unlocked,5,1.3
E0000468,P00471,2026-03-29,celestial_runway_joined,1,1.3
E0000469,P00472,2026-04-03,celestial_runway_joined,4,1.3
E0000470,P00473,2026-02-24,companion_affinity_unlocked,5,1.2
E0000471,P00473,2026-03-21,celestial_runway_joined,5,1.3
E0000472,P00474,2026-03-30,celestial_runway_joined,1,1.3
E0000473,P00475,2026-03-15,celestial_runway_joined,2,1.3
E0000474,P00477,2026-04-12,celestial_runway_joined,6,1.3
E0000475,P00478,2026-03-17,celestial_runway_joined,6,1.3
E0000476,P00480,2026-04-02,celestial_runway_joined,5,1.3
E0000477,P00481,2026-02-06,companion_affinity_unlocked,1,1.2
E0000478,P00482,2026-04-14,celestial_runway_joined,4,1.3
E0000479,P00483,2026-02-05,companion_affinity_unlocked,3,1.2
E0000480,P00484,2026-04-05,companion_affinity_unlocked,2,1.3
E0000481,P00485,2026-04-04,celestial_runway_joined,6,1.3
E0000482,P00486,2026-04-02,celestial_runway_joined,7,1.3
E0000483,P00487,2026-02-14,companion_affinity_unlocked,1,1.2
E0000484,P00488,2026-03-05,companion_affinity_unlocked,5,1.3
E0000485,P00488,2026-04-01,celestial_runway_joined,8,1.3
E0000486,P00490,2026-03-16,companion_affinity_unlocked,3,1.3
E0000487,P00491,2026-04-20,companion_affinity_unlocked,2,1.3
E0000488,P00491,2026-05-01,celestial_runway_joined,2,1.3
E0000489,P00492,2026-04-12,companion_affinity_unlocked,2,1.3
E0000490,P00495,2026-02-06,companion_affinity_unlocked,2,1.2
E0000491,P00496,2026-02-24,companion_affinity_unlocked,1,1.2
E0000492,P00496,2026-04-01,celestial_runway_joined,1,1.3
E0000493,P00498,2026-02-18,companion_affinity_unlocked,5,1.2
E0000494,P00498,2026-03-15,celestial_runway_joined,3,1.3
E0000495,P00499,2026-04-28,celestial_runway_joined,3,1.3
E0000496,P00500,2026-02-22,companion_affinity_unlocked,4,1.2
E0000497,P00502,2026-03-27,celestial_runway_joined,6,1.3
E0000498,P00503,2026-04-28,companion_affinity_unlocked,1,1.3
E0000499,P00503,2026-04-28,celestial_runway_joined,3,1.3
E0000500,P00504,2026-04-16,companion_affinity_unlocked,1,1.3
E0000501,P00505,2026-02-08,companion_affinity_unlocked,3,1.2
E0000502,P00505,2026-03-22,celestial_runway_joined,5,1.3
E0000503,P00506,2026-03-01,companion_affinity_unlocked,5,1.3
E0000504,P00506,2026-03-29,celestial_runway_joined,4,1.3
E0000505,P00507,2026-03-18,celestial_runway_joined,8,1.3
E0000506,P00508,2026-02-04,companion_affinity_unlocked,5,1.2
E0000507,P00509,2026-02-05,companion_affinity_unlocked,4,1.2
E0000508,P00510,2026-04-04,celestial_runway_joined,7,1.3
E0000509,P00511,2026-05-02,companion_affinity_unlocked,2,1.3
E0000510,P00512,2026-04-13,celestial_runway_joined,8,1.3
E0000511,P00513,2026-04-11,celestial_runway_joined,4,1.3
E0000512,P00514,2026-04-06,companion_affinity_unlocked,1,1.3
E0000513,P00515,2026-04-27,companion_affinity_unlocked,3,1.3
E0000514,P00516,2026-01-19,companion_affinity_unlocked,5,1.2
E0000515,P00516,2026-03-28,celestial_runway_joined,2,1.3
E0000516,P00517,2026-04-19,companion_affinity_unlocked,4,1.3
E0000517,P00517,2026-04-18,celestial_runway_joined,5,1.3
E0000518,P00518,2026-01-11,companion_affinity_unlocked,2,1.2
E0000519,P00518,2026-03-30,celestial_runway_joined,2,1.3
E0000520,P00519,2026-02-28,companion_affinity_unlocked,1,1.2
E0000521,P00520,2026-03-15,companion_affinity_unlocked,4,1.3
E0000522,P00522,2026-03-25,celestial_runway_joined,8,1.3
E0000523,P00523,2026-01-30,companion_affinity_unlocked,1,1.2
E0000524,P00525,2026-03-15,celestial_runway_joined,2,1.3
E0000525,P00526,2026-03-29,celestial_runway_joined,6,1.3
E0000526,P00527,2026-05-01,celestial_runway_joined,6,1.3
E0000527,P00528,2026-01-21,companion_affinity_unlocked,3,1.2
E0000528,P00529,2026-04-30,celestial_runway_joined,3,1.3
E0000529,P00530,2026-04-18,companion_affinity_unlocked,1,1.3
E0000530,P00531,2026-03-18,celestial_runway_joined,8,1.3
E0000531,P00532,2026-01-23,companion_affinity_unlocked,4,1.2
E0000532,P00532,2026-03-19,celestial_runway_joined,1,1.3
E0000533,P00534,2026-02-06,companion_affinity_unlocked,3,1.2
E0000534,P00534,2026-03-29,celestial_runway_joined,3,1.3
E0000535,P00536,2026-01-25,companion_affinity_unlocked,3,1.2
E0000536,P00536,2026-03-22,celestial_runway_joined,2,1.3
E0000537,P00537,2026-03-18,celestial_runway_joined,4,1.3
E0000538,P00538,2026-04-04,celestial_runway_joined,6,1.3
E0000539,P00540,2026-04-04,celestial_runway_joined,3,1.3
E0000540,P00541,2026-03-26,companion_affinity_unlocked,5,1.3
E0000541,P00541,2026-03-25,celestial_runway_joined,6,1.3
E0000542,P00542,2026-04-02,celestial_runway_joined,1,1.3
E0000543,P00543,2026-03-24,celestial_runway_joined,5,1.3
E0000544,P00544,2026-03-20,celestial_runway_joined,3,1.3
E0000545,P00545,2026-04-13,companion_affinity_unlocked,4,1.3
E0000546,P00546,2026-01-13,companion_affinity_unlocked,2,1.2
E0000547,P00546,2026-03-30,celestial_runway_joined,2,1.3
E0000548,P00547,2026-03-21,celestial_runway_joined,6,1.3
E0000549,P00548,2026-03-17,celestial_runway_joined,8,1.3
E0000550,P00550,2026-03-24,companion_affinity_unlocked,3,1.3
E0000551,P00550,2026-03-23,celestial_runway_joined,3,1.3
E0000552,P00551,2026-04-09,companion_affinity_unlocked,4,1.3
E0000553,P00552,2026-02-22,companion_affinity_unlocked,1,1.2
E0000554,P00552,2026-03-21,celestial_runway_joined,6,1.3
E0000555,P00553,2026-04-13,companion_affinity_unlocked,3,1.3
E0000556,P00553,2026-04-23,celestial_runway_joined,4,1.3
E0000557,P00555,2026-05-06,celestial_runway_joined,6,1.3
E0000558,P00556,2026-04-02,celestial_runway_joined,8,1.3
E0000559,P00557,2026-04-02,companion_affinity_unlocked,1,1.3
E0000560,P00558,2026-04-29,celestial_runway_joined,4,1.3
E0000561,P00560,2026-04-10,companion_affinity_unlocked,3,1.3
E0000562,P00562,2026-01-08,companion_affinity_unlocked,2,1.2
E0000563,P00563,2026-03-15,celestial_runway_joined,1,1.3
E0000564,P00564,2026-01-23,companion_affinity_unlocked,5,1.2
E0000565,P00564,2026-03-21,celestial_runway_joined,3,1.3
E0000566,P00565,2026-04-17,celestial_runway_joined,1,1.3
E0000567,P00566,2026-03-23,celestial_runway_joined,2,1.3
E0000568,P00567,2026-03-22,celestial_runway_joined,8,1.3
E0000569,P00568,2026-02-05,companion_affinity_unlocked,5,1.2
E0000570,P00570,2026-03-27,celestial_runway_joined,4,1.3
E0000571,P00571,2026-04-22,companion_affinity_unlocked,3,1.3
E0000572,P00572,2026-02-23,companion_affinity_unlocked,4,1.2
E0000573,P00572,2026-03-19,celestial_runway_joined,3,1.3
E0000574,P00574,2026-03-28,celestial_runway_joined,6,1.3
E0000575,P00575,2026-01-08,companion_affinity_unlocked,5,1.2
E0000576,P00575,2026-04-03,celestial_runway_joined,4,1.3
E0000577,P00577,2026-04-27,celestial_runway_joined,7,1.3
E0000578,P00578,2026-03-05,companion_affinity_unlocked,2,1.3
E0000579,P00579,2026-04-16,companion_affinity_unlocked,3,1.3
E0000580,P00580,2026-03-20,celestial_runway_joined,7,1.3
E0000581,P00581,2026-03-23,celestial_runway_joined,2,1.3
E0000582,P00582,2026-04-08,companion_affinity_unlocked,4,1.3
E0000583,P00583,2026-01-16,companion_affinity_unlocked,3,1.2
E0000584,P00583,2026-03-21,celestial_runway_joined,1,1.3
E0000585,P00584,2026-03-31,celestial_runway_joined,8,1.3
E0000586,P00585,2026-02-19,companion_affinity_unlocked,5,1.2
E0000587,P00586,2026-04-25,celestial_runway_joined,7,1.3
E0000588,P00587,2026-04-07,celestial_runway_joined,8,1.3
E0000589,P00588,2026-03-28,celestial_runway_joined,6,1.3
E0000590,P00589,2026-04-13,celestial_runway_joined,3,1.3
E0000591,P00590,2026-04-14,companion_affinity_unlocked,4,1.3
E0000592,P00590,2026-04-27,celestial_runway_joined,4,1.3
E0000593,P00591,2026-04-10,celestial_runway_joined,2,1.3
E0000594,P00592,2026-04-17,celestial_runway_joined,2,1.3
E0000595,P00594,2026-05-09,celestial_runway_joined,3,1.3
E0000596,P00595,2026-02-11,companion_affinity_unlocked,2,1.2
E0000597,P00595,2026-03-20,celestial_runway_joined,2,1.3
E0000598,P00596,2026-04-10,companion_affinity_unlocked,5,1.3
E0000599,P00597,2026-03-14,companion_affinity_unlocked,3,1.3
E0000600,P00599,2026-03-20,companion_affinity_unlocked,4,1.3
E0000601,P00599,2026-03-17,celestial_runway_joined,8,1.3
E0000602,P00600,2026-03-22,companion_affinity_unlocked,1,1.3
E0000603,P00600,2026-03-29,celestial_runway_joined,6,1.3
E0000604,P00601,2026-03-20,celestial_runway_joined,4,1.3
E0000605,P00602,2026-04-02,celestial_runway_joined,6,1.3
E0000606,P00603,2026-03-30,companion_affinity_unlocked,2,1.3
E0000607,P00604,2026-04-03,celestial_runway_joined,7,1.3
E0000608,P00606,2026-03-06,companion_affinity_unlocked,4,1.3
E0000609,P00607,2026-03-23,celestial_runway_joined,5,1.3
E0000610,P00608,2026-03-25,celestial_runway_joined,8,1.3
E0000611,P00610,2026-04-12,companion_affinity_unlocked,1,1.3
E0000612,P00610,2026-04-15,celestial_runway_joined,7,1.3
E0000613,P00611,2026-04-06,celestial_runway_joined,2,1.3
E0000614,P00613,2026-04-07,companion_affinity_unlocked,2,1.3
E0000615,P00615,2026-03-22,companion_affinity_unlocked,1,1.3
E0000616,P00616,2026-03-17,celestial_runway_joined,8,1.3
E0000617,P00617,2026-04-03,celestial_runway_joined,1,1.3
E0000618,P00618,2026-03-26,celestial_runway_joined,5,1.3
E0000619,P00619,2026-03-31,celestial_runway_joined,3,1.3
E0000620,P00621,2026-03-25,celestial_runway_joined,2,1.3
E0000621,P00622,2026-03-28,celestial_runway_joined,6,1.3
E0000622,P00623,2026-01-21,companion_affinity_unlocked,4,1.2
E0000623,P00623,2026-03-27,celestial_runway_joined,6,1.3
E0000624,P00624,2026-03-26,celestial_runway_joined,4,1.3
E0000625,P00626,2026-03-16,celestial_runway_joined,2,1.3
E0000626,P00627,2026-02-11,companion_affinity_unlocked,2,1.2
E0000627,P00627,2026-03-19,celestial_runway_joined,6,1.3
E0000628,P00628,2026-03-24,celestial_runway_joined,6,1.3
E0000629,P00629,2026-03-07,companion_affinity_unlocked,3,1.3
E0000630,P00630,2026-04-02,celestial_runway_joined,5,1.3
E0000631,P00631,2026-03-31,companion_affinity_unlocked,3,1.3
E0000632,P00631,2026-04-14,celestial_runway_joined,8,1.3
E0000633,P00632,2026-03-25,celestial_runway_joined,5,1.3
E0000634,P00633,2026-02-23,companion_affinity_unlocked,3,1.2
E0000635,P00633,2026-03-16,celestial_runway_joined,2,1.3
E0000636,P00635,2026-01-28,companion_affinity_unlocked,2,1.2
E0000637,P00635,2026-03-15,celestial_runway_joined,8,1.3
E0000638,P00636,2026-03-26,companion_affinity_unlocked,2,1.3
E0000639,P00637,2026-02-01,companion_affinity_unlocked,3,1.2
E0000640,P00637,2026-03-30,celestial_runway_joined,6,1.3
E0000641,P00638,2026-03-22,celestial_runway_joined,8,1.3
E0000642,P00639,2026-04-05,companion_affinity_unlocked,5,1.3
E0000643,P00640,2026-04-22,companion_affinity_unlocked,4,1.3
E0000644,P00641,2026-03-26,companion_affinity_unlocked,5,1.3
E0000645,P00641,2026-03-27,celestial_runway_joined,5,1.3
E0000646,P00642,2026-04-19,companion_affinity_unlocked,4,1.3
E0000647,P00644,2026-02-28,companion_affinity_unlocked,1,1.2
E0000648,P00644,2026-03-21,celestial_runway_joined,8,1.3
E0000649,P00647,2026-03-26,celestial_runway_joined,6,1.3
E0000650,P00648,2026-03-09,companion_affinity_unlocked,4,1.3
E0000651,P00649,2026-04-28,companion_affinity_unlocked,2,1.3
E0000652,P00649,2026-04-21,celestial_runway_joined,5,1.3
E0000653,P00650,2026-04-13,companion_affinity_unlocked,2,1.3
E0000654,P00650,2026-04-24,celestial_runway_joined,3,1.3
E0000655,P00651,2026-03-04,companion_affinity_unlocked,3,1.3
E0000656,P00652,2026-03-24,companion_affinity_unlocked,3,1.3
E0000657,P00652,2026-04-06,celestial_runway_joined,2,1.3
E0000658,P00653,2026-03-15,celestial_runway_joined,1,1.3
E0000659,P00654,2026-04-07,companion_affinity_unlocked,5,1.3
E0000660,P00654,2026-04-03,celestial_runway_joined,3,1.3
E0000661,P00655,2026-03-10,companion_affinity_unlocked,1,1.3
E0000662,P00655,2026-03-25,celestial_runway_joined,1,1.3
E0000663,P00659,2026-01-11,companion_affinity_unlocked,3,1.2
E0000664,P00660,2026-03-17,celestial_runway_joined,6,1.3
E0000665,P00661,2026-01-26,companion_affinity_unlocked,3,1.2
E0000666,P00661,2026-03-15,celestial_runway_joined,2,1.3
E0000667,P00662,2026-03-31,companion_affinity_unlocked,4,1.3
E0000668,P00662,2026-04-08,celestial_runway_joined,6,1.3
E0000669,P00663,2026-01-09,companion_affinity_unlocked,1,1.2
E0000670,P00664,2026-03-25,celestial_runway_joined,8,1.3
E0000671,P00665,2026-03-13,companion_affinity_unlocked,1,1.3
E0000672,P00665,2026-03-26,celestial_runway_joined,4,1.3
E0000673,P00666,2026-03-23,companion_affinity_unlocked,3,1.3
E0000674,P00668,2026-04-15,celestial_runway_joined,3,1.3
E0000675,P00669,2026-05-03,celestial_runway_joined,5,1.3
E0000676,P00671,2026-04-28,celestial_runway_joined,7,1.3
E0000677,P00672,2026-03-14,companion_affinity_unlocked,2,1.3
E0000678,P00672,2026-03-27,celestial_runway_joined,7,1.3
E0000679,P00674,2026-03-19,celestial_runway_joined,4,1.3
E0000680,P00677,2026-03-11,companion_affinity_unlocked,4,1.3
E0000681,P00677,2026-03-15,celestial_runway_joined,6,1.3
E0000682,P00678,2026-04-01,celestial_runway_joined,2,1.3
E0000683,P00679,2026-03-08,companion_affinity_unlocked,5,1.3
E0000684,P00679,2026-04-02,celestial_runway_joined,5,1.3
E0000685,P00680,2026-04-23,companion_affinity_unlocked,2,1.3
E0000686,P00680,2026-05-04,celestial_runway_joined,8,1.3
E0000687,P00681,2026-04-05,celestial_runway_joined,6,1.3
E0000688,P00682,2026-03-27,celestial_runway_joined,3,1.3
E0000689,P00683,2026-04-27,companion_affinity_unlocked,1,1.3
E0000690,P00685,2026-03-27,celestial_runway_joined,2,1.3
E0000691,P00687,2026-02-19,companion_affinity_unlocked,4,1.2
E0000692,P00688,2026-03-16,companion_affinity_unlocked,5,1.3
E0000693,P00688,2026-03-20,celestial_runway_joined,3,1.3
E0000694,P00689,2026-02-25,companion_affinity_unlocked,5,1.2
E0000695,P00689,2026-03-22,celestial_runway_joined,8,1.3
E0000696,P00690,2026-04-10,celestial_runway_joined,4,1.3
E0000697,P00691,2026-04-27,companion_affinity_unlocked,3,1.3
E0000698,P00691,2026-05-15,celestial_runway_joined,6,1.3
E0000699,P00692,2026-04-14,celestial_runway_joined,2,1.3
E0000700,P00693,2026-04-27,celestial_runway_joined,2,1.3
E0000701,P00694,2026-04-23,companion_affinity_unlocked,4,1.3
E0000702,P00695,2026-03-28,celestial_runway_joined,5,1.3
E0000703,P00696,2026-02-04,companion_affinity_unlocked,2,1.2
E0000704,P00698,2026-03-11,companion_affinity_unlocked,2,1.3
E0000705,P00700,2026-03-27,celestial_runway_joined,4,1.3
E0000706,P00701,2026-03-06,companion_affinity_unlocked,3,1.3
E0000707,P00702,2026-03-15,companion_affinity_unlocked,3,1.3
E0000708,P00703,2026-01-24,companion_affinity_unlocked,2,1.2
E0000709,P00704,2026-01-27,companion_affinity_unlocked,1,1.2
E0000710,P00706,2026-03-28,celestial_runway_joined,4,1.3
E0000711,P00707,2026-01-08,companion_affinity_unlocked,2,1.2
E0000712,P00707,2026-03-15,celestial_runway_joined,1,1.3
E0000713,P00709,2026-03-27,celestial_runway_joined,6,1.3
E0000714,P00710,2026-03-02,companion_affinity_unlocked,2,1.3
E0000715,P00711,2026-03-21,celestial_runway_joined,8,1.3
E0000716,P00713,2026-04-11,celestial_runway_joined,7,1.3
E0000717,P00715,2026-04-19,celestial_runway_joined,3,1.3
E0000718,P00716,2026-04-22,celestial_runway_joined,5,1.3
E0000719,P00717,2026-03-04,companion_affinity_unlocked,4,1.3
E0000720,P00717,2026-04-03,celestial_runway_joined,4,1.3
E0000721,P00718,2026-03-02,companion_affinity_unlocked,3,1.3
E0000722,P00718,2026-04-03,celestial_runway_joined,3,1.3
E0000723,P00720,2026-03-23,celestial_runway_joined,3,1.3
E0000724,P00721,2026-03-24,celestial_runway_joined,6,1.3
E0000725,P00722,2026-05-07,celestial_runway_joined,7,1.3
E0000726,P00723,2026-04-13,companion_affinity_unlocked,3,1.3
E0000727,P00724,2026-01-16,companion_affinity_unlocked,4,1.2
E0000728,P00724,2026-03-17,celestial_runway_joined,4,1.3
E0000729,P00725,2026-04-18,celestial_runway_joined,4,1.3
E0000730,P00726,2026-01-19,companion_affinity_unlocked,1,1.2
E0000731,P00727,2026-03-24,celestial_runway_joined,8,1.3
E0000732,P00728,2026-01-14,companion_affinity_unlocked,3,1.2
E0000733,P00728,2026-03-31,celestial_runway_joined,6,1.3
E0000734,P00729,2026-03-03,companion_affinity_unlocked,2,1.3
E0000735,P00729,2026-03-27,celestial_runway_joined,2,1.3
E0000736,P00732,2026-02-23,companion_affinity_unlocked,3,1.2
E0000737,P00732,2026-03-16,celestial_runway_joined,4,1.3
E0000738,P00733,2026-04-22,companion_affinity_unlocked,2,1.3
E0000739,P00734,2026-04-04,celestial_runway_joined,5,1.3
E0000740,P00735,2026-04-02,celestial_runway_joined,6,1.3
E0000741,P00736,2026-04-03,celestial_runway_joined,3,1.3
E0000742,P00737,2026-03-31,companion_affinity_unlocked,3,1.3
E0000743,P00738,2026-03-27,celestial_runway_joined,6,1.3
E0000744,P00739,2026-04-02,celestial_runway_joined,3,1.3
E0000745,P00741,2026-04-06,companion_affinity_unlocked,4,1.3
E0000746,P00744,2026-03-24,celestial_runway_joined,2,1.3
E0000747,P00745,2026-04-14,celestial_runway_joined,8,1.3
E0000748,P00747,2026-03-09,companion_affinity_unlocked,4,1.3
E0000749,P00747,2026-03-18,celestial_runway_joined,5,1.3
E0000750,P00748,2026-02-11,companion_affinity_unlocked,5,1.2
E0000751,P00749,2026-03-23,celestial_runway_joined,7,1.3
E0000752,P00750,2026-01-22,companion_affinity_unlocked,5,1.2
E0000753,P00751,2026-04-27,companion_affinity_unlocked,1,1.3
E0000754,P00751,2026-05-03,celestial_runway_joined,7,1.3
E0000755,P00752,2026-01-23,companion_affinity_unlocked,3,1.2
E0000756,P00752,2026-03-27,celestial_runway_joined,6,1.3
E0000757,P00754,2026-04-25,companion_affinity_unlocked,5,1.3
E0000758,P00755,2026-03-18,celestial_runway_joined,7,1.3
E0000759,P00756,2026-04-03,celestial_runway_joined,2,1.3
E0000760,P00757,2026-04-02,companion_affinity_unlocked,1,1.3
E0000761,P00757,2026-04-09,celestial_runway_joined,8,1.3
E0000762,P00758,2026-03-23,celestial_runway_joined,1,1.3
E0000763,P00759,2026-01-20,companion_affinity_unlocked,3,1.2
E0000764,P00759,2026-04-04,celestial_runway_joined,8,1.3
E0000765,P00760,2026-03-29,celestial_runway_joined,8,1.3
E0000766,P00763,2026-04-23,companion_affinity_unlocked,4,1.3
E0000767,P00764,2026-04-19,celestial_runway_joined,2,1.3
E0000768,P00765,2026-04-03,celestial_runway_joined,7,1.3
E0000769,P00766,2026-04-19,celestial_runway_joined,1,1.3
E0000770,P00768,2026-03-30,celestial_runway_joined,2,1.3
E0000771,P00769,2026-01-19,companion_affinity_unlocked,3,1.2
E0000772,P00769,2026-03-16,celestial_runway_joined,7,1.3
E0000773,P00770,2026-03-30,celestial_runway_joined,7,1.3
E0000774,P00771,2026-03-31,celestial_runway_joined,7,1.3
E0000775,P00773,2026-01-08,companion_affinity_unlocked,1,1.2
E0000776,P00773,2026-03-20,celestial_runway_joined,6,1.3
E0000777,P00774,2026-03-26,celestial_runway_joined,2,1.3
E0000778,P00775,2026-04-15,companion_affinity_unlocked,2,1.3
E0000779,P00776,2026-05-05,celestial_runway_joined,6,1.3
E0000780,P00777,2026-02-21,companion_affinity_unlocked,4,1.2
E0000781,P00778,2026-01-18,companion_affinity_unlocked,2,1.2
E0000782,P00779,2026-03-24,celestial_runway_joined,3,1.3
E0000783,P00780,2026-04-11,companion_affinity_unlocked,1,1.3
E0000784,P00780,2026-04-22,celestial_runway_joined,6,1.3
E0000785,P00781,2026-04-17,companion_affinity_unlocked,1,1.3
E0000786,P00782,2026-03-16,celestial_runway_joined,2,1.3
E0000787,P00783,2026-01-17,companion_affinity_unlocked,5,1.2
E0000788,P00783,2026-03-19,celestial_runway_joined,6,1.3
E0000789,P00784,2026-03-30,celestial_runway_joined,5,1.3
E0000790,P00786,2026-04-02,celestial_runway_joined,6,1.3
E0000791,P00787,2026-01-11,companion_affinity_unlocked,3,1.2
E0000792,P00787,2026-04-01,celestial_runway_joined,8,1.3
E0000793,P00789,2026-04-01,celestial_runway_joined,5,1.3
E0000794,P00791,2026-03-31,celestial_runway_joined,1,1.3
E0000795,P00792,2026-03-21,celestial_runway_joined,7,1.3
E0000796,P00794,2026-04-13,celestial_runway_joined,3,1.3
E0000797,P00795,2026-02-22,companion_affinity_unlocked,2,1.2
E0000798,P00795,2026-03-22,celestial_runway_joined,2,1.3
E0000799,P00796,2026-03-22,celestial_runway_joined,4,1.3
E0000800,P00797,2026-04-22,celestial_runway_joined,6,1.3
E0000801,P00798,2026-03-29,celestial_runway_joined,8,1.3
E0000802,P00799,2026-02-12,companion_affinity_unlocked,1,1.2
E0000803,P00799,2026-04-01,celestial_runway_joined,3,1.3
E0000804,P00800,2026-03-22,celestial_runway_joined,8,1.3
E0000805,P00801,2026-01-07,companion_affinity_unlocked,4,1.2
E0000806,P00801,2026-03-19,celestial_runway_joined,1,1.3
E0000807,P00802,2026-02-06,companion_affinity_unlocked,3,1.2
E0000808,P00803,2026-03-08,companion_affinity_unlocked,4,1.3
E0000809,P00803,2026-03-30,celestial_runway_joined,3,1.3
E0000810,P00804,2026-04-21,companion_affinity_unlocked,5,1.3
E0000811,P00804,2026-04-22,celestial_runway_joined,6,1.3
E0000812,P00805,2026-03-30,companion_affinity_unlocked,5,1.3
E0000813,P00805,2026-03-31,celestial_runway_joined,2,1.3
E0000814,P00806,2026-04-02,companion_affinity_unlocked,2,1.3
E0000815,P00807,2026-03-07,companion_affinity_unlocked,1,1.3
E0000816,P00808,2026-01-17,companion_affinity_unlocked,4,1.2
E0000817,P00809,2026-03-22,celestial_runway_joined,2,1.3
E0000818,P00810,2026-04-30,companion_affinity_unlocked,3,1.3
E0000819,P00811,2026-01-10,companion_affinity_unlocked,2,1.2
E0000820,P00811,2026-04-01,celestial_runway_joined,8,1.3
E0000821,P00812,2026-04-20,celestial_runway_joined,2,1.3
E0000822,P00813,2026-03-26,celestial_runway_joined,5,1.3
E0000823,P00814,2026-02-05,companion_affinity_unlocked,4,1.2
E0000824,P00815,2026-04-04,companion_affinity_unlocked,2,1.3
E0000825,P00815,2026-04-16,celestial_runway_joined,4,1.3
E0000826,P00816,2026-04-14,companion_affinity_unlocked,5,1.3
E0000827,P00817,2026-01-07,companion_affinity_unlocked,2,1.2
E0000828,P00817,2026-03-22,celestial_runway_joined,6,1.3
E0000829,P00818,2026-03-24,celestial_runway_joined,1,1.3
E0000830,P00820,2026-05-01,companion_affinity_unlocked,1,1.3
E0000831,P00820,2026-05-05,celestial_runway_joined,5,1.3
E0000832,P00821,2026-01-06,companion_affinity_unlocked,2,1.2
E0000833,P00821,2026-03-20,celestial_runway_joined,7,1.3
E0000834,P00823,2026-03-20,celestial_runway_joined,2,1.3
E0000835,P00824,2026-03-22,companion_affinity_unlocked,1,1.3
E0000836,P00824,2026-03-17,celestial_runway_joined,8,1.3
E0000837,P00825,2026-03-16,companion_affinity_unlocked,2,1.3
E0000838,P00826,2026-03-21,celestial_runway_joined,1,1.3
E0000839,P00827,2026-03-23,companion_affinity_unlocked,1,1.3
E0000840,P00828,2026-04-16,celestial_runway_joined,8,1.3
E0000841,P00829,2026-04-22,celestial_runway_joined,1,1.3
E0000842,P00830,2026-01-09,companion_affinity_unlocked,3,1.2
E0000843,P00830,2026-03-26,celestial_runway_joined,6,1.3
E0000844,P00831,2026-02-03,companion_affinity_unlocked,3,1.2
E0000845,P00832,2026-01-30,companion_affinity_unlocked,5,1.2
E0000846,P00833,2026-02-27,companion_affinity_unlocked,1,1.2
E0000847,P00834,2026-01-22,companion_affinity_unlocked,5,1.2
E0000848,P00835,2026-04-13,companion_affinity_unlocked,1,1.3
E0000849,P00835,2026-04-25,celestial_runway_joined,6,1.3
E0000850,P00836,2026-04-07,companion_affinity_unlocked,4,1.3
E0000851,P00836,2026-03-31,celestial_runway_joined,7,1.3
E0000852,P00837,2026-04-10,celestial_runway_joined,6,1.3
E0000853,P00838,2026-01-27,companion_affinity_unlocked,4,1.2
E0000854,P00838,2026-03-28,celestial_runway_joined,4,1.3
E0000855,P00839,2026-01-04,companion_affinity_unlocked,3,1.2
E0000856,P00839,2026-04-04,celestial_runway_joined,2,1.3
E0000857,P00841,2026-03-29,celestial_runway_joined,6,1.3
E0000858,P00843,2026-04-17,companion_affinity_unlocked,3,1.3
E0000859,P00844,2026-03-21,celestial_runway_joined,4,1.3
E0000860,P00845,2026-01-04,companion_affinity_unlocked,5,1.2
E0000861,P00845,2026-04-01,celestial_runway_joined,5,1.3
E0000862,P00846,2026-03-31,celestial_runway_joined,4,1.3
E0000863,P00848,2026-01-13,companion_affinity_unlocked,2,1.2
E0000864,P00848,2026-03-23,celestial_runway_joined,4,1.3
E0000865,P00849,2026-04-08,companion_affinity_unlocked,4,1.3
E0000866,P00849,2026-04-25,celestial_runway_joined,2,1.3
E0000867,P00850,2026-03-16,companion_affinity_unlocked,4,1.3
E0000868,P00850,2026-03-18,celestial_runway_joined,3,1.3
E0000869,P00851,2026-04-28,companion_affinity_unlocked,4,1.3
E0000870,P00852,2026-04-16,celestial_runway_joined,7,1.3
E0000871,P00853,2026-04-22,celestial_runway_joined,2,1.3
E0000872,P00854,2026-01-31,companion_affinity_unlocked,5,1.2
E0000873,P00855,2026-02-08,companion_affinity_unlocked,4,1.2
E0000874,P00855,2026-03-19,celestial_runway_joined,2,1.3
E0000875,P00856,2026-04-24,celestial_runway_joined,8,1.3
E0000876,P00857,2026-02-04,companion_affinity_unlocked,2,1.2
E0000877,P00857,2026-03-17,celestial_runway_joined,8,1.3
E0000878,P00858,2026-03-30,celestial_runway_joined,8,1.3
E0000879,P00859,2026-03-27,celestial_runway_joined,7,1.3
E0000880,P00861,2026-04-24,companion_affinity_unlocked,4,1.3
E0000881,P00862,2026-04-21,companion_affinity_unlocked,3,1.3
E0000882,P00862,2026-05-01,celestial_runway_joined,6,1.3
E0000883,P00863,2026-01-18,companion_affinity_unlocked,2,1.2
E0000884,P00865,2026-04-19,celestial_runway_joined,8,1.3
E0000885,P00866,2026-03-28,celestial_runway_joined,7,1.3
E0000886,P00867,2026-04-09,companion_affinity_unlocked,1,1.3
E0000887,P00867,2026-04-23,celestial_runway_joined,3,1.3
E0000888,P00871,2026-03-31,celestial_runway_joined,8,1.3
E0000889,P00872,2026-01-30,companion_affinity_unlocked,2,1.2
E0000890,P00873,2026-01-17,companion_affinity_unlocked,2,1.2
E0000891,P00874,2026-01-19,companion_affinity_unlocked,3,1.2
E0000892,P00874,2026-03-31,celestial_runway_joined,8,1.3
E0000893,P00875,2026-04-06,celestial_runway_joined,6,1.3
E0000894,P00876,2026-03-07,companion_affinity_unlocked,1,1.3
E0000895,P00876,2026-03-28,celestial_runway_joined,4,1.3
E0000896,P00877,2026-03-06,companion_affinity_unlocked,5,1.3
E0000897,P00877,2026-03-23,celestial_runway_joined,8,1.3
E0000898,P00878,2026-04-03,companion_affinity_unlocked,2,1.3
E0000899,P00878,2026-04-11,celestial_runway_joined,4,1.3
E0000900,P00879,2026-03-29,celestial_runway_joined,2,1.3
E0000901,P00880,2026-03-25,celestial_runway_joined,8,1.3
E0000902,P00881,2026-03-15,celestial_runway_joined,8,1.3
E0000903,P00882,2026-04-14,companion_affinity_unlocked,2,1.3
E0000904,P00882,2026-04-25,celestial_runway_joined,2,1.3
E0000905,P00883,2026-03-28,celestial_runway_joined,3,1.3
E0000906,P00884,2026-01-23,companion_affinity_unlocked,1,1.2
E0000907,P00884,2026-03-19,celestial_runway_joined,8,1.3
E0000908,P00885,2026-04-09,companion_affinity_unlocked,4,1.3
E0000909,P00886,2026-04-03,celestial_runway_joined,4,1.3
E0000910,P00888,2026-01-25,companion_affinity_unlocked,4,1.2
E0000911,P00888,2026-03-17,celestial_runway_joined,1,1.3
E0000912,P00889,2026-01-05,companion_affinity_unlocked,4,1.2
E0000913,P00889,2026-03-25,celestial_runway_joined,1,1.3
E0000914,P00890,2026-02-07,companion_affinity_unlocked,3,1.2
E0000915,P00890,2026-04-02,celestial_runway_joined,2,1.3
E0000916,P00891,2026-03-25,celestial_runway_joined,5,1.3
E0000917,P00892,2026-03-26,companion_affinity_unlocked,2,1.3
E0000918,P00892,2026-04-06,celestial_runway_joined,2,1.3
E0000919,P00893,2026-03-07,companion_affinity_unlocked,1,1.3
E0000920,P00894,2026-04-29,companion_affinity_unlocked,1,1.3
E0000921,P00894,2026-05-04,celestial_runway_joined,8,1.3
E0000922,P00895,2026-04-06,celestial_runway_joined,5,1.3
E0000923,P00897,2026-03-02,companion_affinity_unlocked,3,1.3
E0000924,P00898,2026-01-14,companion_affinity_unlocked,1,1.2
E0000925,P00898,2026-03-20,celestial_runway_joined,1,1.3
E0000926,P00899,2026-03-20,celestial_runway_joined,5,1.3
E0000927,P00900,2026-03-15,companion_affinity_unlocked,3,1.3
E0000928,P00901,2026-01-04,companion_affinity_unlocked,1,1.2
E0000929,P00902,2026-01-10,companion_affinity_unlocked,3,1.2
E0000930,P00903,2026-03-30,celestial_runway_joined,8,1.3
E0000931,P00904,2026-04-15,celestial_runway_joined,4,1.3
E0000932,P00905,2026-04-01,celestial_runway_joined,4,1.3
E0000933,P00908,2026-03-25,celestial_runway_joined,1,1.3
E0000934,P00909,2026-03-25,celestial_runway_joined,6,1.3
E0000935,P00910,2026-01-17,companion_affinity_unlocked,4,1.2
E0000936,P00910,2026-03-16,celestial_runway_joined,4,1.3
E0000937,P00911,2026-04-02,companion_affinity_unlocked,3,1.3
E0000938,P00911,2026-04-06,celestial_runway_joined,4,1.3
E0000939,P00912,2026-01-28,companion_affinity_unlocked,1,1.2
E0000940,P00914,2026-05-13,celestial_runway_joined,1,1.3
E0000941,P00915,2026-03-17,companion_affinity_unlocked,3,1.3
E0000942,P00915,2026-04-04,celestial_runway_joined,5,1.3
E0000943,P00916,2026-03-21,celestial_runway_joined,7,1.3
E0000944,P00917,2026-03-08,companion_affinity_unlocked,3,1.3
E0000945,P00918,2026-04-08,companion_affinity_unlocked,5,1.3
E0000946,P00918,2026-04-07,celestial_runway_joined,8,1.3
E0000947,P00919,2026-02-05,companion_affinity_unlocked,1,1.2
E0000948,P00919,2026-03-15,celestial_runway_joined,5,1.3
E0000949,P00920,2026-04-03,celestial_runway_joined,5,1.3
E0000950,P00921,2026-04-21,celestial_runway_joined,6,1.3
E0000951,P00922,2026-03-13,companion_affinity_unlocked,4,1.3
E0000952,P00922,2026-03-18,celestial_runway_joined,8,1.3
E0000953,P00923,2026-02-27,companion_affinity_unlocked,5,1.2
E0000954,P00923,2026-03-23,celestial_runway_joined,6,1.3
E0000955,P00924,2026-03-17,celestial_runway_joined,1,1.3
E0000956,P00925,2026-02-01,companion_affinity_unlocked,4,1.2
E0000957,P00926,2026-05-08,celestial_runway_joined,3,1.3
E0000958,P00927,2026-03-09,companion_affinity_unlocked,2,1.3
E0000959,P00927,2026-03-27,celestial_runway_joined,8,1.3
E0000960,P00928,2026-03-29,celestial_runway_joined,3,1.3
E0000961,P00929,2026-03-29,celestial_runway_joined,7,1.3
E0000962,P00930,2026-03-31,celestial_runway_joined,3,1.3
E0000963,P00931,2026-03-10,companion_affinity_unlocked,5,1.3
E0000964,P00932,2026-04-01,celestial_runway_joined,1,1.3
E0000965,P00933,2026-02-02,companion_affinity_unlocked,3,1.2
E0000966,P00933,2026-03-19,celestial_runway_joined,2,1.3
E0000967,P00934,2026-03-23,companion_affinity_unlocked,4,1.3
E0000968,P00935,2026-02-25,companion_affinity_unlocked,3,1.2
E0000969,P00937,2026-03-30,celestial_runway_joined,4,1.3
E0000970,P00938,2026-01-21,companion_affinity_unlocked,5,1.2
E0000971,P00939,2026-03-01,companion_affinity_unlocked,5,1.3
E0000972,P00940,2026-03-05,companion_affinity_unlocked,3,1.3
E0000973,P00942,2026-02-23,companion_affinity_unlocked,3,1.2
E0000974,P00942,2026-03-25,celestial_runway_joined,4,1.3
E0000975,P00943,2026-04-20,companion_affinity_unlocked,4,1.3
E0000976,P00944,2026-03-03,companion_affinity_unlocked,3,1.3
E0000977,P00944,2026-03-15,celestial_runway_joined,8,1.3
E0000978,P00945,2026-01-18,companion_affinity_unlocked,5,1.2
E0000979,P00945,2026-03-19,celestial_runway_joined,7,1.3
E0000980,P00946,2026-01-18,companion_affinity_unlocked,4,1.2
E0000981,P00946,2026-03-24,celestial_runway_joined,6,1.3
E0000982,P00950,2026-02-07,companion_affinity_unlocked,3,1.2
E0000983,P00951,2026-01-17,companion_affinity_unlocked,4,1.2
E0000984,P00955,2026-04-15,celestial_runway_joined,8,1.3
E0000985,P00956,2026-03-16,companion_affinity_unlocked,3,1.3
E0000986,P00956,2026-03-16,celestial_runway_joined,6,1.3
E0000987,P00957,2026-02-21,companion_affinity_unlocked,2,1.2
E0000988,P00957,2026-03-19,celestial_runway_joined,5,1.3
E0000989,P00959,2026-04-29,companion_affinity_unlocked,4,1.3
E0000990,P00959,2026-05-04,celestial_runway_joined,5,1.3
E0000991,P00961,2026-01-21,companion_affinity_unlocked,1,1.2
E0000992,P00961,2026-04-04,celestial_runway_joined,1,1.3
E0000993,P00962,2026-04-02,celestial_runway_joined,7,1.3
E0000994,P00963,2026-04-11,companion_affinity_unlocked,1,1.3
E0000995,P00964,2026-03-15,celestial_runway_joined,5,1.3
E0000996,P00965,2026-05-04,celestial_runway_joined,5,1.3
E0000997,P00966,2026-03-14,companion_affinity_unlocked,5,1.3
E0000998,P00966,2026-04-03,celestial_runway_joined,5,1.3
E0000999,P00967,2026-03-15,celestial_runway_joined,3,1.3
E0001000,P00968,2026-04-01,celestial_runway_joined,4,1.3
E0001001,P00970,2026-04-03,celestial_runway_joined,3,1.3
E0001002,P00972,2026-02-24,companion_affinity_unlocked,5,1.2
E0001003,P00973,2026-03-22,celestial_runway_joined,1,1.3
E0001004,P00974,2026-03-01,companion_affinity_unlocked,5,1.3
E0001005,P00974,2026-03-17,celestial_runway_joined,8,1.3
E0001006,P00975,2026-01-25,companion_affinity_unlocked,1,1.2
E0001007,P00975,2026-03-25,celestial_runway_joined,1,1.3
E0001008,P00976,2026-03-24,celestial_runway_joined,1,1.3
E0001009,P00977,2026-01-15,companion_affinity_unlocked,1,1.2
E0001010,P00977,2026-04-03,celestial_runway_joined,3,1.3
E0001011,P00978,2026-03-16,celestial_runway_joined,2,1.3
E0001012,P00981,2026-03-18,celestial_runway_joined,4,1.3
E0001013,P00984,2026-03-31,celestial_runway_joined,5,1.3
E0001014,P00985,2026-03-30,celestial_runway_joined,3,1.3
E0001015,P00986,2026-03-24,companion_affinity_unlocked,5,1.3
E0001016,P00987,2026-03-17,companion_affinity_unlocked,2,1.3
E0001017,P00988,2026-03-28,celestial_runway_joined,3,1.3
E0001018,P00989,2026-03-22,celestial_runway_joined,5,1.3
E0001019,P00990,2026-04-05,companion_affinity_unlocked,4,1.3
E0001020,P00990,2026-04-21,celestial_runway_joined,7,1.3
E0001021,P00991,2026-02-11,companion_affinity_unlocked,2,1.2
E0001022,P00991,2026-03-21,celestial_runway_joined,2,1.3
E0001023,P00992,2026-03-11,companion_affinity_unlocked,3,1.3
E0001024,P00992,2026-03-21,celestial_runway_joined,2,1.3
E0001025,P00993,2026-01-25,companion_affinity_unlocked,1,1.2
E0001026,P00993,2026-04-01,celestial_runway_joined,1,1.3
E0001027,P00994,2026-03-20,celestial_runway_joined,7,1.3
E0001028,P00995,2026-04-03,celestial_runway_joined,3,1.3
E0001029,P00996,2026-03-26,celestial_runway_joined,6,1.3
E0001030,P00997,2026-03-09,companion_affinity_unlocked,5,1.3
E0001031,P00997,2026-03-21,celestial_runway_joined,7,1.3
E0001032,P00998,2026-02-17,companion_affinity_unlocked,4,1.2
E0001033,P00999,2026-04-25,companion_affinity_unlocked,1,1.3
E0001034,P01000,2026-04-02,celestial_runway_joined,1,1.3
E0001035,P01001,2026-04-08,celestial_runway_joined,1,1.3
E0001036,P01002,2026-03-30,companion_affinity_unlocked,5,1.3
E0001037,P01002,2026-04-04,celestial_runway_joined,7,1.3
E0001038,P01003,2026-03-10,companion_affinity_unlocked,3,1.3
E0001039,P01003,2026-03-17,celestial_runway_joined,4,1.3
E0001040,P01005,2026-03-22,celestial_runway_joined,4,1.3
E0001041,P01006,2026-05-04,celestial_runway_joined,2,1.3
E0001042,P01007,2026-04-14,companion_affinity_unlocked,1,1.3
E0001043,P01007,2026-04-12,celestial_runway_joined,3,1.3
E0001044,P01008,2026-03-02,companion_affinity_unlocked,1,1.3
E0001045,P01009,2026-03-31,celestial_runway_joined,3,1.3
E0001046,P01010,2026-03-18,celestial_runway_joined,1,1.3
E0001047,P01011,2026-02-04,companion_affinity_unlocked,2,1.2
E0001048,P01012,2026-04-04,companion_affinity_unlocked,2,1.3
E0001049,P01015,2026-03-03,companion_affinity_unlocked,4,1.3
E0001050,P01016,2026-04-21,celestial_runway_joined,7,1.3
E0001051,P01017,2026-02-21,companion_affinity_unlocked,5,1.2
E0001052,P01017,2026-03-31,celestial_runway_joined,8,1.3
E0001053,P01018,2026-03-05,companion_affinity_unlocked,1,1.3
E0001054,P01019,2026-03-29,celestial_runway_joined,1,1.3
E0001055,P01020,2026-01-19,companion_affinity_unlocked,5,1.2
E0001056,P01020,2026-03-26,celestial_runway_joined,6,1.3
E0001057,P01021,2026-01-10,companion_affinity_unlocked,3,1.2
E0001058,P01022,2026-01-14,companion_affinity_unlocked,2,1.2
E0001059,P01023,2026-04-24,celestial_runway_joined,4,1.3
E0001060,P01025,2026-04-11,celestial_runway_joined,5,1.3
E0001061,P01026,2026-03-21,celestial_runway_joined,2,1.3
E0001062,P01027,2026-01-11,companion_affinity_unlocked,4,1.2
E0001063,P01028,2026-03-24,celestial_runway_joined,6,1.3
E0001064,P01029,2026-03-31,celestial_runway_joined,3,1.3
E0001065,P01030,2026-02-10,companion_affinity_unlocked,2,1.2
E0001066,P01031,2026-03-28,celestial_runway_joined,5,1.3
E0001067,P01033,2026-03-31,companion_affinity_unlocked,2,1.3
E0001068,P01033,2026-04-05,celestial_runway_joined,2,1.3
E0001069,P01035,2026-01-13,companion_affinity_unlocked,2,1.2
E0001070,P01037,2026-04-21,companion_affinity_unlocked,5,1.3
E0001071,P01037,2026-04-19,celestial_runway_joined,2,1.3
E0001072,P01038,2026-01-04,companion_affinity_unlocked,4,1.2
E0001073,P01038,2026-04-01,celestial_runway_joined,3,1.3
E0001074,P01039,2026-03-20,celestial_runway_joined,4,1.3
E0001075,P01040,2026-04-10,companion_affinity_unlocked,5,1.3
E0001076,P01040,2026-04-06,celestial_runway_joined,8,1.3
E0001077,P01042,2026-04-22,celestial_runway_joined,5,1.3
E0001078,P01043,2026-04-04,celestial_runway_joined,5,1.3
E0001079,P01045,2026-03-29,companion_affinity_unlocked,5,1.3
E0001080,P01045,2026-04-05,celestial_runway_joined,3,1.3
E0001081,P01046,2026-04-04,celestial_runway_joined,6,1.3
E0001082,P01047,2026-04-03,celestial_runway_joined,8,1.3
E0001083,P01049,2026-03-20,companion_affinity_unlocked,1,1.3
E0001084,P01050,2026-01-21,companion_affinity_unlocked,1,1.2
E0001085,P01050,2026-03-25,celestial_runway_joined,5,1.3
E0001086,P01052,2026-03-30,celestial_runway_joined,7,1.3
E0001087,P01053,2026-03-31,celestial_runway_joined,5,1.3
E0001088,P01055,2026-01-13,companion_affinity_unlocked,2,1.2
E0001089,P01056,2026-04-30,companion_affinity_unlocked,4,1.3
E0001090,P01056,2026-04-27,celestial_runway_joined,1,1.3
E0001091,P01057,2026-02-28,companion_affinity_unlocked,4,1.2
E0001092,P01060,2026-03-28,celestial_runway_joined,6,1.3
E0001093,P01062,2026-03-28,companion_affinity_unlocked,4,1.3
E0001094,P01063,2026-04-01,celestial_runway_joined,6,1.3
E0001095,P01064,2026-03-28,celestial_runway_joined,8,1.3
E0001096,P01065,2026-04-02,celestial_runway_joined,3,1.3
E0001097,P01066,2026-03-20,celestial_runway_joined,7,1.3
E0001098,P01067,2026-04-24,companion_affinity_unlocked,1,1.3
E0001099,P01067,2026-04-20,celestial_runway_joined,2,1.3
E0001100,P01068,2026-04-03,celestial_runway_joined,1,1.3
E0001101,P01070,2026-04-01,celestial_runway_joined,7,1.3
E0001102,P01071,2026-03-21,companion_affinity_unlocked,4,1.3
E0001103,P01072,2026-03-22,celestial_runway_joined,7,1.3
E0001104,P01073,2026-04-01,companion_affinity_unlocked,4,1.3
E0001105,P01074,2026-03-05,companion_affinity_unlocked,5,1.3
E0001106,P01075,2026-04-02,celestial_runway_joined,5,1.3
E0001107,P01076,2026-03-22,celestial_runway_joined,8,1.3
E0001108,P01077,2026-03-28,celestial_runway_joined,7,1.3
E0001109,P01079,2026-02-23,companion_affinity_unlocked,3,1.2
E0001110,P01081,2026-04-19,companion_affinity_unlocked,1,1.3
E0001111,P01082,2026-05-03,celestial_runway_joined,3,1.3
E0001112,P01083,2026-04-25,companion_affinity_unlocked,5,1.3
E0001113,P01084,2026-03-09,companion_affinity_unlocked,5,1.3
E0001114,P01085,2026-01-29,companion_affinity_unlocked,5,1.2
E0001115,P01085,2026-03-21,celestial_runway_joined,8,1.3
E0001116,P01086,2026-04-09,companion_affinity_unlocked,5,1.3
E0001117,P01086,2026-04-27,celestial_runway_joined,6,1.3
E0001118,P01087,2026-04-10,celestial_runway_joined,8,1.3
E0001119,P01088,2026-05-02,celestial_runway_joined,1,1.3
E0001120,P01089,2026-03-22,celestial_runway_joined,5,1.3
E0001121,P01090,2026-03-29,celestial_runway_joined,1,1.3
E0001122,P01091,2026-03-01,companion_affinity_unlocked,5,1.3
E0001123,P01092,2026-03-15,celestial_runway_joined,8,1.3
E0001124,P01093,2026-04-22,celestial_runway_joined,3,1.3
E0001125,P01094,2026-03-25,celestial_runway_joined,4,1.3
E0001126,P01096,2026-03-26,celestial_runway_joined,8,1.3
E0001127,P01097,2026-04-24,celestial_runway_joined,1,1.3
E0001128,P01098,2026-04-02,companion_affinity_unlocked,2,1.3
E0001129,P01099,2026-03-16,celestial_runway_joined,8,1.3
E0001130,P01100,2026-02-22,companion_affinity_unlocked,1,1.2
E0001131,P01101,2026-03-26,celestial_runway_joined,4,1.3
E0001132,P01102,2026-03-02,companion_affinity_unlocked,2,1.3
E0001133,P01103,2026-04-21,companion_affinity_unlocked,5,1.3
E0001134,P01103,2026-05-01,celestial_runway_joined,2,1.3
E0001135,P01104,2026-03-18,celestial_runway_joined,4,1.3
E0001136,P01105,2026-03-19,celestial_runway_joined,4,1.3
E0001137,P01107,2026-02-01,companion_affinity_unlocked,1,1.2
E0001138,P01108,2026-04-17,companion_affinity_unlocked,2,1.3
E0001139,P01108,2026-05-05,celestial_runway_joined,3,1.3
E0001140,P01109,2026-04-20,celestial_runway_joined,7,1.3
E0001141,P01110,2026-03-29,celestial_runway_joined,8,1.3
E0001142,P01112,2026-03-25,celestial_runway_joined,5,1.3
E0001143,P01113,2026-04-01,celestial_runway_joined,1,1.3
E0001144,P01114,2026-02-08,companion_affinity_unlocked,4,1.2
E0001145,P01115,2026-01-30,companion_affinity_unlocked,1,1.2
E0001146,P01116,2026-03-04,companion_affinity_unlocked,5,1.3
E0001147,P01116,2026-04-02,celestial_runway_joined,1,1.3
E0001148,P01117,2026-04-26,celestial_runway_joined,4,1.3
E0001149,P01118,2026-04-04,celestial_runway_joined,6,1.3
E0001150,P01119,2026-03-27,companion_affinity_unlocked,4,1.3
E0001151,P01119,2026-04-04,celestial_runway_joined,5,1.3
E0001152,P01120,2026-02-28,companion_affinity_unlocked,5,1.2
E0001153,P01120,2026-03-19,celestial_runway_joined,3,1.3
E0001154,P01121,2026-03-22,celestial_runway_joined,6,1.3
E0001155,P01122,2026-03-24,celestial_runway_joined,4,1.3
E0001156,P01123,2026-02-07,companion_affinity_unlocked,3,1.2
E0001157,P01123,2026-03-31,celestial_runway_joined,1,1.3
E0001158,P01124,2026-02-02,companion_affinity_unlocked,2,1.2
E0001159,P01125,2026-04-20,celestial_runway_joined,5,1.3
E0001160,P01127,2026-04-10,celestial_runway_joined,7,1.3
E0001161,P01128,2026-03-21,companion_affinity_unlocked,4,1.3
E0001162,P01130,2026-03-23,companion_affinity_unlocked,5,1.3
E0001163,P01130,2026-03-21,celestial_runway_joined,7,1.3
E0001164,P01131,2026-03-18,celestial_runway_joined,8,1.3
E0001165,P01132,2026-03-21,companion_affinity_unlocked,5,1.3
E0001166,P01136,2026-01-13,companion_affinity_unlocked,4,1.2
E0001167,P01136,2026-03-26,celestial_runway_joined,8,1.3
E0001168,P01137,2026-03-28,companion_affinity_unlocked,5,1.3
E0001169,P01137,2026-04-04,celestial_runway_joined,4,1.3
E0001170,P01138,2026-02-16,companion_affinity_unlocked,1,1.2
E0001171,P01139,2026-04-09,celestial_runway_joined,8,1.3
E0001172,P01140,2026-03-22,celestial_runway_joined,2,1.3
E0001173,P01141,2026-04-14,companion_affinity_unlocked,4,1.3
E0001174,P01141,2026-04-12,celestial_runway_joined,5,1.3
E0001175,P01142,2026-03-17,celestial_runway_joined,2,1.3
E0001176,P01144,2026-04-18,celestial_runway_joined,8,1.3
E0001177,P01145,2026-02-10,companion_affinity_unlocked,4,1.2
E0001178,P01147,2026-04-04,celestial_runway_joined,1,1.3
E0001179,P01148,2026-04-11,celestial_runway_joined,5,1.3
E0001180,P01150,2026-04-13,companion_affinity_unlocked,3,1.3
E0001181,P01151,2026-03-26,celestial_runway_joined,2,1.3
E0001182,P01152,2026-03-18,celestial_runway_joined,6,1.3
E0001183,P01153,2026-03-23,celestial_runway_joined,2,1.3
E0001184,P01154,2026-04-22,companion_affinity_unlocked,1,1.3
E0001185,P01155,2026-02-09,companion_affinity_unlocked,3,1.2
E0001186,P01155,2026-03-19,celestial_runway_joined,3,1.3
E0001187,P01156,2026-03-15,companion_affinity_unlocked,1,1.3
E0001188,P01157,2026-03-23,celestial_runway_joined,1,1.3
E0001189,P01158,2026-04-22,celestial_runway_joined,8,1.3
E0001190,P01159,2026-02-18,companion_affinity_unlocked,1,1.2
E0001191,P01159,2026-03-19,celestial_runway_joined,2,1.3
E0001192,P01160,2026-02-16,companion_affinity_unlocked,3,1.2
E0001193,P01160,2026-03-21,celestial_runway_joined,3,1.3
E0001194,P01161,2026-04-02,celestial_runway_joined,3,1.3
E0001195,P01162,2026-03-03,companion_affinity_unlocked,2,1.3
E0001196,P01163,2026-04-16,celestial_runway_joined,2,1.3
E0001197,P01165,2026-03-05,companion_affinity_unlocked,1,1.3
E0001198,P01165,2026-04-02,celestial_runway_joined,6,1.3
E0001199,P01166,2026-01-20,companion_affinity_unlocked,3,1.2
E0001200,P01167,2026-01-08,companion_affinity_unlocked,1,1.2
E0001201,P01167,2026-03-19,celestial_runway_joined,5,1.3
E0001202,P01168,2026-02-21,companion_affinity_unlocked,1,1.2
E0001203,P01172,2026-03-20,companion_affinity_unlocked,5,1.3
E0001204,P01172,2026-03-24,celestial_runway_joined,4,1.3
E0001205,P01173,2026-03-19,celestial_runway_joined,4,1.3
E0001206,P01175,2026-03-26,celestial_runway_joined,3,1.3
E0001207,P01177,2026-03-16,celestial_runway_joined,8,1.3
E0001208,P01178,2026-01-26,companion_affinity_unlocked,2,1.2
E0001209,P01179,2026-02-05,companion_affinity_unlocked,5,1.2
E0001210,P01180,2026-03-31,celestial_runway_joined,6,1.3
E0001211,P01181,2026-03-13,companion_affinity_unlocked,1,1.3
E0001212,P01182,2026-04-19,companion_affinity_unlocked,5,1.3
E0001213,P01183,2026-03-26,companion_affinity_unlocked,1,1.3
E0001214,P01183,2026-03-31,celestial_runway_joined,4,1.3
E0001215,P01184,2026-03-21,celestial_runway_joined,4,1.3
E0001216,P01185,2026-02-24,companion_affinity_unlocked,1,1.2
E0001217,P01186,2026-02-08,companion_affinity_unlocked,2,1.2
E0001218,P01186,2026-03-19,celestial_runway_joined,4,1.3
E0001219,P01187,2026-03-17,celestial_runway_joined,7,1.3
E0001220,P01188,2026-03-15,companion_affinity_unlocked,1,1.3
E0001221,P01189,2026-03-10,companion_affinity_unlocked,5,1.3
E0001222,P01190,2026-03-28,celestial_runway_joined,7,1.3
E0001223,P01192,2026-03-24,celestial_runway_joined,7,1.3
E0001224,P01193,2026-01-24,companion_affinity_unlocked,1,1.2
E0001225,P01194,2026-03-29,companion_affinity_unlocked,5,1.3
E0001226,P01194,2026-03-22,celestial_runway_joined,7,1.3
E0001227,P01195,2026-03-06,companion_affinity_unlocked,2,1.3
E0001228,P01196,2026-03-18,companion_affinity_unlocked,4,1.3
E0001229,P01197,2026-03-30,companion_affinity_unlocked,4,1.3
E0001230,P01198,2026-04-25,companion_affinity_unlocked,3,1.3
E0001231,P01198,2026-05-11,celestial_runway_joined,3,1.3
E0001232,P01199,2026-04-05,companion_affinity_unlocked,3,1.3
E0001233,P01200,2026-03-17,companion_affinity_unlocked,5,1.3
E0001234,P01200,2026-04-01,celestial_runway_joined,1,1.3
E0001235,P01201,2026-04-28,celestial_runway_joined,4,1.3
E0001236,P01202,2026-03-01,companion_affinity_unlocked,1,1.3
E0001237,P01203,2026-04-29,companion_affinity_unlocked,2,1.3
E0001238,P01203,2026-04-30,celestial_runway_joined,8,1.3
E0001239,P01204,2026-04-05,companion_affinity_unlocked,4,1.3
E0001240,P01205,2026-03-21,companion_affinity_unlocked,1,1.3
E0001241,P01205,2026-04-01,celestial_runway_joined,6,1.3
E0001242,P01206,2026-04-20,celestial_runway_joined,3,1.3
E0001243,P01207,2026-03-19,celestial_runway_joined,2,1.3
E0001244,P01208,2026-04-13,celestial_runway_joined,1,1.3
E0001245,P01210,2026-04-27,companion_affinity_unlocked,1,1.3
E0001246,P01210,2026-05-08,celestial_runway_joined,6,1.3
E0001247,P01211,2026-03-16,companion_affinity_unlocked,5,1.3
E0001248,P01211,2026-03-20,celestial_runway_joined,6,1.3
E0001249,P01212,2026-04-05,companion_affinity_unlocked,4,1.3
E0001250,P01212,2026-04-08,celestial_runway_joined,6,1.3
E0001251,P01213,2026-02-28,companion_affinity_unlocked,3,1.2
E0001252,P01213,2026-03-30,celestial_runway_joined,5,1.3
E0001253,P01214,2026-04-15,companion_affinity_unlocked,4,1.3
E0001254,P01214,2026-04-13,celestial_runway_joined,8,1.3
E0001255,P01215,2026-03-15,celestial_runway_joined,1,1.3
E0001256,P01216,2026-03-24,celestial_runway_joined,3,1.3
E0001257,P01217,2026-03-05,companion_affinity_unlocked,3,1.3
E0001258,P01217,2026-03-23,celestial_runway_joined,1,1.3
E0001259,P01218,2026-04-04,celestial_runway_joined,3,1.3
E0001260,P01219,2026-04-21,celestial_runway_joined,5,1.3
E0001261,P01220,2026-02-26,companion_affinity_unlocked,2,1.2
E0001262,P01221,2026-03-21,companion_affinity_unlocked,1,1.3
E0001263,P01222,2026-03-29,celestial_runway_joined,4,1.3
E0001264,P01223,2026-04-22,celestial_runway_joined,4,1.3
E0001265,P01224,2026-03-21,companion_affinity_unlocked,3,1.3
E0001266,P01225,2026-03-15,celestial_runway_joined,1,1.3
E0001267,P01227,2026-04-04,celestial_runway_joined,5,1.3
E0001268,P01228,2026-04-29,companion_affinity_unlocked,2,1.3
E0001269,P01228,2026-04-27,celestial_runway_joined,6,1.3
E0001270,P01229,2026-01-20,companion_affinity_unlocked,2,1.2
E0001271,P01229,2026-03-15,celestial_runway_joined,7,1.3
E0001272,P01231,2026-04-20,celestial_runway_joined,4,1.3
E0001273,P01232,2026-04-01,celestial_runway_joined,3,1.3
E0001274,P01233,2026-05-12,celestial_runway_joined,6,1.3
E0001275,P01234,2026-03-29,celestial_runway_joined,6,1.3
E0001276,P01235,2026-03-20,companion_affinity_unlocked,2,1.3
E0001277,P01235,2026-03-26,celestial_runway_joined,8,1.3
E0001278,P01236,2026-02-14,companion_affinity_unlocked,5,1.2
E0001279,P01236,2026-03-23,celestial_runway_joined,5,1.3
E0001280,P01237,2026-01-08,companion_affinity_unlocked,3,1.2
E0001281,P01237,2026-03-27,celestial_runway_joined,3,1.3
E0001282,P01238,2026-01-18,companion_affinity_unlocked,3,1.2
E0001283,P01238,2026-03-28,celestial_runway_joined,8,1.3
E0001284,P01240,2026-03-19,celestial_runway_joined,5,1.3
E0001285,P01241,2026-03-21,celestial_runway_joined,4,1.3
E0001286,P01243,2026-04-28,companion_affinity_unlocked,5,1.3
E0001287,P01245,2026-04-26,celestial_runway_joined,5,1.3
E0001288,P01246,2026-04-27,companion_affinity_unlocked,3,1.3
E0001289,P01246,2026-05-01,celestial_runway_joined,3,1.3
E0001290,P01247,2026-04-26,celestial_runway_joined,7,1.3
E0001291,P01248,2026-02-27,companion_affinity_unlocked,5,1.2
E0001292,P01248,2026-03-15,celestial_runway_joined,2,1.3
E0001293,P01250,2026-04-28,companion_affinity_unlocked,2,1.3
E0001294,P01251,2026-03-18,celestial_runway_joined,8,1.3
E0001295,P01252,2026-02-24,companion_affinity_unlocked,2,1.2
E0001296,P01252,2026-04-03,celestial_runway_joined,4,1.3
E0001297,P01253,2026-01-16,companion_affinity_unlocked,5,1.2
E0001298,P01253,2026-03-27,celestial_runway_joined,1,1.3
E0001299,P01254,2026-04-04,companion_affinity_unlocked,3,1.3
E0001300,P01254,2026-04-16,celestial_runway_joined,6,1.3
E0001301,P01255,2026-03-19,companion_affinity_unlocked,1,1.3
E0001302,P01255,2026-03-16,celestial_runway_joined,6,1.3
E0001303,P01256,2026-01-14,companion_affinity_unlocked,5,1.2
E0001304,P01257,2026-02-01,companion_affinity_unlocked,1,1.2
E0001305,P01258,2026-03-10,companion_affinity_unlocked,5,1.3
E0001306,P01259,2026-03-10,companion_affinity_unlocked,3,1.3
E0001307,P01260,2026-04-03,celestial_runway_joined,7,1.3
E0001308,P01261,2026-02-04,companion_affinity_unlocked,5,1.2
E0001309,P01261,2026-03-26,celestial_runway_joined,8,1.3
E0001310,P01262,2026-04-24,celestial_runway_joined,7,1.3
E0001311,P01263,2026-02-23,companion_affinity_unlocked,2,1.2
E0001312,P01263,2026-03-25,celestial_runway_joined,4,1.3
E0001313,P01264,2026-04-08,companion_affinity_unlocked,4,1.3
E0001314,P01265,2026-03-17,celestial_runway_joined,2,1.3
E0001315,P01266,2026-01-11,companion_affinity_unlocked,4,1.2
E0001316,P01266,2026-03-30,celestial_runway_joined,5,1.3
E0001317,P01269,2026-04-23,companion_affinity_unlocked,2,1.3
E0001318,P01270,2026-04-03,celestial_runway_joined,7,1.3
E0001319,P01272,2026-01-20,companion_affinity_unlocked,3,1.2
E0001320,P01272,2026-04-04,celestial_runway_joined,2,1.3
E0001321,P01274,2026-03-22,companion_affinity_unlocked,4,1.3
E0001322,P01275,2026-04-05,companion_affinity_unlocked,1,1.3
E0001323,P01277,2026-03-19,companion_affinity_unlocked,3,1.3
E0001324,P01278,2026-04-12,celestial_runway_joined,6,1.3
E0001325,P01279,2026-01-04,companion_affinity_unlocked,3,1.2
E0001326,P01280,2026-04-12,celestial_runway_joined,7,1.3
E0001327,P01281,2026-04-02,companion_affinity_unlocked,2,1.3
E0001328,P01281,2026-04-15,celestial_runway_joined,3,1.3
E0001329,P01283,2026-03-19,celestial_runway_joined,4,1.3
E0001330,P01286,2026-01-10,companion_affinity_unlocked,2,1.2
E0001331,P01286,2026-04-04,celestial_runway_joined,3,1.3
E0001332,P01288,2026-03-30,celestial_runway_joined,2,1.3
E0001333,P01290,2026-03-15,companion_affinity_unlocked,1,1.3
E0001334,P01291,2026-02-01,companion_affinity_unlocked,3,1.2
E0001335,P01291,2026-03-15,celestial_runway_joined,2,1.3
E0001336,P01292,2026-04-09,celestial_runway_joined,2,1.3
E0001337,P01293,2026-03-30,celestial_runway_joined,3,1.3
E0001338,P01295,2026-04-22,companion_affinity_unlocked,4,1.3
E0001339,P01295,2026-04-21,celestial_runway_joined,6,1.3
E0001340,P01296,2026-03-17,celestial_runway_joined,4,1.3
E0001341,P01297,2026-02-06,companion_affinity_unlocked,4,1.2
E0001342,P01297,2026-03-23,celestial_runway_joined,1,1.3
E0001343,P01298,2026-03-22,companion_affinity_unlocked,1,1.3
E0001344,P01299,2026-03-25,celestial_runway_joined,5,1.3
E0001345,P01300,2026-03-30,celestial_runway_joined,6,1.3
E0001346,P01301,2026-04-01,companion_affinity_unlocked,1,1.3
E0001347,P01301,2026-04-12,celestial_runway_joined,3,1.3
E0001348,P01302,2026-02-23,companion_affinity_unlocked,5,1.2
E0001349,P01302,2026-04-03,celestial_runway_joined,1,1.3
E0001350,P01304,2026-04-27,celestial_runway_joined,2,1.3
E0001351,P01305,2026-03-16,companion_affinity_unlocked,4,1.3
E0001352,P01305,2026-03-28,celestial_runway_joined,1,1.3
E0001353,P01306,2026-03-27,celestial_runway_joined,2,1.3
E0001354,P01307,2026-02-03,companion_affinity_unlocked,2,1.2
E0001355,P01307,2026-03-27,celestial_runway_joined,1,1.3
E0001356,P01309,2026-02-24,companion_affinity_unlocked,2,1.2
E0001357,P01310,2026-04-12,companion_affinity_unlocked,2,1.3
E0001358,P01310,2026-04-21,celestial_runway_joined,4,1.3
E0001359,P01311,2026-03-18,celestial_runway_joined,4,1.3
E0001360,P01312,2026-03-22,celestial_runway_joined,1,1.3
E0001361,P01313,2026-04-11,celestial_runway_joined,1,1.3
E0001362,P01314,2026-04-25,celestial_runway_joined,6,1.3
E0001363,P01315,2026-04-22,celestial_runway_joined,2,1.3
E0001364,P01316,2026-02-11,companion_affinity_unlocked,5,1.2
E0001365,P01316,2026-03-19,celestial_runway_joined,8,1.3
E0001366,P01317,2026-03-25,companion_affinity_unlocked,3,1.3
E0001367,P01319,2026-03-21,celestial_runway_joined,1,1.3
E0001368,P01321,2026-03-31,celestial_runway_joined,7,1.3
E0001369,P01322,2026-02-07,companion_affinity_unlocked,4,1.2
E0001370,P01323,2026-03-26,celestial_runway_joined,4,1.3
E0001371,P01325,2026-04-15,companion_affinity_unlocked,2,1.3
E0001372,P01326,2026-01-26,companion_affinity_unlocked,2,1.2
E0001373,P01326,2026-04-04,celestial_runway_joined,7,1.3
E0001374,P01328,2026-03-24,celestial_runway_joined,4,1.3
E0001375,P01329,2026-03-28,celestial_runway_joined,2,1.3
E0001376,P01330,2026-02-14,companion_affinity_unlocked,1,1.2
E0001377,P01331,2026-03-21,celestial_runway_joined,7,1.3
E0001378,P01332,2026-04-07,celestial_runway_joined,5,1.3
E0001379,P01333,2026-03-23,celestial_runway_joined,1,1.3
E0001380,P01334,2026-04-15,celestial_runway_joined,5,1.3
E0001381,P01336,2026-05-14,celestial_runway_joined,6,1.3
E0001382,P01337,2026-03-21,companion_affinity_unlocked,2,1.3
E0001383,P01338,2026-02-11,companion_affinity_unlocked,1,1.2
E0001384,P01338,2026-03-17,celestial_runway_joined,4,1.3
E0001385,P01339,2026-04-05,celestial_runway_joined,8,1.3
E0001386,P01340,2026-03-27,celestial_runway_joined,2,1.3
E0001387,P01341,2026-03-24,celestial_runway_joined,4,1.3
E0001388,P01342,2026-01-19,companion_affinity_unlocked,1,1.2
E0001389,P01343,2026-03-17,celestial_runway_joined,1,1.3
E0001390,P01344,2026-03-12,companion_affinity_unlocked,5,1.3
E0001391,P01347,2026-04-15,companion_affinity_unlocked,1,1.3
E0001392,P01348,2026-03-29,companion_affinity_unlocked,3,1.3
E0001393,P01349,2026-03-31,companion_affinity_unlocked,5,1.3
E0001394,P01349,2026-04-05,celestial_runway_joined,7,1.3
E0001395,P01351,2026-03-15,celestial_runway_joined,4,1.3
E0001396,P01352,2026-02-18,companion_affinity_unlocked,1,1.2
E0001397,P01352,2026-03-26,celestial_runway_joined,7,1.3
E0001398,P01353,2026-03-27,celestial_runway_joined,3,1.3
E0001399,P01354,2026-05-04,celestial_runway_joined,4,1.3
E0001400,P01355,2026-02-01,companion_affinity_unlocked,3,1.2
E0001401,P01357,2026-02-16,companion_affinity_unlocked,4,1.2
E0001402,P01357,2026-04-01,celestial_runway_joined,1,1.3
E0001403,P01358,2026-03-31,celestial_runway_joined,6,1.3
E0001404,P01359,2026-01-18,companion_affinity_unlocked,3,1.2
E0001405,P01359,2026-03-25,celestial_runway_joined,4,1.3
E0001406,P01360,2026-02-16,companion_affinity_unlocked,3,1.2
E0001407,P01361,2026-03-27,celestial_runway_joined,5,1.3
E0001408,P01362,2026-03-23,celestial_runway_joined,7,1.3
E0001409,P01363,2026-02-14,companion_affinity_unlocked,3,1.2
E0001410,P01364,2026-01-29,companion_affinity_unlocked,2,1.2
E0001411,P01364,2026-03-29,celestial_runway_joined,5,1.3
E0001412,P01365,2026-03-21,celestial_runway_joined,5,1.3
E0001413,P01368,2026-03-01,companion_affinity_unlocked,2,1.3
E0001414,P01369,2026-05-03,celestial_runway_joined,6,1.3
E0001415,P01371,2026-04-16,companion_affinity_unlocked,1,1.3
E0001416,P01372,2026-03-30,celestial_runway_joined,3,1.3
E0001417,P01373,2026-02-25,companion_affinity_unlocked,3,1.2
E0001418,P01374,2026-02-25,companion_affinity_unlocked,2,1.2
E0001419,P01375,2026-04-20,companion_affinity_unlocked,1,1.3
E0001420,P01376,2026-04-30,celestial_runway_joined,8,1.3
E0001421,P01378,2026-03-28,celestial_runway_joined,2,1.3
E0001422,P01380,2026-03-08,companion_affinity_unlocked,5,1.3
E0001423,P01381,2026-05-01,celestial_runway_joined,6,1.3
E0001424,P01382,2026-03-24,celestial_runway_joined,1,1.3
E0001425,P01383,2026-02-11,companion_affinity_unlocked,2,1.2
E0001426,P01383,2026-03-19,celestial_runway_joined,2,1.3
E0001427,P01386,2026-03-15,celestial_runway_joined,3,1.3
E0001428,P01387,2026-03-10,companion_affinity_unlocked,4,1.3
E0001429,P01387,2026-03-22,celestial_runway_joined,7,1.3
E0001430,P01388,2026-03-21,celestial_runway_joined,6,1.3
E0001431,P01389,2026-04-20,companion_affinity_unlocked,3,1.3
E0001432,P01389,2026-04-27,celestial_runway_joined,6,1.3
E0001433,P01390,2026-04-20,companion_affinity_unlocked,2,1.3
E0001434,P01391,2026-02-08,companion_affinity_unlocked,1,1.2
E0001435,P01393,2026-04-29,companion_affinity_unlocked,1,1.3
E0001436,P01393,2026-05-14,celestial_runway_joined,1,1.3
E0001437,P01395,2026-03-31,celestial_runway_joined,7,1.3
E0001438,P01396,2026-03-13,companion_affinity_unlocked,2,1.3
E0001439,P01397,2026-03-18,companion_affinity_unlocked,3,1.3
E0001440,P01397,2026-03-30,celestial_runway_joined,5,1.3
E0001441,P01399,2026-03-27,celestial_runway_joined,7,1.3
E0001442,P01400,2026-03-16,celestial_runway_joined,8,1.3
E0001443,P01401,2026-04-15,companion_affinity_unlocked,3,1.3
E0001444,P01402,2026-03-31,celestial_runway_joined,8,1.3
E0001445,P01404,2026-02-10,companion_affinity_unlocked,3,1.2
E0001446,P01404,2026-03-16,celestial_runway_joined,3,1.3
E0001447,P01405,2026-01-23,companion_affinity_unlocked,3,1.2
E0001448,P01405,2026-04-03,celestial_runway_joined,4,1.3
E0001449,P01406,2026-01-24,companion_affinity_unlocked,1,1.2
E0001450,P01406,2026-03-24,celestial_runway_joined,1,1.3
E0001451,P01407,2026-03-28,celestial_runway_joined,4,1.3
E0001452,P01410,2026-04-01,celestial_runway_joined,7,1.3
E0001453,P01412,2026-03-12,companion_affinity_unlocked,3,1.3
E0001454,P01412,2026-03-23,celestial_runway_joined,6,1.3
E0001455,P01413,2026-02-04,companion_affinity_unlocked,4,1.2
E0001456,P01413,2026-03-17,celestial_runway_joined,8,1.3
E0001457,P01414,2026-04-06,companion_affinity_unlocked,2,1.3
E0001458,P01415,2026-03-15,companion_affinity_unlocked,3,1.3
E0001459,P01415,2026-04-02,celestial_runway_joined,4,1.3
E0001460,P01416,2026-04-04,companion_affinity_unlocked,1,1.3
E0001461,P01416,2026-04-19,celestial_runway_joined,3,1.3
E0001462,P01418,2026-02-25,companion_affinity_unlocked,2,1.2
E0001463,P01418,2026-04-02,celestial_runway_joined,2,1.3
E0001464,P01419,2026-04-28,celestial_runway_joined,1,1.3
E0001465,P01420,2026-03-29,celestial_runway_joined,7,1.3
E0001466,P01421,2026-04-27,companion_affinity_unlocked,4,1.3
E0001467,P01422,2026-05-02,companion_affinity_unlocked,5,1.3
E0001468,P01422,2026-05-10,celestial_runway_joined,3,1.3
E0001469,P01423,2026-03-14,companion_affinity_unlocked,1,1.3
E0001470,P01424,2026-03-20,celestial_runway_joined,2,1.3
E0001471,P01425,2026-02-03,companion_affinity_unlocked,5,1.2
E0001472,P01425,2026-03-31,celestial_runway_joined,1,1.3
E0001473,P01426,2026-04-11,companion_affinity_unlocked,3,1.3
E0001474,P01426,2026-04-05,celestial_runway_joined,6,1.3
E0001475,P01427,2026-04-04,celestial_runway_joined,8,1.3
E0001476,P01428,2026-05-01,celestial_runway_joined,4,1.3
E0001477,P01430,2026-04-15,celestial_runway_joined,8,1.3
E0001478,P01431,2026-02-28,companion_affinity_unlocked,3,1.2
E0001479,P01431,2026-03-16,celestial_runway_joined,8,1.3
E0001480,P01433,2026-04-01,celestial_runway_joined,2,1.3
E0001481,P01434,2026-03-09,companion_affinity_unlocked,4,1.3
E0001482,P01435,2026-03-31,celestial_runway_joined,2,1.3
E0001483,P01436,2026-04-01,celestial_runway_joined,7,1.3
E0001484,P01437,2026-02-21,companion_affinity_unlocked,4,1.2
E0001485,P01437,2026-04-03,celestial_runway_joined,8,1.3
E0001486,P01440,2026-04-20,celestial_runway_joined,5,1.3
E0001487,P01441,2026-04-05,companion_affinity_unlocked,3,1.3
E0001488,P01442,2026-03-05,companion_affinity_unlocked,2,1.3
E0001489,P01443,2026-05-04,celestial_runway_joined,3,1.3
E0001490,P01444,2026-02-21,companion_affinity_unlocked,1,1.2
E0001491,P01448,2026-05-04,celestial_runway_joined,7,1.3
E0001492,P01449,2026-03-30,companion_affinity_unlocked,2,1.3
E0001493,P01451,2026-02-05,companion_affinity_unlocked,3,1.2
E0001494,P01451,2026-03-20,celestial_runway_joined,8,1.3
E0001495,P01452,2026-04-03,celestial_runway_joined,5,1.3
E0001496,P01453,2026-01-13,companion_affinity_unlocked,5,1.2
E0001497,P01453,2026-04-02,celestial_runway_joined,3,1.3
E0001498,P01455,2026-03-13,companion_affinity_unlocked,4,1.3
E0001499,P01455,2026-03-27,celestial_runway_joined,5,1.3
E0001500,P01456,2026-03-21,celestial_runway_joined,1,1.3
E0001501,P01457,2026-04-29,companion_affinity_unlocked,4,1.3
E0001502,P01457,2026-05-06,celestial_runway_joined,1,1.3
E0001503,P01458,2026-02-28,companion_affinity_unlocked,2,1.2
E0001504,P01459,2026-02-06,companion_affinity_unlocked,4,1.2
E0001505,P01459,2026-03-28,celestial_runway_joined,6,1.3
E0001506,P01460,2026-03-19,celestial_runway_joined,5,1.3
E0001507,P01461,2026-04-08,companion_affinity_unlocked,2,1.3
E0001508,P01461,2026-04-02,celestial_runway_joined,8,1.3
E0001509,P01462,2026-02-12,companion_affinity_unlocked,1,1.2
E0001510,P01462,2026-03-19,celestial_runway_joined,2,1.3
E0001511,P01463,2026-03-20,celestial_runway_joined,3,1.3
E0001512,P01464,2026-01-08,companion_affinity_unlocked,1,1.2
E0001513,P01466,2026-01-15,companion_affinity_unlocked,2,1.2
E0001514,P01467,2026-03-18,companion_affinity_unlocked,2,1.3
E0001515,P01468,2026-02-17,companion_affinity_unlocked,5,1.2
E0001516,P01468,2026-04-02,celestial_runway_joined,8,1.3
E0001517,P01469,2026-04-13,celestial_runway_joined,4,1.3
E0001518,P01470,2026-03-19,celestial_runway_joined,7,1.3
E0001519,P01471,2026-04-20,celestial_runway_joined,6,1.3
E0001520,P01473,2026-03-31,celestial_runway_joined,4,1.3
E0001521,P01474,2026-04-01,celestial_runway_joined,8,1.3
E0001522,P01476,2026-03-26,celestial_runway_joined,8,1.3
E0001523,P01477,2026-03-26,celestial_runway_joined,5,1.3
E0001524,P01478,2026-02-17,companion_affinity_unlocked,4,1.2
E0001525,P01478,2026-04-04,celestial_runway_joined,3,1.3
E0001526,P01479,2026-03-18,celestial_runway_joined,5,1.3
E0001527,P01480,2026-03-25,celestial_runway_joined,5,1.3
E0001528,P01481,2026-01-23,companion_affinity_unlocked,2,1.2
E0001529,P01481,2026-03-22,celestial_runway_joined,6,1.3
E0001530,P01483,2026-04-04,celestial_runway_joined,5,1.3
E0001531,P01485,2026-02-23,companion_affinity_unlocked,2,1.2
E0001532,P01486,2026-04-15,companion_affinity_unlocked,4,1.3
E0001533,P01487,2026-03-15,celestial_runway_joined,7,1.3
E0001534,P01488,2026-03-31,celestial_runway_joined,8,1.3
E0001535,P01489,2026-04-01,celestial_runway_joined,8,1.3
E0001536,P01490,2026-03-05,companion_affinity_unlocked,2,1.3
E0001537,P01490,2026-03-21,celestial_runway_joined,4,1.3
E0001538,P01491,2026-03-21,celestial_runway_joined,2,1.3
E0001539,P01492,2026-03-18,celestial_runway_joined,1,1.3
E0001540,P01493,2026-01-09,companion_affinity_unlocked,3,1.2
E0001541,P01493,2026-03-26,celestial_runway_joined,2,1.3
E0001542,P01494,2026-03-16,celestial_runway_joined,3,1.3
E0001543,P01496,2026-02-23,companion_affinity_unlocked,1,1.2
E0001544,P01497,2026-03-10,companion_affinity_unlocked,4,1.3
E0001545,P01497,2026-03-21,celestial_runway_joined,4,1.3
E0001546,P01498,2026-04-07,companion_affinity_unlocked,5,1.3
E0001547,P01498,2026-04-05,celestial_runway_joined,2,1.3
E0001548,P01499,2026-03-02,companion_affinity_unlocked,3,1.3
E0001549,P01499,2026-03-18,celestial_runway_joined,5,1.3
E0001550,P01500,2026-04-11,companion_affinity_unlocked,3,1.3
E0001551,P01502,2026-02-01,companion_affinity_unlocked,3,1.2
E0001552,P01502,2026-03-27,celestial_runway_joined,6,1.3
E0001553,P01503,2026-03-23,celestial_runway_joined,6,1.3
E0001554,P01504,2026-02-14,companion_affinity_unlocked,3,1.2
E0001555,P01505,2026-03-13,companion_affinity_unlocked,4,1.3
E0001556,P01506,2026-03-18,celestial_runway_joined,5,1.3
E0001557,P01507,2026-05-01,celestial_runway_joined,4,1.3
E0001558,P01509,2026-04-16,companion_affinity_unlocked,2,1.3
E0001559,P01510,2026-03-27,companion_affinity_unlocked,3,1.3
E0001560,P01510,2026-04-02,celestial_runway_joined,7,1.3
E0001561,P01511,2026-02-10,companion_affinity_unlocked,1,1.2
E0001562,P01512,2026-04-03,celestial_runway_joined,3,1.3
E0001563,P01513,2026-04-07,celestial_runway_joined,4,1.3
E0001564,P01514,2026-02-13,companion_affinity_unlocked,3,1.2
E0001565,P01516,2026-04-30,celestial_runway_joined,2,1.3
E0001566,P01517,2026-04-04,celestial_runway_joined,1,1.3
E0001567,P01521,2026-04-13,companion_affinity_unlocked,5,1.3
E0001568,P01522,2026-04-10,celestial_runway_joined,2,1.3
E0001569,P01523,2026-01-25,companion_affinity_unlocked,2,1.2
E0001570,P01524,2026-03-25,celestial_runway_joined,2,1.3
E0001571,P01526,2026-01-11,companion_affinity_unlocked,4,1.2
E0001572,P01528,2026-01-22,companion_affinity_unlocked,4,1.2
E0001573,P01529,2026-01-10,companion_affinity_unlocked,4,1.2
E0001574,P01529,2026-03-22,celestial_runway_joined,8,1.3
E0001575,P01530,2026-04-20,companion_affinity_unlocked,2,1.3
E0001576,P01531,2026-03-21,celestial_runway_joined,4,1.3
E0001577,P01532,2026-03-28,celestial_runway_joined,2,1.3
E0001578,P01535,2026-04-09,companion_affinity_unlocked,1,1.3
E0001579,P01535,2026-04-13,celestial_runway_joined,3,1.3
E0001580,P01536,2026-03-31,celestial_runway_joined,7,1.3
E0001581,P01537,2026-01-25,companion_affinity_unlocked,4,1.2
E0001582,P01539,2026-04-11,celestial_runway_joined,2,1.3
E0001583,P01541,2026-03-03,companion_affinity_unlocked,3,1.3
E0001584,P01541,2026-03-20,celestial_runway_joined,6,1.3
E0001585,P01542,2026-01-30,companion_affinity_unlocked,4,1.2
E0001586,P01543,2026-03-26,celestial_runway_joined,6,1.3
E0001587,P01544,2026-03-12,companion_affinity_unlocked,2,1.3
E0001588,P01545,2026-02-02,companion_affinity_unlocked,5,1.2
E0001589,P01546,2026-03-20,celestial_runway_joined,7,1.3
E0001590,P01548,2026-04-10,companion_affinity_unlocked,2,1.3
E0001591,P01548,2026-04-19,celestial_runway_joined,2,1.3
E0001592,P01549,2026-04-04,celestial_runway_joined,2,1.3
E0001593,P01550,2026-03-18,celestial_runway_joined,7,1.3
E0001594,P01552,2026-04-11,companion_affinity_unlocked,4,1.3
E0001595,P01553,2026-03-05,companion_affinity_unlocked,5,1.3
E0001596,P01553,2026-04-02,celestial_runway_joined,3,1.3
E0001597,P01554,2026-03-26,celestial_runway_joined,4,1.3
E0001598,P01555,2026-02-25,companion_affinity_unlocked,2,1.2
E0001599,P01555,2026-03-18,celestial_runway_joined,8,1.3
E0001600,P01556,2026-01-24,companion_affinity_unlocked,4,1.2
E0001601,P01558,2026-04-05,companion_affinity_unlocked,3,1.3
E0001602,P01558,2026-04-19,celestial_runway_joined,8,1.3
E0001603,P01559,2026-04-29,companion_affinity_unlocked,3,1.3
E0001604,P01559,2026-05-03,celestial_runway_joined,3,1.3
E0001605,P01560,2026-04-27,celestial_runway_joined,6,1.3
E0001606,P01562,2026-03-16,celestial_runway_joined,8,1.3
E0001607,P01564,2026-04-20,companion_affinity_unlocked,3,1.3
E0001608,P01566,2026-02-28,companion_affinity_unlocked,5,1.2
E0001609,P01567,2026-05-02,celestial_runway_joined,2,1.3
E0001610,P01570,2026-05-14,celestial_runway_joined,5,1.3
E0001611,P01571,2026-03-16,celestial_runway_joined,1,1.3
E0001612,P01572,2026-02-15,companion_affinity_unlocked,1,1.2
E0001613,P01573,2026-03-29,companion_affinity_unlocked,2,1.3
E0001614,P01573,2026-04-02,celestial_runway_joined,5,1.3
E0001615,P01574,2026-04-11,companion_affinity_unlocked,5,1.3
E0001616,P01574,2026-04-15,celestial_runway_joined,7,1.3
E0001617,P01575,2026-03-31,celestial_runway_joined,8,1.3
E0001618,P01576,2026-03-30,celestial_runway_joined,2,1.3
E0001619,P01577,2026-03-09,companion_affinity_unlocked,2,1.3
E0001620,P01579,2026-01-17,companion_affinity_unlocked,2,1.2
E0001621,P01581,2026-02-11,companion_affinity_unlocked,2,1.2
E0001622,P01581,2026-04-03,celestial_runway_joined,4,1.3
E0001623,P01582,2026-01-29,companion_affinity_unlocked,2,1.2
E0001624,P01582,2026-03-21,celestial_runway_joined,8,1.3
E0001625,P01583,2026-03-25,celestial_runway_joined,5,1.3
E0001626,P01584,2026-03-30,celestial_runway_joined,1,1.3
E0001627,P01585,2026-03-25,celestial_runway_joined,6,1.3
E0001628,P01586,2026-02-13,companion_affinity_unlocked,3,1.2
E0001629,P01587,2026-04-11,companion_affinity_unlocked,3,1.3
E0001630,P01587,2026-04-20,celestial_runway_joined,7,1.3
E0001631,P01588,2026-01-11,companion_affinity_unlocked,2,1.2
E0001632,P01589,2026-04-12,companion_affinity_unlocked,4,1.3
E0001633,P01590,2026-01-08,companion_affinity_unlocked,1,1.2
E0001634,P01590,2026-03-27,celestial_runway_joined,2,1.3
E0001635,P01591,2026-03-29,companion_affinity_unlocked,3,1.3
E0001636,P01591,2026-03-31,celestial_runway_joined,7,1.3
E0001637,P01592,2026-03-22,celestial_runway_joined,3,1.3
E0001638,P01593,2026-03-17,celestial_runway_joined,4,1.3
E0001639,P01594,2026-03-25,celestial_runway_joined,2,1.3
E0001640,P01595,2026-03-29,celestial_runway_joined,1,1.3
E0001641,P01596,2026-03-31,celestial_runway_joined,1,1.3
E0001642,P01597,2026-03-19,companion_affinity_unlocked,5,1.3
E0001643,P01598,2026-03-30,companion_affinity_unlocked,4,1.3
E0001644,P01599,2026-04-12,companion_affinity_unlocked,4,1.3
E0001645,P01600,2026-04-11,celestial_runway_joined,4,1.3
E0001646,P01602,2026-04-02,companion_affinity_unlocked,4,1.3
E0001647,P01603,2026-04-08,companion_affinity_unlocked,3,1.3
E0001648,P01604,2026-02-11,companion_affinity_unlocked,1,1.2
E0001649,P01605,2026-01-22,companion_affinity_unlocked,2,1.2
E0001650,P01606,2026-04-16,companion_affinity_unlocked,5,1.3
E0001651,P01607,2026-01-20,companion_affinity_unlocked,1,1.2
E0001652,P01610,2026-01-22,companion_affinity_unlocked,1,1.2
E0001653,P01611,2026-04-03,companion_affinity_unlocked,1,1.3
E0001654,P01612,2026-01-23,companion_affinity_unlocked,4,1.2
E0001655,P01612,2026-03-29,celestial_runway_joined,6,1.3
E0001656,P01613,2026-03-26,celestial_runway_joined,1,1.3
E0001657,P01615,2026-04-04,celestial_runway_joined,3,1.3
E0001658,P01616,2026-03-19,celestial_runway_joined,7,1.3
E0001659,P01617,2026-04-07,companion_affinity_unlocked,4,1.3
E0001660,P01618,2026-03-06,companion_affinity_unlocked,2,1.3
E0001661,P01618,2026-03-20,celestial_runway_joined,1,1.3
E0001662,P01619,2026-01-16,companion_affinity_unlocked,3,1.2
E0001663,P01619,2026-03-24,celestial_runway_joined,3,1.3
E0001664,P01620,2026-04-26,celestial_runway_joined,1,1.3
E0001665,P01621,2026-03-30,celestial_runway_joined,7,1.3
E0001666,P01623,2026-04-19,companion_affinity_unlocked,3,1.3
E0001667,P01623,2026-04-21,celestial_runway_joined,2,1.3
E0001668,P01625,2026-03-07,companion_affinity_unlocked,3,1.3
E0001669,P01625,2026-04-01,celestial_runway_joined,5,1.3
E0001670,P01626,2026-04-29,companion_affinity_unlocked,4,1.3
E0001671,P01626,2026-05-12,celestial_runway_joined,8,1.3
E0001672,P01627,2026-03-17,celestial_runway_joined,2,1.3
E0001673,P01628,2026-03-16,companion_affinity_unlocked,1,1.3
E0001674,P01629,2026-04-02,celestial_runway_joined,7,1.3
E0001675,P01630,2026-01-21,companion_affinity_unlocked,5,1.2
E0001676,P01631,2026-03-17,celestial_runway_joined,7,1.3
E0001677,P01632,2026-04-21,companion_affinity_unlocked,4,1.3
E0001678,P01633,2026-01-16,companion_affinity_unlocked,1,1.2
E0001679,P01634,2026-04-15,celestial_runway_joined,8,1.3
E0001680,P01635,2026-02-19,companion_affinity_unlocked,3,1.2
E0001681,P01635,2026-03-31,celestial_runway_joined,1,1.3
E0001682,P01636,2026-03-08,companion_affinity_unlocked,3,1.3
E0001683,P01637,2026-03-22,celestial_runway_joined,2,1.3
E0001684,P01638,2026-03-31,celestial_runway_joined,4,1.3
E0001685,P01640,2026-02-03,companion_affinity_unlocked,5,1.2
E0001686,P01641,2026-03-27,companion_affinity_unlocked,5,1.3
E0001687,P01647,2026-03-18,celestial_runway_joined,6,1.3
E0001688,P01648,2026-04-01,celestial_runway_joined,5,1.3
E0001689,P01649,2026-04-25,companion_affinity_unlocked,2,1.3
E0001690,P01650,2026-04-07,celestial_runway_joined,5,1.3
E0001691,P01651,2026-01-27,companion_affinity_unlocked,1,1.2
E0001692,P01652,2026-03-28,celestial_runway_joined,2,1.3
E0001693,P01653,2026-01-10,companion_affinity_unlocked,5,1.2
E0001694,P01653,2026-04-03,celestial_runway_joined,5,1.3
E0001695,P01654,2026-04-01,celestial_runway_joined,5,1.3
E0001696,P01655,2026-03-28,celestial_runway_joined,8,1.3
E0001697,P01656,2026-02-01,companion_affinity_unlocked,5,1.2
E0001698,P01657,2026-04-10,companion_affinity_unlocked,5,1.3
E0001699,P01658,2026-04-13,companion_affinity_unlocked,4,1.3
E0001700,P01658,2026-04-21,celestial_runway_joined,3,1.3
E0001701,P01659,2026-04-14,celestial_runway_joined,5,1.3
E0001702,P01660,2026-02-03,companion_affinity_unlocked,1,1.2
E0001703,P01661,2026-03-19,companion_affinity_unlocked,5,1.3
E0001704,P01661,2026-03-21,celestial_runway_joined,7,1.3
E0001705,P01662,2026-03-19,companion_affinity_unlocked,4,1.3
E0001706,P01663,2026-01-26,companion_affinity_unlocked,3,1.2
E0001707,P01663,2026-04-01,celestial_runway_joined,6,1.3
E0001708,P01664,2026-04-04,celestial_runway_joined,2,1.3
E0001709,P01665,2026-03-04,companion_affinity_unlocked,3,1.3
E0001710,P01667,2026-04-06,celestial_runway_joined,7,1.3
E0001711,P01669,2026-03-16,celestial_runway_joined,7,1.3
E0001712,P01670,2026-03-31,companion_affinity_unlocked,5,1.3
E0001713,P01670,2026-03-29,celestial_runway_joined,8,1.3
E0001714,P01672,2026-03-13,companion_affinity_unlocked,2,1.3
E0001715,P01673,2026-02-04,companion_affinity_unlocked,5,1.2
E0001716,P01674,2026-04-04,celestial_runway_joined,6,1.3
E0001717,P01675,2026-03-24,celestial_runway_joined,5,1.3
E0001718,P01676,2026-05-01,companion_affinity_unlocked,4,1.3
E0001719,P01677,2026-01-25,companion_affinity_unlocked,1,1.2
E0001720,P01678,2026-02-25,companion_affinity_unlocked,3,1.2
E0001721,P01680,2026-03-06,companion_affinity_unlocked,2,1.3
E0001722,P01682,2026-01-08,companion_affinity_unlocked,2,1.2
E0001723,P01683,2026-01-10,companion_affinity_unlocked,1,1.2
E0001724,P01683,2026-03-18,celestial_runway_joined,5,1.3
E0001725,P01684,2026-04-09,companion_affinity_unlocked,2,1.3
E0001726,P01685,2026-02-16,companion_affinity_unlocked,1,1.2
E0001727,P01686,2026-03-05,companion_affinity_unlocked,3,1.3
E0001728,P01686,2026-03-25,celestial_runway_joined,8,1.3
E0001729,P01687,2026-02-26,companion_affinity_unlocked,4,1.2
E0001730,P01687,2026-03-17,celestial_runway_joined,7,1.3
E0001731,P01688,2026-02-19,companion_affinity_unlocked,3,1.2
E0001732,P01688,2026-03-19,celestial_runway_joined,8,1.3
E0001733,P01689,2026-04-22,companion_affinity_unlocked,2,1.3
E0001734,P01690,2026-01-13,companion_affinity_unlocked,2,1.2
E0001735,P01690,2026-03-26,celestial_runway_joined,5,1.3
E0001736,P01691,2026-04-01,celestial_runway_joined,2,1.3
E0001737,P01692,2026-04-17,companion_affinity_unlocked,1,1.3
E0001738,P01693,2026-03-21,companion_affinity_unlocked,4,1.3
E0001739,P01693,2026-03-24,celestial_runway_joined,3,1.3
E0001740,P01694,2026-02-18,companion_affinity_unlocked,2,1.2
E0001741,P01696,2026-03-22,companion_affinity_unlocked,5,1.3
E0001742,P01696,2026-03-24,celestial_runway_joined,4,1.3
E0001743,P01697,2026-02-25,companion_affinity_unlocked,2,1.2
E0001744,P01699,2026-03-18,celestial_runway_joined,2,1.3
E0001745,P01700,2026-04-26,companion_affinity_unlocked,2,1.3
E0001746,P01701,2026-04-01,celestial_runway_joined,1,1.3
E0001747,P01703,2026-03-25,companion_affinity_unlocked,4,1.3
E0001748,P01704,2026-03-30,celestial_runway_joined,1,1.3
E0001749,P01707,2026-05-01,celestial_runway_joined,7,1.3
E0001750,P01708,2026-04-20,companion_affinity_unlocked,4,1.3
E0001751,P01709,2026-02-05,companion_affinity_unlocked,1,1.2
E0001752,P01709,2026-03-22,celestial_runway_joined,8,1.3
E0001753,P01710,2026-03-17,celestial_runway_joined,5,1.3
E0001754,P01711,2026-02-13,companion_affinity_unlocked,2,1.2
E0001755,P01712,2026-02-28,companion_affinity_unlocked,1,1.2
E0001756,P01712,2026-03-21,celestial_runway_joined,2,1.3
E0001757,P01713,2026-04-14,companion_affinity_unlocked,1,1.3
E0001758,P01713,2026-04-19,celestial_runway_joined,8,1.3
E0001759,P01714,2026-03-30,companion_affinity_unlocked,5,1.3
E0001760,P01715,2026-03-29,celestial_runway_joined,1,1.3
E0001761,P01716,2026-04-15,companion_affinity_unlocked,3,1.3
E0001762,P01716,2026-04-23,celestial_runway_joined,1,1.3
E0001763,P01717,2026-03-21,companion_affinity_unlocked,1,1.3
E0001764,P01717,2026-03-28,celestial_runway_joined,2,1.3
E0001765,P01718,2026-03-16,celestial_runway_joined,5,1.3
E0001766,P01720,2026-03-30,celestial_runway_joined,6,1.3
E0001767,P01721,2026-01-14,companion_affinity_unlocked,5,1.2
E0001768,P01722,2026-04-12,celestial_runway_joined,3,1.3
E0001769,P01724,2026-03-31,companion_affinity_unlocked,5,1.3
E0001770,P01724,2026-04-01,celestial_runway_joined,5,1.3
E0001771,P01725,2026-03-07,companion_affinity_unlocked,1,1.3
E0001772,P01725,2026-03-18,celestial_runway_joined,6,1.3
E0001773,P01726,2026-04-19,celestial_runway_joined,4,1.3
E0001774,P01727,2026-05-02,celestial_runway_joined,5,1.3
E0001775,P01728,2026-03-28,celestial_runway_joined,6,1.3
E0001776,P01729,2026-02-23,companion_affinity_unlocked,2,1.2
E0001777,P01731,2026-04-04,companion_affinity_unlocked,3,1.3
E0001778,P01731,2026-04-09,celestial_runway_joined,4,1.3
E0001779,P01732,2026-04-25,celestial_runway_joined,8,1.3
E0001780,P01734,2026-04-17,companion_affinity_unlocked,1,1.3
E0001781,P01738,2026-03-27,celestial_runway_joined,3,1.3
E0001782,P01739,2026-01-06,companion_affinity_unlocked,5,1.2
E0001783,P01740,2026-01-26,companion_affinity_unlocked,4,1.2
E0001784,P01741,2026-02-26,companion_affinity_unlocked,5,1.2
E0001785,P01741,2026-03-19,celestial_runway_joined,8,1.3
E0001786,P01742,2026-04-02,companion_affinity_unlocked,5,1.3
E0001787,P01742,2026-03-27,celestial_runway_joined,7,1.3
E0001788,P01743,2026-03-22,celestial_runway_joined,2,1.3
E0001789,P01744,2026-03-20,celestial_runway_joined,7,1.3
E0001790,P01745,2026-01-30,companion_affinity_unlocked,3,1.2
E0001791,P01746,2026-04-25,companion_affinity_unlocked,3,1.3
E0001792,P01746,2026-04-26,celestial_runway_joined,3,1.3
E0001793,P01747,2026-04-26,companion_affinity_unlocked,4,1.3
E0001794,P01748,2026-03-20,celestial_runway_joined,2,1.3
E0001795,P01749,2026-04-12,celestial_runway_joined,8,1.3
E0001796,P01750,2026-03-30,celestial_runway_joined,2,1.3
E0001797,P01751,2026-04-22,celestial_runway_joined,4,1.3
E0001798,P01753,2026-03-24,celestial_runway_joined,6,1.3
E0001799,P01754,2026-02-21,companion_affinity_unlocked,1,1.2
E0001800,P01756,2026-03-16,celestial_runway_joined,2,1.3
E0001801,P01757,2026-04-03,celestial_runway_joined,1,1.3
E0001802,P01759,2026-03-12,companion_affinity_unlocked,5,1.3
E0001803,P01759,2026-03-30,celestial_runway_joined,3,1.3
E0001804,P01760,2026-03-18,celestial_runway_joined,6,1.3
E0001805,P01761,2026-03-22,celestial_runway_joined,3,1.3
E0001806,P01762,2026-02-20,companion_affinity_unlocked,1,1.2
E0001807,P01763,2026-03-19,celestial_runway_joined,1,1.3
E0001808,P01764,2026-03-17,celestial_runway_joined,4,1.3
E0001809,P01765,2026-03-13,companion_affinity_unlocked,1,1.3
E0001810,P01765,2026-04-04,celestial_runway_joined,7,1.3
E0001811,P01767,2026-03-02,companion_affinity_unlocked,4,1.3
E0001812,P01767,2026-03-29,celestial_runway_joined,8,1.3
E0001813,P01768,2026-04-04,celestial_runway_joined,5,1.3
E0001814,P01769,2026-03-16,celestial_runway_joined,3,1.3
E0001815,P01771,2026-03-22,celestial_runway_joined,7,1.3
E0001816,P01772,2026-03-25,celestial_runway_joined,1,1.3
E0001817,P01773,2026-02-16,companion_affinity_unlocked,1,1.2
E0001818,P01773,2026-04-04,celestial_runway_joined,5,1.3
E0001819,P01774,2026-02-20,companion_affinity_unlocked,5,1.2
E0001820,P01775,2026-04-14,celestial_runway_joined,2,1.3
E0001821,P01776,2026-01-19,companion_affinity_unlocked,3,1.2
E0001822,P01777,2026-03-28,celestial_runway_joined,8,1.3
E0001823,P01778,2026-01-25,companion_affinity_unlocked,4,1.2
E0001824,P01778,2026-03-19,celestial_runway_joined,3,1.3
E0001825,P01779,2026-02-12,companion_affinity_unlocked,1,1.2
E0001826,P01780,2026-03-27,companion_affinity_unlocked,2,1.3
E0001827,P01781,2026-01-10,companion_affinity_unlocked,2,1.2
E0001828,P01782,2026-02-11,companion_affinity_unlocked,4,1.2
E0001829,P01782,2026-03-16,celestial_runway_joined,2,1.3
E0001830,P01783,2026-01-10,companion_affinity_unlocked,3,1.2
E0001831,P01784,2026-04-26,companion_affinity_unlocked,4,1.3
E0001832,P01785,2026-03-30,companion_affinity_unlocked,4,1.3
E0001833,P01785,2026-03-25,celestial_runway_joined,6,1.3
E0001834,P01786,2026-02-01,companion_affinity_unlocked,3,1.2
E0001835,P01786,2026-04-04,celestial_runway_joined,3,1.3
E0001836,P01787,2026-03-27,celestial_runway_joined,6,1.3
E0001837,P01788,2026-01-19,companion_affinity_unlocked,4,1.2
E0001838,P01789,2026-03-25,celestial_runway_joined,1,1.3
E0001839,P01790,2026-04-11,celestial_runway_joined,4,1.3
E0001840,P01791,2026-03-14,companion_affinity_unlocked,4,1.3
E0001841,P01791,2026-03-25,celestial_runway_joined,2,1.3
E0001842,P01792,2026-04-17,companion_affinity_unlocked,1,1.3
E0001843,P01792,2026-04-13,celestial_runway_joined,5,1.3
E0001844,P01793,2026-04-01,celestial_runway_joined,6,1.3
E0001845,P01794,2026-03-17,celestial_runway_joined,7,1.3
E0001846,P01796,2026-03-28,celestial_runway_joined,7,1.3
E0001847,P01797,2026-05-10,celestial_runway_joined,6,1.3
E0001848,P01798,2026-01-25,companion_affinity_unlocked,1,1.2
E0001849,P01799,2026-02-27,companion_affinity_unlocked,4,1.2
E0001850,P01800,2026-03-15,celestial_runway_joined,5,1.3
E0001851,P01801,2026-01-10,companion_affinity_unlocked,3,1.2
E0001852,P01801,2026-03-24,celestial_runway_joined,8,1.3
E0001853,P01802,2026-03-23,celestial_runway_joined,1,1.3
E0001854,P01803,2026-02-25,companion_affinity_unlocked,4,1.2
E0001855,P01804,2026-03-27,celestial_runway_joined,4,1.3
E0001856,P01805,2026-01-21,companion_affinity_unlocked,4,1.2
E0001857,P01805,2026-03-19,celestial_runway_joined,2,1.3
E0001858,P01806,2026-03-23,celestial_runway_joined,6,1.3
E0001859,P01807,2026-04-03,celestial_runway_joined,3,1.3
E0001860,P01808,2026-03-02,companion_affinity_unlocked,5,1.3
E0001861,P01808,2026-03-24,celestial_runway_joined,6,1.3
E0001862,P01809,2026-01-13,companion_affinity_unlocked,4,1.2
E0001863,P01810,2026-04-27,companion_affinity_unlocked,3,1.3
E0001864,P01810,2026-05-09,celestial_runway_joined,8,1.3
E0001865,P01813,2026-03-25,celestial_runway_joined,5,1.3
E0001866,P01814,2026-03-20,celestial_runway_joined,6,1.3
E0001867,P01816,2026-04-01,celestial_runway_joined,5,1.3
E0001868,P01817,2026-01-29,companion_affinity_unlocked,2,1.2
E0001869,P01818,2026-02-01,companion_affinity_unlocked,1,1.2
E0001870,P01818,2026-04-03,celestial_runway_joined,6,1.3
E0001871,P01819,2026-01-18,companion_affinity_unlocked,4,1.2
E0001872,P01819,2026-03-26,celestial_runway_joined,4,1.3
E0001873,P01821,2026-04-03,celestial_runway_joined,2,1.3
E0001874,P01822,2026-04-08,celestial_runway_joined,2,1.3
E0001875,P01823,2026-03-19,celestial_runway_joined,6,1.3
E0001876,P01824,2026-04-16,companion_affinity_unlocked,4,1.3
E0001877,P01825,2026-04-18,celestial_runway_joined,3,1.3
E0001878,P01826,2026-04-28,celestial_runway_joined,4,1.3
E0001879,P01828,2026-04-30,companion_affinity_unlocked,3,1.3
E0001880,P01830,2026-04-29,companion_affinity_unlocked,2,1.3
E0001881,P01831,2026-02-16,companion_affinity_unlocked,1,1.2
E0001882,P01833,2026-04-01,celestial_runway_joined,1,1.3
E0001883,P01834,2026-01-12,companion_affinity_unlocked,4,1.2
E0001884,P01834,2026-03-31,celestial_runway_joined,8,1.3
E0001885,P01835,2026-02-20,companion_affinity_unlocked,5,1.2
E0001886,P01835,2026-03-20,celestial_runway_joined,5,1.3
E0001887,P01838,2026-03-16,celestial_runway_joined,4,1.3
E0001888,P01840,2026-03-17,celestial_runway_joined,2,1.3
E0001889,P01841,2026-02-24,companion_affinity_unlocked,1,1.2
E0001890,P01841,2026-03-16,celestial_runway_joined,7,1.3
E0001891,P01842,2026-01-14,companion_affinity_unlocked,3,1.2
E0001892,P01842,2026-03-24,celestial_runway_joined,5,1.3
E0001893,P01843,2026-04-10,companion_affinity_unlocked,4,1.3
E0001894,P01843,2026-04-23,celestial_runway_joined,6,1.3
E0001895,P01844,2026-04-21,celestial_runway_joined,7,1.3
E0001896,P01845,2026-03-30,companion_affinity_unlocked,2,1.3
E0001897,P01846,2026-03-15,companion_affinity_unlocked,1,1.3
E0001898,P01846,2026-03-28,celestial_runway_joined,1,1.3
E0001899,P01847,2026-03-22,celestial_runway_joined,3,1.3
E0001900,P01848,2026-03-21,celestial_runway_joined,2,1.3
E0001901,P01849,2026-03-07,companion_affinity_unlocked,5,1.3
E0001902,P01850,2026-03-17,celestial_runway_joined,2,1.3
E0001903,P01852,2026-03-18,celestial_runway_joined,4,1.3
E0001904,P01854,2026-01-25,companion_affinity_unlocked,4,1.2
E0001905,P01856,2026-04-19,celestial_runway_joined,1,1.3
E0001906,P01857,2026-02-16,companion_affinity_unlocked,5,1.2
E0001907,P01857,2026-03-24,celestial_runway_joined,3,1.3
E0001908,P01859,2026-04-01,celestial_runway_joined,8,1.3
E0001909,P01860,2026-03-30,companion_affinity_unlocked,4,1.3
E0001910,P01860,2026-03-28,celestial_runway_joined,7,1.3
E0001911,P01861,2026-03-30,companion_affinity_unlocked,2,1.3
E0001912,P01861,2026-04-11,celestial_runway_joined,1,1.3
E0001913,P01862,2026-02-11,companion_affinity_unlocked,5,1.2
E0001914,P01863,2026-04-16,celestial_runway_joined,8,1.3
E0001915,P01864,2026-02-14,companion_affinity_unlocked,3,1.2
E0001916,P01864,2026-04-04,celestial_runway_joined,5,1.3
E0001917,P01865,2026-04-11,companion_affinity_unlocked,5,1.3
E0001918,P01866,2026-03-25,celestial_runway_joined,8,1.3
E0001919,P01867,2026-01-19,companion_affinity_unlocked,1,1.2
E0001920,P01868,2026-04-03,companion_affinity_unlocked,4,1.3
E0001921,P01868,2026-04-03,celestial_runway_joined,7,1.3
E0001922,P01869,2026-01-10,companion_affinity_unlocked,1,1.2
E0001923,P01869,2026-03-22,celestial_runway_joined,5,1.3
E0001924,P01870,2026-04-02,companion_affinity_unlocked,4,1.3
E0001925,P01870,2026-04-03,celestial_runway_joined,8,1.3
E0001926,P01872,2026-03-30,celestial_runway_joined,6,1.3
E0001927,P01873,2026-03-16,companion_affinity_unlocked,5,1.3
E0001928,P01873,2026-03-18,celestial_runway_joined,8,1.3
E0001929,P01874,2026-05-09,celestial_runway_joined,1,1.3
E0001930,P01875,2026-02-23,companion_affinity_unlocked,5,1.2
E0001931,P01875,2026-04-03,celestial_runway_joined,4,1.3
E0001932,P01876,2026-03-19,celestial_runway_joined,1,1.3
E0001933,P01877,2026-02-03,companion_affinity_unlocked,2,1.2
E0001934,P01878,2026-04-19,companion_affinity_unlocked,3,1.3
E0001935,P01879,2026-03-31,companion_affinity_unlocked,1,1.3
E0001936,P01879,2026-04-08,celestial_runway_joined,7,1.3
E0001937,P01880,2026-03-25,celestial_runway_joined,7,1.3
E0001938,P01881,2026-03-25,celestial_runway_joined,2,1.3
E0001939,P01882,2026-02-03,companion_affinity_unlocked,2,1.2
E0001940,P01882,2026-03-27,celestial_runway_joined,7,1.3
E0001941,P01883,2026-04-02,celestial_runway_joined,2,1.3
E0001942,P01884,2026-04-12,companion_affinity_unlocked,5,1.3
E0001943,P01884,2026-04-11,celestial_runway_joined,4,1.3
E0001944,P01885,2026-03-20,celestial_runway_joined,7,1.3
E0001945,P01886,2026-01-24,companion_affinity_unlocked,1,1.2
E0001946,P01886,2026-03-16,celestial_runway_joined,7,1.3
E0001947,P01887,2026-03-18,celestial_runway_joined,8,1.3
E0001948,P01888,2026-02-23,companion_affinity_unlocked,4,1.2
E0001949,P01889,2026-03-24,celestial_runway_joined,3,1.3
E0001950,P01892,2026-02-04,companion_affinity_unlocked,1,1.2
E0001951,P01892,2026-03-22,celestial_runway_joined,8,1.3
E0001952,P01893,2026-04-14,companion_affinity_unlocked,4,1.3
E0001953,P01894,2026-04-04,celestial_runway_joined,3,1.3
E0001954,P01895,2026-01-23,companion_affinity_unlocked,2,1.2
E0001955,P01896,2026-04-13,companion_affinity_unlocked,3,1.3
E0001956,P01896,2026-04-14,celestial_runway_joined,1,1.3
E0001957,P01898,2026-04-13,celestial_runway_joined,8,1.3
E0001958,P01900,2026-03-18,celestial_runway_joined,3,1.3
E0001959,P01902,2026-03-20,celestial_runway_joined,3,1.3
E0001960,P01903,2026-03-28,celestial_runway_joined,5,1.3
E0001961,P01904,2026-02-05,companion_affinity_unlocked,2,1.2
E0001962,P01905,2026-03-16,celestial_runway_joined,7,1.3
E0001963,P01906,2026-02-02,companion_affinity_unlocked,4,1.2
E0001964,P01906,2026-04-04,celestial_runway_joined,7,1.3
E0001965,P01907,2026-02-11,companion_affinity_unlocked,4,1.2
E0001966,P01908,2026-01-26,companion_affinity_unlocked,4,1.2
E0001967,P01909,2026-01-07,companion_affinity_unlocked,5,1.2
E0001968,P01909,2026-03-24,celestial_runway_joined,7,1.3
E0001969,P01910,2026-04-26,companion_affinity_unlocked,1,1.3
E0001970,P01911,2026-04-01,celestial_runway_joined,2,1.3
E0001971,P01912,2026-04-19,companion_affinity_unlocked,4,1.3
E0001972,P01912,2026-04-22,celestial_runway_joined,4,1.3
E0001973,P01914,2026-04-16,celestial_runway_joined,4,1.3
E0001974,P01915,2026-03-20,celestial_runway_joined,7,1.3
E0001975,P01916,2026-03-07,companion_affinity_unlocked,5,1.3
E0001976,P01917,2026-04-02,celestial_runway_joined,6,1.3
E0001977,P01918,2026-03-28,celestial_runway_joined,2,1.3
E0001978,P01919,2026-02-23,companion_affinity_unlocked,5,1.2
E0001979,P01920,2026-03-08,companion_affinity_unlocked,2,1.3
E0001980,P01920,2026-03-29,celestial_runway_joined,1,1.3
E0001981,P01921,2026-02-21,companion_affinity_unlocked,3,1.2
E0001982,P01921,2026-03-29,celestial_runway_joined,6,1.3
E0001983,P01922,2026-03-06,companion_affinity_unlocked,5,1.3
E0001984,P01923,2026-04-08,companion_affinity_unlocked,2,1.3
E0001985,P01923,2026-04-08,celestial_runway_joined,5,1.3
E0001986,P01924,2026-03-28,celestial_runway_joined,8,1.3
E0001987,P01927,2026-03-15,celestial_runway_joined,2,1.3
E0001988,P01929,2026-01-28,companion_affinity_unlocked,3,1.2
E0001989,P01929,2026-03-18,celestial_runway_joined,5,1.3
E0001990,P01930,2026-05-01,celestial_runway_joined,1,1.3
E0001991,P01933,2026-04-12,companion_affinity_unlocked,2,1.3
E0001992,P01933,2026-04-07,celestial_runway_joined,6,1.3
E0001993,P01934,2026-05-07,celestial_runway_joined,4,1.3
E0001994,P01936,2026-01-23,companion_affinity_unlocked,5,1.2
E0001995,P01936,2026-03-22,celestial_runway_joined,6,1.3
E0001996,P01937,2026-02-16,companion_affinity_unlocked,5,1.2
E0001997,P01937,2026-04-01,celestial_runway_joined,4,1.3
E0001998,P01938,2026-03-17,celestial_runway_joined,7,1.3
E0001999,P01939,2026-04-23,companion_affinity_unlocked,1,1.3
E0002000,P01939,2026-04-30,celestial_runway_joined,2,1.3
E0002001,P01941,2026-01-24,companion_affinity_unlocked,2,1.2
E0002002,P01941,2026-03-16,celestial_runway_joined,4,1.3
E0002003,P01942,2026-03-19,celestial_runway_joined,2,1.3
E0002004,P01945,2026-02-19,companion_affinity_unlocked,3,1.2
E0002005,P01946,2026-03-31,celestial_runway_joined,7,1.3
E0002006,P01947,2026-03-28,celestial_runway_joined,1,1.3
E0002007,P01948,2026-04-18,companion_affinity_unlocked,5,1.3
E0002008,P01948,2026-04-18,celestial_runway_joined,6,1.3
E0002009,P01950,2026-02-11,companion_affinity_unlocked,5,1.2
E0002010,P01950,2026-03-27,celestial_runway_joined,4,1.3
E0002011,P01951,2026-04-18,companion_affinity_unlocked,5,1.3
E0002012,P01952,2026-03-18,companion_affinity_unlocked,4,1.3
E0002013,P01952,2026-03-17,celestial_runway_joined,3,1.3
E0002014,P01953,2026-03-26,celestial_runway_joined,8,1.3
E0002015,P01954,2026-02-27,companion_affinity_unlocked,4,1.2
E0002016,P01955,2026-04-26,celestial_runway_joined,6,1.3
E0002017,P01956,2026-02-20,companion_affinity_unlocked,3,1.2
E0002018,P01957,2026-03-05,companion_affinity_unlocked,2,1.3
E0002019,P01958,2026-03-10,companion_affinity_unlocked,2,1.3
E0002020,P01958,2026-03-20,celestial_runway_joined,5,1.3
E0002021,P01959,2026-03-29,celestial_runway_joined,8,1.3
E0002022,P01960,2026-01-29,companion_affinity_unlocked,5,1.2
E0002023,P01961,2026-04-12,companion_affinity_unlocked,3,1.3
E0002024,P01963,2026-03-24,celestial_runway_joined,4,1.3
E0002025,P01964,2026-04-12,companion_affinity_unlocked,1,1.3
E0002026,P01965,2026-04-08,celestial_runway_joined,7,1.3
E0002027,P01966,2026-03-27,celestial_runway_joined,1,1.3
E0002028,P01967,2026-02-14,companion_affinity_unlocked,2,1.2
E0002029,P01968,2026-02-27,companion_affinity_unlocked,3,1.2
E0002030,P01969,2026-04-19,celestial_runway_joined,6,1.3
E0002031,P01970,2026-03-20,celestial_runway_joined,5,1.3
E0002032,P01971,2026-04-13,companion_affinity_unlocked,4,1.3
E0002033,P01972,2026-05-02,celestial_runway_joined,5,1.3
E0002034,P01973,2026-03-27,celestial_runway_joined,1,1.3
E0002035,P01975,2026-03-09,companion_affinity_unlocked,3,1.3
E0002036,P01977,2026-04-25,companion_affinity_unlocked,3,1.3
E0002037,P01977,2026-05-03,celestial_runway_joined,8,1.3
E0002038,P01978,2026-03-20,celestial_runway_joined,1,1.3
E0002039,P01979,2026-04-01,celestial_runway_joined,7,1.3
E0002040,P01980,2026-04-04,celestial_runway_joined,7,1.3
E0002041,P01981,2026-03-29,celestial_runway_joined,6,1.3
E0002042,P01983,2026-01-14,companion_affinity_unlocked,4,1.2
E0002043,P01985,2026-04-02,celestial_runway_joined,2,1.3
E0002044,P01986,2026-04-16,celestial_runway_joined,4,1.3
E0002045,P01988,2026-01-27,companion_affinity_unlocked,5,1.2
E0002046,P01991,2026-03-10,companion_affinity_unlocked,1,1.3
E0002047,P01992,2026-02-23,companion_affinity_unlocked,5,1.2
E0002048,P01993,2026-02-05,companion_affinity_unlocked,3,1.2
E0002049,P01994,2026-03-18,companion_affinity_unlocked,5,1.3
E0002050,P01995,2026-03-31,companion_affinity_unlocked,5,1.3
E0002051,P01995,2026-04-16,celestial_runway_joined,2,1.3
E0002052,P01996,2026-04-04,celestial_runway_joined,3,1.3
E0002053,P01997,2026-03-12,companion_affinity_unlocked,2,1.3
E0002054,P01997,2026-03-15,celestial_runway_joined,1,1.3
E0002055,P01999,2026-03-31,celestial_runway_joined,1,1.3
E0002056,P02000,2026-03-15,celestial_runway_joined,1,1.3
E0002057,P02001,2026-05-01,celestial_runway_joined,7,1.3
E0002058,P02003,2026-02-17,companion_affinity_unlocked,5,1.2
E0002059,P02004,2026-03-01,companion_affinity_unlocked,4,1.3
E0002060,P02004,2026-03-22,celestial_runway_joined,6,1.3
E0002061,P02005,2026-04-14,celestial_runway_joined,7,1.3
E0002062,P02006,2026-03-30,celestial_runway_joined,6,1.3
E0002063,P02007,2026-03-22,celestial_runway_joined,8,1.3
E0002064,P02009,2026-04-08,companion_affinity_unlocked,4,1.3
E0002065,P02009,2026-04-06,celestial_runway_joined,7,1.3
E0002066,P02010,2026-03-19,companion_affinity_unlocked,3,1.3
E0002067,P02010,2026-03-22,celestial_runway_joined,6,1.3
E0002068,P02011,2026-03-01,companion_affinity_unlocked,2,1.3
E0002069,P02011,2026-03-29,celestial_runway_joined,6,1.3
E0002070,P02012,2026-02-18,companion_affinity_unlocked,5,1.2
E0002071,P02013,2026-01-21,companion_affinity_unlocked,3,1.2
E0002072,P02015,2026-03-22,companion_affinity_unlocked,5,1.3
E0002073,P02017,2026-02-22,companion_affinity_unlocked,2,1.2
E0002074,P02020,2026-02-25,companion_affinity_unlocked,2,1.2
E0002075,P02021,2026-02-07,companion_affinity_unlocked,5,1.2
E0002076,P02023,2026-03-22,celestial_runway_joined,1,1.3
E0002077,P02024,2026-04-02,celestial_runway_joined,5,1.3
E0002078,P02025,2026-03-17,celestial_runway_joined,3,1.3
E0002079,P02026,2026-03-28,celestial_runway_joined,6,1.3
E0002080,P02027,2026-03-15,companion_affinity_unlocked,3,1.3
E0002081,P02028,2026-05-02,celestial_runway_joined,5,1.3
E0002082,P02029,2026-03-07,companion_affinity_unlocked,4,1.3
E0002083,P02029,2026-03-24,celestial_runway_joined,4,1.3
E0002084,P02030,2026-03-17,celestial_runway_joined,7,1.3
E0002085,P02031,2026-03-25,celestial_runway_joined,7,1.3
E0002086,P02034,2026-03-22,companion_affinity_unlocked,3,1.3
E0002087,P02034,2026-03-19,celestial_runway_joined,2,1.3
E0002088,P02035,2026-04-29,companion_affinity_unlocked,3,1.3
E0002089,P02035,2026-05-03,celestial_runway_joined,4,1.3
E0002090,P02036,2026-04-15,companion_affinity_unlocked,5,1.3
E0002091,P02036,2026-04-18,celestial_runway_joined,2,1.3
E0002092,P02037,2026-03-16,companion_affinity_unlocked,5,1.3
E0002093,P02038,2026-01-08,companion_affinity_unlocked,5,1.2
E0002094,P02038,2026-03-26,celestial_runway_joined,5,1.3
E0002095,P02039,2026-05-01,companion_affinity_unlocked,5,1.3
E0002096,P02040,2026-03-23,celestial_runway_joined,1,1.3
E0002097,P02041,2026-02-07,companion_affinity_unlocked,5,1.2
E0002098,P02042,2026-04-16,companion_affinity_unlocked,1,1.3
E0002099,P02043,2026-04-03,celestial_runway_joined,4,1.3
E0002100,P02044,2026-03-30,celestial_runway_joined,4,1.3
E0002101,P02045,2026-02-06,companion_affinity_unlocked,2,1.2
E0002102,P02045,2026-03-30,celestial_runway_joined,1,1.3
E0002103,P02046,2026-05-02,companion_affinity_unlocked,4,1.3
E0002104,P02048,2026-03-06,companion_affinity_unlocked,4,1.3
E0002105,P02049,2026-04-02,companion_affinity_unlocked,4,1.3
E0002106,P02050,2026-03-29,celestial_runway_joined,4,1.3
E0002107,P02051,2026-03-20,celestial_runway_joined,8,1.3
E0002108,P02053,2026-02-13,companion_affinity_unlocked,1,1.2
E0002109,P02053,2026-03-15,celestial_runway_joined,6,1.3
E0002110,P02055,2026-03-28,celestial_runway_joined,8,1.3
E0002111,P02056,2026-02-15,companion_affinity_unlocked,5,1.2
E0002112,P02056,2026-03-16,celestial_runway_joined,2,1.3
E0002113,P02057,2026-03-29,companion_affinity_unlocked,5,1.3
E0002114,P02058,2026-03-28,companion_affinity_unlocked,5,1.3
E0002115,P02059,2026-03-21,celestial_runway_joined,8,1.3
E0002116,P02060,2026-02-21,companion_affinity_unlocked,1,1.2
E0002117,P02061,2026-04-20,companion_affinity_unlocked,1,1.3
E0002118,P02062,2026-03-22,celestial_runway_joined,7,1.3
E0002119,P02063,2026-01-24,companion_affinity_unlocked,2,1.2
E0002120,P02063,2026-03-17,celestial_runway_joined,4,1.3
E0002121,P02064,2026-03-27,companion_affinity_unlocked,3,1.3
E0002122,P02066,2026-03-02,companion_affinity_unlocked,2,1.3
E0002123,P02067,2026-04-04,celestial_runway_joined,6,1.3
E0002124,P02068,2026-04-28,celestial_runway_joined,4,1.3
E0002125,P02071,2026-01-25,companion_affinity_unlocked,3,1.2
E0002126,P02072,2026-03-18,companion_affinity_unlocked,1,1.3
E0002127,P02072,2026-03-26,celestial_runway_joined,4,1.3
E0002128,P02073,2026-02-22,companion_affinity_unlocked,4,1.2
E0002129,P02074,2026-03-22,celestial_runway_joined,6,1.3
E0002130,P02075,2026-04-02,celestial_runway_joined,1,1.3
E0002131,P02076,2026-03-17,celestial_runway_joined,6,1.3
E0002132,P02077,2026-03-02,companion_affinity_unlocked,3,1.3
E0002133,P02078,2026-03-20,celestial_runway_joined,3,1.3
E0002134,P02079,2026-02-01,companion_affinity_unlocked,1,1.2
E0002135,P02079,2026-04-04,celestial_runway_joined,3,1.3
E0002136,P02080,2026-01-20,companion_affinity_unlocked,4,1.2
E0002137,P02081,2026-04-09,companion_affinity_unlocked,4,1.3
E0002138,P02082,2026-03-31,celestial_runway_joined,6,1.3
E0002139,P02083,2026-02-11,companion_affinity_unlocked,3,1.2
E0002140,P02083,2026-03-31,celestial_runway_joined,5,1.3
E0002141,P02084,2026-03-22,companion_affinity_unlocked,5,1.3
E0002142,P02084,2026-04-06,celestial_runway_joined,1,1.3
E0002143,P02085,2026-01-23,companion_affinity_unlocked,2,1.2
E0002144,P02086,2026-04-02,celestial_runway_joined,4,1.3
E0002145,P02087,2026-04-02,companion_affinity_unlocked,4,1.3
E0002146,P02088,2026-03-21,companion_affinity_unlocked,5,1.3
E0002147,P02088,2026-04-02,celestial_runway_joined,2,1.3
E0002148,P02089,2026-02-12,companion_affinity_unlocked,2,1.2
E0002149,P02089,2026-04-03,celestial_runway_joined,6,1.3
E0002150,P02090,2026-04-04,celestial_runway_joined,1,1.3
E0002151,P02091,2026-04-29,celestial_runway_joined,7,1.3
E0002152,P02092,2026-03-29,celestial_runway_joined,6,1.3
E0002153,P02093,2026-04-14,celestial_runway_joined,5,1.3
E0002154,P02094,2026-03-17,celestial_runway_joined,2,1.3
E0002155,P02097,2026-05-09,celestial_runway_joined,8,1.3
E0002156,P02098,2026-04-11,companion_affinity_unlocked,2,1.3
E0002157,P02098,2026-04-29,celestial_runway_joined,6,1.3
E0002158,P02099,2026-04-11,celestial_runway_joined,6,1.3
E0002159,P02100,2026-02-01,companion_affinity_unlocked,2,1.2
E0002160,P02101,2026-04-17,celestial_runway_joined,8,1.3
E0002161,P02103,2026-03-16,celestial_runway_joined,6,1.3
E0002162,P02104,2026-01-17,companion_affinity_unlocked,1,1.2
E0002163,P02104,2026-04-03,celestial_runway_joined,6,1.3
E0002164,P02105,2026-04-11,celestial_runway_joined,8,1.3
E0002165,P02106,2026-02-03,companion_affinity_unlocked,2,1.2
E0002166,P02107,2026-04-01,companion_affinity_unlocked,1,1.3
E0002167,P02107,2026-04-04,celestial_runway_joined,7,1.3
E0002168,P02109,2026-04-01,celestial_runway_joined,1,1.3
E0002169,P02110,2026-03-20,celestial_runway_joined,7,1.3
E0002170,P02112,2026-03-19,celestial_runway_joined,3,1.3
E0002171,P02113,2026-04-21,companion_affinity_unlocked,3,1.3
E0002172,P02114,2026-04-22,companion_affinity_unlocked,3,1.3
E0002173,P02115,2026-04-01,companion_affinity_unlocked,2,1.3
E0002174,P02115,2026-04-02,celestial_runway_joined,4,1.3
E0002175,P02116,2026-01-27,companion_affinity_unlocked,3,1.2
E0002176,P02116,2026-04-04,celestial_runway_joined,8,1.3
E0002177,P02117,2026-04-23,companion_affinity_unlocked,5,1.3
E0002178,P02118,2026-03-10,companion_affinity_unlocked,1,1.3
E0002179,P02119,2026-04-01,celestial_runway_joined,4,1.3
E0002180,P02120,2026-03-22,celestial_runway_joined,5,1.3
E0002181,P02121,2026-04-05,companion_affinity_unlocked,2,1.3
E0002182,P02121,2026-03-31,celestial_runway_joined,5,1.3
E0002183,P02122,2026-04-24,companion_affinity_unlocked,3,1.3
E0002184,P02122,2026-05-07,celestial_runway_joined,7,1.3
E0002185,P02123,2026-03-21,celestial_runway_joined,5,1.3
E0002186,P02124,2026-03-15,celestial_runway_joined,3,1.3
E0002187,P02125,2026-04-09,celestial_runway_joined,8,1.3
E0002188,P02128,2026-03-19,celestial_runway_joined,7,1.3
E0002189,P02129,2026-01-14,companion_affinity_unlocked,2,1.2
E0002190,P02130,2026-02-12,companion_affinity_unlocked,3,1.2
E0002191,P02130,2026-03-22,celestial_runway_joined,3,1.3
E0002192,P02131,2026-04-03,celestial_runway_joined,7,1.3
E0002193,P02132,2026-05-02,celestial_runway_joined,4,1.3
E0002194,P02133,2026-03-08,companion_affinity_unlocked,4,1.3
E0002195,P02134,2026-02-18,companion_affinity_unlocked,5,1.2
E0002196,P02135,2026-02-27,companion_affinity_unlocked,4,1.2
E0002197,P02135,2026-03-24,celestial_runway_joined,8,1.3
E0002198,P02136,2026-03-22,companion_affinity_unlocked,5,1.3
E0002199,P02136,2026-03-31,celestial_runway_joined,6,1.3
E0002200,P02137,2026-03-15,celestial_runway_joined,1,1.3
E0002201,P02138,2026-04-03,celestial_runway_joined,3,1.3
E0002202,P02139,2026-03-06,companion_affinity_unlocked,3,1.3
E0002203,P02140,2026-02-22,companion_affinity_unlocked,3,1.2
E0002204,P02140,2026-04-01,celestial_runway_joined,8,1.3
E0002205,P02141,2026-04-01,celestial_runway_joined,3,1.3
E0002206,P02143,2026-04-27,companion_affinity_unlocked,5,1.3
E0002207,P02143,2026-04-24,celestial_runway_joined,5,1.3
E0002208,P02144,2026-03-18,companion_affinity_unlocked,4,1.3
E0002209,P02145,2026-02-13,companion_affinity_unlocked,3,1.2
E0002210,P02145,2026-03-25,celestial_runway_joined,5,1.3
E0002211,P02146,2026-02-25,companion_affinity_unlocked,4,1.2
E0002212,P02147,2026-01-24,companion_affinity_unlocked,2,1.2
E0002213,P02147,2026-04-03,celestial_runway_joined,7,1.3
E0002214,P02148,2026-04-22,companion_affinity_unlocked,4,1.3
E0002215,P02150,2026-04-15,celestial_runway_joined,7,1.3
E0002216,P02151,2026-02-14,companion_affinity_unlocked,2,1.2
E0002217,P02152,2026-03-31,celestial_runway_joined,2,1.3
E0002218,P02153,2026-04-16,companion_affinity_unlocked,3,1.3
E0002219,P02153,2026-04-18,celestial_runway_joined,6,1.3
E0002220,P02154,2026-03-09,companion_affinity_unlocked,3,1.3
E0002221,P02157,2026-02-27,companion_affinity_unlocked,3,1.2
E0002222,P02157,2026-03-24,celestial_runway_joined,8,1.3
E0002223,P02158,2026-03-16,companion_affinity_unlocked,5,1.3
E0002224,P02159,2026-04-08,companion_affinity_unlocked,1,1.3
E0002225,P02159,2026-04-11,celestial_runway_joined,7,1.3
E0002226,P02160,2026-02-14,companion_affinity_unlocked,5,1.2
E0002227,P02160,2026-03-22,celestial_runway_joined,6,1.3
E0002228,P02162,2026-03-20,celestial_runway_joined,5,1.3
E0002229,P02163,2026-03-17,celestial_runway_joined,4,1.3
E0002230,P02164,2026-04-21,companion_affinity_unlocked,2,1.3
E0002231,P02164,2026-04-24,celestial_runway_joined,4,1.3
E0002232,P02165,2026-05-08,celestial_runway_joined,5,1.3
E0002233,P02166,2026-04-23,companion_affinity_unlocked,3,1.3
E0002234,P02167,2026-02-13,companion_affinity_unlocked,2,1.2
E0002235,P02168,2026-04-11,companion_affinity_unlocked,4,1.3
E0002236,P02168,2026-04-25,celestial_runway_joined,1,1.3
E0002237,P02169,2026-04-24,companion_affinity_unlocked,1,1.3
E0002238,P02170,2026-04-26,companion_affinity_unlocked,5,1.3
E0002239,P02170,2026-04-30,celestial_runway_joined,6,1.3
E0002240,P02172,2026-04-11,celestial_runway_joined,1,1.3
E0002241,P02173,2026-04-30,companion_affinity_unlocked,4,1.3
E0002242,P02174,2026-03-31,companion_affinity_unlocked,4,1.3
E0002243,P02174,2026-04-01,celestial_runway_joined,7,1.3
E0002244,P02176,2026-04-02,companion_affinity_unlocked,2,1.3
E0002245,P02176,2026-04-14,celestial_runway_joined,1,1.3
E0002246,P02177,2026-01-19,companion_affinity_unlocked,5,1.2
E0002247,P02178,2026-03-02,companion_affinity_unlocked,1,1.3
E0002248,P02178,2026-03-17,celestial_runway_joined,7,1.3
E0002249,P02180,2026-02-26,companion_affinity_unlocked,5,1.2
E0002250,P02180,2026-03-17,celestial_runway_joined,1,1.3
E0002251,P02181,2026-03-24,companion_affinity_unlocked,4,1.3
E0002252,P02182,2026-01-30,companion_affinity_unlocked,5,1.2
E0002253,P02182,2026-03-24,celestial_runway_joined,8,1.3
E0002254,P02183,2026-03-20,celestial_runway_joined,3,1.3
E0002255,P02184,2026-04-03,celestial_runway_joined,7,1.3
E0002256,P02185,2026-03-29,celestial_runway_joined,8,1.3
E0002257,P02186,2026-03-29,celestial_runway_joined,8,1.3
E0002258,P02187,2026-03-27,celestial_runway_joined,2,1.3
E0002259,P02188,2026-03-21,celestial_runway_joined,8,1.3
E0002260,P02189,2026-02-25,companion_affinity_unlocked,3,1.2
E0002261,P02190,2026-03-16,companion_affinity_unlocked,3,1.3
E0002262,P02191,2026-02-15,companion_affinity_unlocked,2,1.2
E0002263,P02193,2026-02-04,companion_affinity_unlocked,4,1.2
E0002264,P02193,2026-03-19,celestial_runway_joined,8,1.3
E0002265,P02194,2026-02-02,companion_affinity_unlocked,2,1.2
E0002266,P02195,2026-03-19,celestial_runway_joined,6,1.3
E0002267,P02196,2026-04-09,celestial_runway_joined,8,1.3
E0002268,P02197,2026-04-01,celestial_runway_joined,2,1.3
E0002269,P02198,2026-04-11,companion_affinity_unlocked,2,1.3
E0002270,P02199,2026-04-03,celestial_runway_joined,2,1.3
E0002271,P02200,2026-01-22,companion_affinity_unlocked,2,1.2
E0002272,P02201,2026-02-15,companion_affinity_unlocked,2,1.2
E0002273,P02204,2026-03-18,celestial_runway_joined,3,1.3
E0002274,P02205,2026-02-28,companion_affinity_unlocked,1,1.2
E0002275,P02206,2026-04-06,companion_affinity_unlocked,3,1.3
E0002276,P02206,2026-04-18,celestial_runway_joined,3,1.3
E0002277,P02207,2026-03-23,celestial_runway_joined,6,1.3
E0002278,P02208,2026-04-25,celestial_runway_joined,3,1.3
E0002279,P02209,2026-02-01,companion_affinity_unlocked,4,1.2
E0002280,P02210,2026-03-23,celestial_runway_joined,1,1.3
E0002281,P02211,2026-03-27,celestial_runway_joined,2,1.3
E0002282,P02212,2026-04-03,celestial_runway_joined,2,1.3
E0002283,P02213,2026-03-14,companion_affinity_unlocked,3,1.3
E0002284,P02214,2026-03-22,celestial_runway_joined,1,1.3
E0002285,P02215,2026-01-19,companion_affinity_unlocked,3,1.2
E0002286,P02216,2026-03-31,celestial_runway_joined,1,1.3
E0002287,P02217,2026-02-25,companion_affinity_unlocked,3,1.2
E0002288,P02217,2026-03-21,celestial_runway_joined,8,1.3
E0002289,P02218,2026-05-01,celestial_runway_joined,8,1.3
E0002290,P02219,2026-02-04,companion_affinity_unlocked,2,1.2
E0002291,P02219,2026-03-16,celestial_runway_joined,6,1.3
E0002292,P02220,2026-01-29,companion_affinity_unlocked,5,1.2
E0002293,P02221,2026-04-22,celestial_runway_joined,4,1.3
E0002294,P02222,2026-01-22,companion_affinity_unlocked,2,1.2
E0002295,P02222,2026-04-01,celestial_runway_joined,6,1.3
E0002296,P02223,2026-03-28,celestial_runway_joined,1,1.3
E0002297,P02225,2026-03-17,celestial_runway_joined,3,1.3
E0002298,P02226,2026-03-17,celestial_runway_joined,5,1.3
E0002299,P02227,2026-04-14,companion_affinity_unlocked,2,1.3
E0002300,P02227,2026-04-27,celestial_runway_joined,7,1.3
E0002301,P02228,2026-04-21,companion_affinity_unlocked,1,1.3
E0002302,P02229,2026-03-19,celestial_runway_joined,7,1.3
E0002303,P02230,2026-04-25,companion_affinity_unlocked,2,1.3
E0002304,P02231,2026-03-20,companion_affinity_unlocked,4,1.3
E0002305,P02232,2026-03-25,celestial_runway_joined,4,1.3
E0002306,P02233,2026-04-24,companion_affinity_unlocked,2,1.3
E0002307,P02234,2026-03-27,celestial_runway_joined,5,1.3
E0002308,P02235,2026-03-16,companion_affinity_unlocked,3,1.3
E0002309,P02236,2026-04-20,celestial_runway_joined,8,1.3
E0002310,P02237,2026-03-24,celestial_runway_joined,7,1.3
E0002311,P02238,2026-03-27,celestial_runway_joined,5,1.3
E0002312,P02241,2026-04-02,celestial_runway_joined,6,1.3
E0002313,P02242,2026-03-24,companion_affinity_unlocked,4,1.3
E0002314,P02243,2026-02-25,companion_affinity_unlocked,2,1.2
E0002315,P02244,2026-01-15,companion_affinity_unlocked,4,1.2
E0002316,P02248,2026-01-24,companion_affinity_unlocked,4,1.2
E0002317,P02249,2026-01-24,companion_affinity_unlocked,5,1.2
E0002318,P02250,2026-02-22,companion_affinity_unlocked,5,1.2
E0002319,P02250,2026-03-17,celestial_runway_joined,3,1.3
E0002320,P02251,2026-03-25,celestial_runway_joined,2,1.3
E0002321,P02252,2026-04-03,celestial_runway_joined,6,1.3
E0002322,P02253,2026-02-03,companion_affinity_unlocked,2,1.2
E0002323,P02254,2026-03-30,celestial_runway_joined,1,1.3
E0002324,P02255,2026-03-17,celestial_runway_joined,4,1.3
E0002325,P02256,2026-04-05,celestial_runway_joined,4,1.3
E0002326,P02257,2026-04-08,companion_affinity_unlocked,2,1.3
E0002327,P02259,2026-01-04,companion_affinity_unlocked,3,1.2
E0002328,P02259,2026-03-19,celestial_runway_joined,6,1.3
E0002329,P02261,2026-01-10,companion_affinity_unlocked,4,1.2
E0002330,P02262,2026-04-29,companion_affinity_unlocked,4,1.3
E0002331,P02263,2026-03-22,celestial_runway_joined,7,1.3
E0002332,P02264,2026-03-07,companion_affinity_unlocked,4,1.3
E0002333,P02265,2026-04-01,celestial_runway_joined,6,1.3
E0002334,P02266,2026-04-04,celestial_runway_joined,8,1.3
E0002335,P02267,2026-04-06,celestial_runway_joined,3,1.3
E0002336,P02268,2026-04-01,companion_affinity_unlocked,3,1.3
E0002337,P02268,2026-04-03,celestial_runway_joined,1,1.3
E0002338,P02269,2026-01-19,companion_affinity_unlocked,4,1.2
E0002339,P02271,2026-03-17,celestial_runway_joined,2,1.3
E0002340,P02273,2026-04-03,celestial_runway_joined,1,1.3
E0002341,P02274,2026-03-02,companion_affinity_unlocked,3,1.3
E0002342,P02275,2026-01-25,companion_affinity_unlocked,4,1.2
E0002343,P02277,2026-04-01,celestial_runway_joined,1,1.3
E0002344,P02278,2026-01-13,companion_affinity_unlocked,5,1.2
E0002345,P02278,2026-04-04,celestial_runway_joined,8,1.3
E0002346,P02279,2026-03-19,celestial_runway_joined,4,1.3
E0002347,P02280,2026-04-01,celestial_runway_joined,7,1.3
E0002348,P02281,2026-04-03,celestial_runway_joined,7,1.3
E0002349,P02283,2026-03-18,celestial_runway_joined,4,1.3
E0002350,P02284,2026-04-08,companion_affinity_unlocked,5,1.3
E0002351,P02284,2026-04-15,celestial_runway_joined,3,1.3
E0002352,P02286,2026-04-10,companion_affinity_unlocked,3,1.3
E0002353,P02288,2026-04-25,celestial_runway_joined,1,1.3
E0002354,P02289,2026-05-02,celestial_runway_joined,2,1.3
E0002355,P02290,2026-03-17,celestial_runway_joined,2,1.3
E0002356,P02291,2026-02-21,companion_affinity_unlocked,2,1.2
E0002357,P02292,2026-02-10,companion_affinity_unlocked,4,1.2
E0002358,P02292,2026-03-17,celestial_runway_joined,2,1.3
E0002359,P02293,2026-02-01,companion_affinity_unlocked,1,1.2
E0002360,P02294,2026-03-30,companion_affinity_unlocked,2,1.3
E0002361,P02297,2026-03-30,celestial_runway_joined,7,1.3
E0002362,P02298,2026-03-15,celestial_runway_joined,2,1.3
E0002363,P02299,2026-03-22,celestial_runway_joined,8,1.3
E0002364,P02302,2026-01-20,companion_affinity_unlocked,1,1.2
E0002365,P02303,2026-03-11,companion_affinity_unlocked,2,1.3
E0002366,P02304,2026-04-21,celestial_runway_joined,5,1.3
E0002367,P02305,2026-04-20,celestial_runway_joined,3,1.3
E0002368,P02306,2026-03-16,celestial_runway_joined,3,1.3
E0002369,P02307,2026-03-24,celestial_runway_joined,8,1.3
E0002370,P02309,2026-02-10,companion_affinity_unlocked,5,1.2
E0002371,P02311,2026-02-09,companion_affinity_unlocked,3,1.2
E0002372,P02313,2026-03-02,companion_affinity_unlocked,2,1.3
E0002373,P02313,2026-03-16,celestial_runway_joined,8,1.3
E0002374,P02314,2026-01-12,companion_affinity_unlocked,2,1.2
E0002375,P02315,2026-03-17,celestial_runway_joined,8,1.3
E0002376,P02316,2026-01-04,companion_affinity_unlocked,5,1.2
E0002377,P02317,2026-01-14,companion_affinity_unlocked,2,1.2
E0002378,P02318,2026-04-04,celestial_runway_joined,7,1.3
E0002379,P02319,2026-04-13,companion_affinity_unlocked,1,1.3
E0002380,P02319,2026-04-26,celestial_runway_joined,7,1.3
E0002381,P02320,2026-04-02,companion_affinity_unlocked,1,1.3
E0002382,P02320,2026-04-20,celestial_runway_joined,6,1.3
E0002383,P02321,2026-01-17,companion_affinity_unlocked,5,1.2
E0002384,P02322,2026-03-17,celestial_runway_joined,4,1.3
E0002385,P02323,2026-03-28,celestial_runway_joined,8,1.3
E0002386,P02324,2026-03-28,celestial_runway_joined,4,1.3
E0002387,P02325,2026-03-31,companion_affinity_unlocked,4,1.3
E0002388,P02326,2026-04-12,companion_affinity_unlocked,3,1.3
E0002389,P02327,2026-02-16,companion_affinity_unlocked,1,1.2
E0002390,P02327,2026-03-24,celestial_runway_joined,3,1.3
E0002391,P02329,2026-03-26,celestial_runway_joined,7,1.3
E0002392,P02331,2026-04-01,celestial_runway_joined,4,1.3
E0002393,P02332,2026-04-15,companion_affinity_unlocked,5,1.3
E0002394,P02332,2026-04-25,celestial_runway_joined,8,1.3
E0002395,P02333,2026-03-28,celestial_runway_joined,5,1.3
E0002396,P02334,2026-04-12,companion_affinity_unlocked,5,1.3
E0002397,P02334,2026-04-15,celestial_runway_joined,5,1.3
E0002398,P02335,2026-03-15,celestial_runway_joined,1,1.3
E0002399,P02336,2026-03-10,companion_affinity_unlocked,1,1.3
E0002400,P02338,2026-04-18,celestial_runway_joined,6,1.3
E0002401,P02339,2026-01-07,companion_affinity_unlocked,5,1.2
E0002402,P02340,2026-01-13,companion_affinity_unlocked,5,1.2
E0002403,P02340,2026-03-20,celestial_runway_joined,3,1.3
E0002404,P02341,2026-03-31,celestial_runway_joined,8,1.3
E0002405,P02342,2026-04-02,celestial_runway_joined,8,1.3
E0002406,P02345,2026-04-04,celestial_runway_joined,3,1.3
E0002407,P02346,2026-03-24,celestial_runway_joined,5,1.3
E0002408,P02347,2026-04-03,celestial_runway_joined,8,1.3
E0002409,P02349,2026-01-27,companion_affinity_unlocked,1,1.2
E0002410,P02350,2026-03-05,companion_affinity_unlocked,2,1.3
E0002411,P02350,2026-03-29,celestial_runway_joined,6,1.3
E0002412,P02351,2026-03-09,companion_affinity_unlocked,5,1.3
E0002413,P02351,2026-04-01,celestial_runway_joined,8,1.3
E0002414,P02352,2026-04-02,companion_affinity_unlocked,2,1.3
E0002415,P02352,2026-04-10,celestial_runway_joined,8,1.3
E0002416,P02353,2026-03-29,companion_affinity_unlocked,2,1.3
E0002417,P02353,2026-03-27,celestial_runway_joined,8,1.3
E0002418,P02354,2026-02-25,companion_affinity_unlocked,5,1.2
E0002419,P02355,2026-03-26,celestial_runway_joined,6,1.3
E0002420,P02358,2026-03-24,celestial_runway_joined,7,1.3
E0002421,P02361,2026-03-28,celestial_runway_joined,6,1.3
E0002422,P02363,2026-04-26,celestial_runway_joined,5,1.3
E0002423,P02364,2026-01-18,companion_affinity_unlocked,5,1.2
E0002424,P02365,2026-03-30,celestial_runway_joined,8,1.3
E0002425,P02366,2026-01-15,companion_affinity_unlocked,1,1.2
E0002426,P02367,2026-02-12,companion_affinity_unlocked,3,1.2
E0002427,P02368,2026-04-04,celestial_runway_joined,1,1.3
E0002428,P02369,2026-01-25,companion_affinity_unlocked,3,1.2
E0002429,P02370,2026-03-17,celestial_runway_joined,6,1.3
E0002430,P02371,2026-03-20,celestial_runway_joined,2,1.3
E0002431,P02373,2026-01-15,companion_affinity_unlocked,4,1.2
E0002432,P02375,2026-03-31,celestial_runway_joined,8,1.3
E0002433,P02376,2026-05-10,celestial_runway_joined,7,1.3
E0002434,P02377,2026-04-18,celestial_runway_joined,1,1.3
E0002435,P02378,2026-03-16,celestial_runway_joined,4,1.3
E0002436,P02379,2026-04-29,celestial_runway_joined,2,1.3
E0002437,P02380,2026-04-02,celestial_runway_joined,5,1.3
E0002438,P02381,2026-03-15,celestial_runway_joined,5,1.3
E0002439,P02382,2026-02-28,companion_affinity_unlocked,2,1.2
E0002440,P02383,2026-04-18,companion_affinity_unlocked,4,1.3
E0002441,P02383,2026-05-03,celestial_runway_joined,4,1.3
E0002442,P02384,2026-03-18,celestial_runway_joined,7,1.3
E0002443,P02385,2026-03-19,celestial_runway_joined,7,1.3
E0002444,P02386,2026-04-20,celestial_runway_joined,1,1.3
E0002445,P02388,2026-04-25,companion_affinity_unlocked,5,1.3
E0002446,P02388,2026-05-08,celestial_runway_joined,1,1.3
E0002447,P02389,2026-05-07,celestial_runway_joined,5,1.3
E0002448,P02390,2026-04-13,companion_affinity_unlocked,5,1.3
E0002449,P02391,2026-03-01,companion_affinity_unlocked,5,1.3
E0002450,P02391,2026-03-30,celestial_runway_joined,4,1.3
E0002451,P02392,2026-01-27,companion_affinity_unlocked,5,1.2
E0002452,P02392,2026-03-24,celestial_runway_joined,3,1.3
E0002453,P02393,2026-03-25,celestial_runway_joined,7,1.3
E0002454,P02394,2026-02-01,companion_affinity_unlocked,5,1.2
E0002455,P02395,2026-02-28,companion_affinity_unlocked,1,1.2
E0002456,P02395,2026-04-03,celestial_runway_joined,5,1.3
E0002457,P02396,2026-03-21,companion_affinity_unlocked,4,1.3
E0002458,P02397,2026-04-26,companion_affinity_unlocked,1,1.3
E0002459,P02397,2026-05-02,celestial_runway_joined,4,1.3
E0002460,P02398,2026-03-16,celestial_runway_joined,3,1.3
E0002461,P02400,2026-03-29,companion_affinity_unlocked,5,1.3
E0002462,P02401,2026-01-05,companion_affinity_unlocked,2,1.2
E0002463,P02402,2026-03-13,companion_affinity_unlocked,2,1.3
E0002464,P02402,2026-03-28,celestial_runway_joined,6,1.3
E0002465,P02403,2026-03-27,celestial_runway_joined,2,1.3
E0002466,P02404,2026-03-19,celestial_runway_joined,7,1.3
E0002467,P02405,2026-02-16,companion_affinity_unlocked,1,1.2
E0002468,P02406,2026-04-06,celestial_runway_joined,4,1.3
E0002469,P02408,2026-03-28,companion_affinity_unlocked,3,1.3
E0002470,P02408,2026-03-28,celestial_runway_joined,1,1.3
E0002471,P02409,2026-02-27,companion_affinity_unlocked,2,1.2
E0002472,P02409,2026-03-18,celestial_runway_joined,2,1.3
E0002473,P02411,2026-03-06,companion_affinity_unlocked,2,1.3
E0002474,P02411,2026-03-15,celestial_runway_joined,8,1.3
E0002475,P02414,2026-03-15,companion_affinity_unlocked,3,1.3
E0002476,P02415,2026-03-15,celestial_runway_joined,2,1.3
E0002477,P02416,2026-03-02,companion_affinity_unlocked,1,1.3
E0002478,P02420,2026-02-20,companion_affinity_unlocked,1,1.2
E0002479,P02421,2026-02-03,companion_affinity_unlocked,3,1.2
E0002480,P02422,2026-04-08,celestial_runway_joined,4,1.3
E0002481,P02423,2026-01-19,companion_affinity_unlocked,5,1.2
E0002482,P02426,2026-04-04,celestial_runway_joined,8,1.3
E0002483,P02427,2026-01-26,companion_affinity_unlocked,2,1.2
E0002484,P02428,2026-03-25,celestial_runway_joined,7,1.3
E0002485,P02429,2026-04-17,celestial_runway_joined,2,1.3
E0002486,P02430,2026-03-16,celestial_runway_joined,7,1.3
E0002487,P02431,2026-04-04,celestial_runway_joined,2,1.3
E0002488,P02432,2026-03-08,companion_affinity_unlocked,1,1.3
E0002489,P02433,2026-01-24,companion_affinity_unlocked,2,1.2
E0002490,P02434,2026-02-08,companion_affinity_unlocked,4,1.2
E0002491,P02435,2026-04-04,celestial_runway_joined,5,1.3
E0002492,P02436,2026-03-09,companion_affinity_unlocked,4,1.3
E0002493,P02437,2026-03-18,companion_affinity_unlocked,3,1.3
E0002494,P02438,2026-03-23,celestial_runway_joined,3,1.3
E0002495,P02439,2026-04-15,companion_affinity_unlocked,1,1.3
E0002496,P02439,2026-04-22,celestial_runway_joined,1,1.3
E0002497,P02440,2026-01-12,companion_affinity_unlocked,2,1.2
E0002498,P02441,2026-02-14,companion_affinity_unlocked,2,1.2
E0002499,P02441,2026-04-02,celestial_runway_joined,8,1.3
E0002500,P02442,2026-01-03,companion_affinity_unlocked,4,1.2
E0002501,P02442,2026-03-21,celestial_runway_joined,6,1.3
E0002502,P02443,2026-03-19,celestial_runway_joined,8,1.3
E0002503,P02445,2026-03-16,companion_affinity_unlocked,3,1.3
E0002504,P02445,2026-04-03,celestial_runway_joined,4,1.3
E0002505,P02446,2026-04-27,celestial_runway_joined,4,1.3
E0002506,P02447,2026-04-04,companion_affinity_unlocked,5,1.3
E0002507,P02447,2026-04-15,celestial_runway_joined,1,1.3
E0002508,P02448,2026-03-29,celestial_runway_joined,3,1.3
E0002509,P02450,2026-01-22,companion_affinity_unlocked,5,1.2
E0002510,P02450,2026-03-25,celestial_runway_joined,7,1.3
E0002511,P02451,2026-04-07,celestial_runway_joined,6,1.3
E0002512,P02454,2026-03-31,celestial_runway_joined,8,1.3
E0002513,P02455,2026-04-13,celestial_runway_joined,7,1.3
E0002514,P02456,2026-03-03,companion_affinity_unlocked,4,1.3
E0002515,P02456,2026-03-23,celestial_runway_joined,4,1.3
E0002516,P02458,2026-04-29,celestial_runway_joined,7,1.3
E0002517,P02459,2026-03-25,celestial_runway_joined,8,1.3
E0002518,P02460,2026-01-10,companion_affinity_unlocked,1,1.2
E0002519,P02460,2026-04-02,celestial_runway_joined,8,1.3
E0002520,P02461,2026-02-14,companion_affinity_unlocked,3,1.2
E0002521,P02461,2026-04-02,celestial_runway_joined,3,1.3
E0002522,P02462,2026-01-28,companion_affinity_unlocked,5,1.2
E0002523,P02463,2026-03-03,companion_affinity_unlocked,2,1.3
E0002524,P02463,2026-03-16,celestial_runway_joined,3,1.3
E0002525,P02464,2026-03-11,companion_affinity_unlocked,2,1.3
E0002526,P02465,2026-04-03,celestial_runway_joined,2,1.3
E0002527,P02466,2026-03-19,celestial_runway_joined,2,1.3
E0002528,P02467,2026-02-06,companion_affinity_unlocked,2,1.2
E0002529,P02467,2026-04-01,celestial_runway_joined,2,1.3
E0002530,P02468,2026-03-26,companion_affinity_unlocked,1,1.3
E0002531,P02468,2026-03-30,celestial_runway_joined,5,1.3
E0002532,P02469,2026-04-01,celestial_runway_joined,1,1.3
E0002533,P02471,2026-04-24,celestial_runway_joined,4,1.3
E0002534,P02472,2026-04-02,celestial_runway_joined,5,1.3
E0002535,P02473,2026-03-20,celestial_runway_joined,6,1.3
E0002536,P02474,2026-03-30,celestial_runway_joined,1,1.3
E0002537,P02475,2026-04-01,celestial_runway_joined,2,1.3
E0002538,P02476,2026-03-16,celestial_runway_joined,4,1.3
E0002539,P02477,2026-03-07,companion_affinity_unlocked,4,1.3
E0002540,P02477,2026-03-23,celestial_runway_joined,1,1.3
E0002541,P02478,2026-03-20,celestial_runway_joined,4,1.3
E0002542,P02480,2026-01-18,companion_affinity_unlocked,2,1.2
E0002543,P02483,2026-01-26,companion_affinity_unlocked,3,1.2
E0002544,P02484,2026-03-15,celestial_runway_joined,1,1.3
E0002545,P02486,2026-03-21,celestial_runway_joined,7,1.3
E0002546,P02487,2026-03-25,celestial_runway_joined,8,1.3
E0002547,P02488,2026-01-10,companion_affinity_unlocked,4,1.2
E0002548,P02489,2026-03-06,companion_affinity_unlocked,4,1.3
E0002549,P02490,2026-02-18,companion_affinity_unlocked,4,1.2
E0002550,P02490,2026-03-31,celestial_runway_joined,1,1.3
E0002551,P02491,2026-02-14,companion_affinity_unlocked,1,1.2
E0002552,P02492,2026-03-29,celestial_runway_joined,5,1.3
E0002553,P02493,2026-04-19,celestial_runway_joined,7,1.3
E0002554,P02494,2026-03-14,companion_affinity_unlocked,3,1.3
E0002555,P02495,2026-02-21,companion_affinity_unlocked,5,1.2
E0002556,P02495,2026-03-15,celestial_runway_joined,6,1.3
E0002557,P02496,2026-01-29,companion_affinity_unlocked,4,1.2
E0002558,P02496,2026-04-01,celestial_runway_joined,7,1.3
E0002559,P02498,2026-04-30,celestial_runway_joined,7,1.3
E0002560,P02499,2026-03-18,celestial_runway_joined,5,1.3
