player_id,signup_date,region,platform,acquisition_channel,age_band,persona
P00001,2026-01-11,SEA,Android,paid_social,25-34,fashion_collector
P00002,2026-03-31,NA,Android,creator,25-34,combat_explorer
P00003,2026-03-17,EU,Android,paid_social,18-24,combat_explorer
P00004,2026-02-20,NA,iOS,paid_social,18-24,companion_fan
P00005,2026-02-19,SEA,Android,organic,25-34,combat_explorer
P00006,2026-04-09,SEA,PC,organic,18-24,combat_explorer
P00007,2026-01-10,EU,iOS,organic,18-24,fashion_collector
P00008,2026-03-22,NA,PC,organic,18-24,fashion_collector
P00009,2026-01-24,EU,iOS,creator,25-34,social_casual
P00010,2026-01-11,NA,PC,organic,18-24,fashion_collector
P00011,2026-03-02,SEA,Android,paid_social,25-34,social_casual
P00012,2026-04-23,NA,Android,organic,35+,fashion_collector
P00013,2026-03-26,NA,Android,organic,25-34,fashion_collector
P00014,2026-03-29,EU,PC,paid_social,18-24,fashion_collector
P00015,2026-03-24,EU,iOS,creator,18-24,fashion_collector
P00016,2026-04-01,SEA,PC,creator,18-24,companion_fan
P00017,2026-03-01,NA,Android,paid_social,25-34,combat_explorer
P00018,2026-01-15,SEA,PC,store_feature,25-34,fashion_collector
P00019,2026-04-07,NA,iOS,paid_social,18-24,companion_fan
P00020,2026-02-21,NA,iOS,organic,18-24,companion_fan
P00021,2026-02-27,EU,PC,organic,18-24,social_casual
P00022,2026-02-12,NA,Android,store_feature,18-24,social_casual
P00023,2026-01-21,EU,Android,paid_social,35+,companion_fan
P00024,2026-04-17,NA,iOS,paid_social,18-24,companion_fan
P00025,2026-03-31,NA,Android,paid_social,18-24,companion_fan
P00026,2026-03-16,EU,Android,organic,18-24,combat_explorer
P00027,2026-02-16,NA,Android,creator,18-24,companion_fan
P00028,2026-04-05,EU,Android,paid_social,18-24,fashion_collector
P00029,2026-03-04,EU,PC,store_feature,18-24,companion_fan
P00030,2026-02-20,NA,iOS,organic,18-24,social_casual
P00031,2026-02-21,SEA,Android,paid_social,18-24,fashion_collector
P00032,2026-01-27,NA,Android,organic,25-34,companion_fan
P00033,2026-01-11,EU,Android,store_feature,25-34,social_casual
P00034,2026-03-05,NA,iOS,organic,18-24,fashion_collector
P00035,2026-04-13,SEA,PC,paid_social,35+,combat_explorer
P00036,2026-01-08,EU,PC,organic,18-24,social_casual
P00037,2026-04-09,EU,Android,paid_social,35+,social_casual
P00038,2026-04-06,SEA,Android,paid_social,35+,fashion_collector
P00039,2026-02-01,NA,Android,organic,18-24,combat_explorer
P00040,2026-03-14,SEA,iOS,paid_social,18-24,companion_fan
P00041,2026-01-20,EU,Android,store_feature,35+,fashion_collector
P00042,2026-03-29,SEA,iOS,store_feature,18-24,fashion_collector
P00043,2026-03-22,SEA,iOS,organic,18-24,fashion_collector
P00044,2026-02-10,SEA,Android,paid_social,25-34,fashion_collector
P00045,2026-01-08,NA,Android,creator,25-34,combat_explorer
P00046,2026-04-22,SEA,Android,paid_social,35+,companion_fan
P00047,2026-02-21,SEA,Android,creator,25-34,companion_fan
P00048,2026-04-13,EU,Android,paid_social,35+,companion_fan
P00049,2026-03-19,NA,iOS,organic,25-34,combat_explorer
P00050,2026-03-31,SEA,Android,creator,25-34,fashion_collector
P00051,2026-03-29,NA,Android,organic,25-34,fashion_collector
P00052,2026-01-23,EU,iOS,organic,35+,fashion_collector
P00053,2026-02-11,EU,iOS,organic,35+,fashion_collector
P00054,2026-02-23,NA,Android,organic,35+,fashion_collector
P00055,2026-02-27,EU,PC,paid_social,25-34,fashion_collector
P00056,2026-01-06,NA,PC,creator,25-34,fashion_collector
P00057,2026-03-04,EU,iOS,organic,18-24,companion_fan
P00058,2026-01-18,SEA,iOS,paid_social,35+,companion_fan
P00059,2026-03-27,NA,Android,store_feature,18-24,social_casual
P00060,2026-03-20,EU,PC,store_feature,18-24,companion_fan
P00061,2026-04-17,NA,Android,paid_social,18-24,combat_explorer
P00062,2026-03-27,SEA,PC,store_feature,25-34,fashion_collector
P00063,2026-02-12,SEA,iOS,paid_social,25-34,combat_explorer
P00064,2026-04-22,NA,Android,store_feature,18-24,fashion_collector
P00065,2026-02-17,EU,Android,store_feature,18-24,combat_explorer
P00066,2026-02-07,EU,iOS,organic,18-24,combat_explorer
P00067,2026-04-15,EU,iOS,store_feature,18-24,combat_explorer
P00068,2026-02-12,EU,Android,paid_social,18-24,fashion_collector
P00069,2026-01-09,EU,iOS,paid_social,25-34,companion_fan
P00070,2026-02-23,EU,PC,store_feature,18-24,companion_fan
P00071,2026-04-02,NA,iOS,creator,18-24,companion_fan
P00072,2026-01-22,NA,Android,creator,18-24,companion_fan
P00073,2026-02-23,SEA,Android,paid_social,25-34,combat_explorer
P00074,2026-01-15,NA,iOS,paid_social,35+,fashion_collector
P00075,2026-03-20,EU,Android,store_feature,18-24,companion_fan
P00076,2026-02-24,NA,PC,store_feature,18-24,combat_explorer
P00077,2026-02-07,SEA,Android,paid_social,25-34,fashion_collector
P00078,2026-01-27,EU,iOS,store_feature,18-24,fashion_collector
P00079,2026-03-06,EU,Android,organic,25-34,social_casual
P00080,2026-03-19,NA,Android,store_feature,35+,companion_fan
P00081,2026-04-19,EU,iOS,organic,25-34,combat_explorer
P00082,2026-02-20,SEA,iOS,creator,35+,companion_fan
P00083,2026-01-19,EU,iOS,organic,18-24,combat_explorer
P00084,2026-04-06,EU,PC,paid_social,18-24,combat_explorer
P00085,2026-03-14,EU,PC,creator,18-24,fashion_collector
P00086,2026-03-22,NA,PC,organic,18-24,combat_explorer
P00087,2026-01-12,EU,Android,paid_social,18-24,companion_fan
P00088,2026-02-05,NA,iOS,paid_social,25-34,fashion_collector
P00089,2026-03-30,NA,PC,organic,25-34,companion_fan
P00090,2026-04-06,EU,Android,paid_social,18-24,fashion_collector
P00091,2026-02-20,SEA,Android,organic,25-34,companion_fan
P00092,2026-04-03,SEA,PC,organic,18-24,companion_fan
P00093,2026-04-07,SEA,iOS,organic,18-24,companion_fan
P00094,2026-02-14,EU,iOS,paid_social,18-24,combat_explorer
P00095,2026-04-14,NA,PC,paid_social,25-34,social_casual
P00096,2026-02-03,EU,iOS,paid_social,25-34,combat_explorer
P00097,2026-01-28,SEA,Android,paid_social,25-34,companion_fan
P00098,2026-03-20,EU,Android,paid_social,18-24,companion_fan
P00099,2026-03-15,EU,Android,paid_social,18-24,fashion_collector
P00100,2026-01-17,EU,Android,store_feature,35+,fashion_collector
P00101,2026-04-06,SEA,PC,creator,18-24,combat_explorer
P00102,2026-01-23,SEA,PC,organic,18-24,fashion_collector
P00103,2026-04-03,SEA,Android,organic,18-24,combat_explorer
P00104,2026-01-01,EU,Android,paid_social,18-24,combat_explorer
P00105,2026-04-02,NA,PC,creator,25-34,combat_explorer
P00106,2026-04-01,EU,Android,organic,18-24,fashion_collector
P00107,2026-03-31,NA,iOS,store_feature,25-34,companion_fan
P00108,2026-03-18,SEA,Android,store_feature,35+,combat_explorer
P00109,2026-02-24,EU,iOS,organic,18-24,companion_fan
P00110,2026-03-23,EU,Android,organic,18-24,fashion_collector
P00111,2026-02-01,NA,iOS,organic,25-34,combat_explorer
P00112,2026-03-31,EU,Android,creator,25-34,fashion_collector
P00113,2026-03-05,EU,iOS,store_feature,35+,companion_fan
P00114,2026-02-22,NA,Android,paid_social,18-24,combat_explorer
P00115,2026-02-28,SEA,Android,organic,25-34,social_casual
P00116,2026-03-07,NA,iOS,creator,35+,fashion_collector
P00117,2026-01-05,EU,Android,organic,18-24,combat_explorer
P00118,2026-01-17,NA,Android,creator,25-34,fashion_collector
P00119,2026-01-29,EU,Android,creator,25-34,companion_fan
P00120,2026-01-14,EU,Android,paid_social,25-34,combat_explorer
P00121,2026-02-20,SEA,Android,creator,18-24,combat_explorer
P00122,2026-03-18,NA,PC,store_feature,18-24,fashion_collector
P00123,2026-03-17,SEA,Android,organic,18-24,fashion_collector
P00124,2026-02-24,EU,PC,paid_social,35+,fashion_collector
P00125,2026-04-09,NA,PC,organic,18-24,social_casual
P00126,2026-03-07,NA,Android,organic,18-24,combat_explorer
P00127,2026-01-10,NA,iOS,store_feature,35+,fashion_collector
P00128,2026-03-29,SEA,PC,paid_social,18-24,social_casual
P00129,2026-03-08,NA,iOS,organic,25-34,fashion_collector
P00130,2026-03-14,EU,Android,creator,18-24,combat_explorer
P00131,2026-03-07,EU,Android,paid_social,25-34,companion_fan
P00132,2026-03-05,SEA,Android,store_feature,18-24,social_casual
P00133,2026-01-11,EU,iOS,paid_social,25-34,companion_fan
P00134,2026-03-06,SEA,PC,organic,25-34,combat_explorer
P00135,2026-04-02,NA,PC,creator,18-24,social_casual
P00136,2026-02-04,SEA,Android,organic,18-24,fashion_collector
P00137,2026-03-11,NA,iOS,organic,18-24,social_casual
P00138,2026-01-04,NA,Android,paid_social,25-34,companion_fan
P00139,2026-02-09,SEA,PC,paid_social,18-24,social_casual
P00140,2026-02-20,NA,Android,organic,18-24,fashion_collector
P00141,2026-04-24,NA,PC,paid_social,18-24,fashion_collector
P00142,2026-01-25,EU,PC,paid_social,25-34,companion_fan
P00143,2026-02-01,NA,Android,paid_social,25-34,combat_explorer
P00144,2026-02-16,NA,Android,organic,18-24,combat_explorer
P00145,2026-04-25,EU,PC,creator,35+,social_casual
P00146,2026-04-09,SEA,Android,organic,25-34,companion_fan
P00147,2026-01-04,SEA,iOS,organic,35+,fashion_collector
P00148,2026-01-27,NA,PC,organic,25-34,combat_explorer
P00149,2026-04-05,EU,iOS,organic,18-24,fashion_collector
P00150,2026-01-07,SEA,Android,organic,35+,fashion_collector
P00151,2026-04-09,NA,Android,organic,25-34,fashion_collector
P00152,2026-02-02,NA,Android,store_feature,25-34,companion_fan
P00153,2026-04-16,NA,PC,paid_social,18-24,companion_fan
P00154,2026-02-03,EU,Android,creator,18-24,combat_explorer
P00155,2026-02-19,NA,Android,store_feature,25-34,combat_explorer
P00156,2026-03-18,EU,Android,organic,18-24,companion_fan
P00157,2026-01-15,SEA,PC,creator,25-34,companion_fan
P00158,2026-03-06,NA,Android,paid_social,18-24,social_casual
P00159,2026-02-28,EU,PC,creator,25-34,combat_explorer
P00160,2026-04-01,NA,iOS,organic,18-24,companion_fan
P00161,2026-04-25,NA,PC,creator,18-24,combat_explorer
P00162,2026-03-18,SEA,PC,creator,18-24,combat_explorer
P00163,2026-02-17,EU,PC,paid_social,25-34,social_casual
P00164,2026-02-16,SEA,PC,creator,25-34,combat_explorer
P00165,2026-02-18,EU,Android,creator,35+,combat_explorer
P00166,2026-04-04,NA,PC,organic,25-34,fashion_collector
P00167,2026-02-06,EU,iOS,creator,25-34,combat_explorer
P00168,2026-01-20,NA,iOS,organic,25-34,combat_explorer
P00169,2026-02-08,SEA,PC,store_feature,25-34,companion_fan
P00170,2026-01-03,EU,PC,paid_social,35+,combat_explorer
P00171,2026-01-13,NA,iOS,creator,25-34,fashion_collector
P00172,2026-01-11,EU,iOS,paid_social,18-24,social_casual
P00173,2026-03-30,EU,Android,organic,25-34,combat_explorer
P00174,2026-03-25,SEA,Android,creator,18-24,social_casual
P00175,2026-03-22,NA,Android,creator,18-24,fashion_collector
P00176,2026-02-23,NA,Android,creator,25-34,combat_explorer
P00177,2026-03-24,NA,Android,paid_social,35+,combat_explorer
P00178,2026-01-19,EU,Android,store_feature,18-24,companion_fan
P00179,2026-04-14,EU,iOS,creator,18-24,fashion_collector
P00180,2026-02-27,NA,Android,creator,35+,social_casual
P00181,2026-04-18,EU,PC,paid_social,18-24,combat_explorer
P00182,2026-01-18,EU,iOS,organic,18-24,combat_explorer
P00183,2026-02-27,NA,Android,organic,25-34,combat_explorer
P00184,2026-03-22,SEA,Android,store_feature,35+,fashion_collector
P00185,2026-02-26,EU,Android,paid_social,25-34,combat_explorer
P00186,2026-02-21,EU,PC,store_feature,25-34,fashion_collector
P00187,2026-01-20,EU,Android,organic,18-24,combat_explorer
P00188,2026-02-13,NA,iOS,organic,18-24,companion_fan
P00189,2026-01-28,SEA,PC,creator,25-34,combat_explorer
P00190,2026-02-04,EU,PC,store_feature,35+,fashion_collector
P00191,2026-03-20,EU,Android,organic,18-24,fashion_collector
P00192,2026-03-14,SEA,Android,organic,18-24,fashion_collector
P00193,2026-03-11,SEA,Android,organic,18-24,fashion_collector
P00194,2026-02-11,SEA,Android,paid_social,18-24,combat_explorer
P00195,2026-04-21,NA,Android,paid_social,18-24,fashion_collector
P00196,2026-01-11,NA,iOS,paid_social,18-24,social_casual
P00197,2026-02-09,EU,PC,organic,25-34,fashion_collector
P00198,2026-01-14,EU,iOS,paid_social,18-24,fashion_collector
P00199,2026-02-08,EU,iOS,creator,25-34,social_casual
P00200,2026-04-21,SEA,Android,organic,25-34,fashion_collector
P00201,2026-02-12,NA,PC,organic,35+,combat_explorer
P00202,2026-04-15,NA,iOS,creator,35+,social_casual
P00203,2026-02-26,EU,PC,organic,18-24,social_casual
P00204,2026-03-22,NA,PC,store_feature,18-24,companion_fan
P00205,2026-02-22,EU,Android,creator,25-34,fashion_collector
P00206,2026-01-31,EU,Android,creator,18-24,combat_explorer
P00207,2026-03-29,EU,Android,paid_social,18-24,social_casual
P00208,2026-04-22,EU,Android,paid_social,18-24,social_casual
P00209,2026-01-31,EU,PC,organic,35+,fashion_collector
P00210,2026-03-31,EU,Android,paid_social,18-24,combat_explorer
P00211,2026-01-31,NA,iOS,organic,25-34,fashion_collector
P00212,2026-03-24,EU,iOS,creator,18-24,fashion_collector
P00213,2026-04-01,EU,Android,paid_social,25-34,companion_fan
P00214,2026-02-21,NA,Android,creator,18-24,fashion_collector
P00215,2026-03-26,EU,iOS,creator,35+,combat_explorer
P00216,2026-02-01,SEA,iOS,organic,25-34,fashion_collector
P00217,2026-01-10,NA,Android,creator,18-24,combat_explorer
P00218,2026-01-12,EU,Android,organic,18-24,fashion_collector
P00219,2026-02-21,SEA,iOS,store_feature,25-34,combat_explorer
P00220,2026-04-14,SEA,Android,creator,25-34,fashion_collector
P00221,2026-01-15,EU,PC,store_feature,18-24,social_casual
P00222,2026-02-22,EU,Android,creator,18-24,fashion_collector
P00223,2026-03-22,SEA,Android,paid_social,18-24,combat_explorer
P00224,2026-01-24,EU,iOS,organic,18-24,fashion_collector
P00225,2026-03-24,NA,iOS,organic,18-24,fashion_collector
P00226,2026-02-05,NA,iOS,organic,18-24,fashion_collector
P00227,2026-04-03,SEA,Android,organic,18-24,fashion_collector
P00228,2026-03-08,EU,PC,store_feature,35+,fashion_collector
P00229,2026-03-04,NA,iOS,paid_social,25-34,combat_explorer
P00230,2026-01-21,NA,iOS,paid_social,35+,companion_fan
P00231,2026-02-23,SEA,Android,creator,25-34,fashion_collector
P00232,2026-04-09,EU,Android,paid_social,25-34,combat_explorer
P00233,2026-01-03,SEA,iOS,paid_social,18-24,combat_explorer
P00234,2026-03-29,EU,Android,paid_social,25-34,fashion_collector
P00235,2026-02-26,SEA,iOS,paid_social,18-24,combat_explorer
P00236,2026-03-24,SEA,Android,paid_social,25-34,fashion_collector
P00237,2026-03-18,NA,PC,organic,35+,fashion_collector
P00238,2026-02-19,EU,Android,store_feature,35+,combat_explorer
P00239,2026-02-05,NA,PC,organic,18-24,social_casual
P00240,2026-03-14,SEA,iOS,creator,25-34,social_casual
P00241,2026-01-17,NA,Android,store_feature,18-24,social_casual
P00242,2026-03-09,EU,PC,organic,18-24,combat_explorer
P00243,2026-01-11,SEA,iOS,organic,18-24,fashion_collector
P00244,2026-03-16,NA,iOS,creator,18-24,fashion_collector
P00245,2026-03-14,SEA,Android,creator,25-34,fashion_collector
P00246,2026-01-10,NA,iOS,store_feature,18-24,fashion_collector
P00247,2026-03-29,EU,PC,paid_social,18-24,fashion_collector
P00248,2026-02-17,EU,iOS,creator,35+,combat_explorer
P00249,2026-04-01,NA,Android,store_feature,25-34,fashion_collector
P00250,2026-01-05,EU,iOS,paid_social,18-24,fashion_collector
P00251,2026-01-21,SEA,iOS,store_feature,25-34,companion_fan
P00252,2026-02-26,NA,PC,organic,25-34,combat_explorer
P00253,2026-01-22,EU,Android,creator,25-34,social_casual
P00254,2026-02-07,SEA,Android,organic,25-34,fashion_collector
P00255,2026-03-17,SEA,PC,organic,35+,combat_explorer
P00256,2026-01-17,NA,iOS,paid_social,18-24,fashion_collector
P00257,2026-03-19,SEA,iOS,organic,25-34,combat_explorer
P00258,2026-01-12,NA,Android,creator,18-24,fashion_collector
P00259,2026-01-21,EU,Android,paid_social,35+,fashion_collector
P00260,2026-03-09,EU,iOS,organic,18-24,combat_explorer
P00261,2026-04-02,SEA,Android,creator,18-24,fashion_collector
P00262,2026-01-20,NA,Android,paid_social,35+,fashion_collector
P00263,2026-02-04,NA,iOS,store_feature,25-34,social_casual
P00264,2026-04-17,SEA,iOS,organic,18-24,fashion_collector
P00265,2026-04-24,NA,PC,store_feature,18-24,combat_explorer
P00266,2026-03-08,EU,Android,store_feature,18-24,combat_explorer
P00267,2026-02-21,EU,Android,paid_social,35+,fashion_collector
P00268,2026-02-09,EU,PC,creator,18-24,combat_explorer
P00269,2026-03-12,NA,Android,paid_social,18-24,fashion_collector
P00270,2026-03-09,NA,Android,paid_social,25-34,companion_fan
P00271,2026-02-03,SEA,Android,organic,18-24,fashion_collector
P00272,2026-01-03,EU,iOS,store_feature,18-24,fashion_collector
P00273,2026-01-18,NA,PC,store_feature,35+,fashion_collector
P00274,2026-04-21,NA,iOS,creator,18-24,social_casual
P00275,2026-02-18,NA,iOS,paid_social,35+,companion_fan
P00276,2026-02-25,SEA,Android,creator,25-34,social_casual
P00277,2026-02-23,NA,Android,paid_social,18-24,companion_fan
P00278,2026-04-01,NA,iOS,paid_social,25-34,companion_fan
P00279,2026-01-08,EU,Android,organic,25-34,combat_explorer
P00280,2026-01-10,NA,Android,organic,25-34,social_casual
P00281,2026-02-01,NA,Android,organic,25-34,combat_explorer
P00282,2026-02-25,SEA,Android,store_feature,18-24,combat_explorer
P00283,2026-03-19,EU,iOS,creator,18-24,companion_fan
P00284,2026-02-26,NA,iOS,store_feature,25-34,combat_explorer
P00285,2026-02-20,EU,Android,creator,18-24,fashion_collector
P00286,2026-04-18,NA,iOS,organic,18-24,combat_explorer
P00287,2026-01-19,NA,iOS,store_feature,25-34,fashion_collector
P00288,2026-03-07,EU,iOS,paid_social,18-24,companion_fan
P00289,2026-03-04,EU,PC,creator,25-34,combat_explorer
P00290,2026-02-24,EU,Android,organic,25-34,companion_fan
P00291,2026-04-03,SEA,PC,organic,35+,combat_explorer
P00292,2026-01-31,NA,Android,organic,18-24,companion_fan
P00293,2026-04-20,SEA,Android,creator,18-24,fashion_collector
P00294,2026-02-08,EU,Android,paid_social,35+,social_casual
P00295,2026-03-04,NA,Android,organic,18-24,combat_explorer
P00296,2026-03-01,SEA,Android,organic,25-34,fashion_collector
P00297,2026-04-08,NA,Android,organic,25-34,fashion_collector
P00298,2026-02-20,EU,iOS,creator,18-24,fashion_collector
P00299,2026-02-02,EU,Android,store_feature,18-24,combat_explorer
P00300,2026-01-03,NA,Android,creator,25-34,companion_fan
P00301,2026-02-11,SEA,Android,organic,18-24,social_casual
P00302,2026-04-06,NA,Android,paid_social,35+,companion_fan
P00303,2026-01-02,SEA,Android,store_feature,25-34,combat_explorer
P00304,2026-04-14,NA,Android,paid_social,18-24,combat_explorer
P00305,2026-03-04,NA,Android,paid_social,25-34,companion_fan
P00306,2026-01-17,EU,iOS,store_feature,18-24,companion_fan
P00307,2026-02-04,SEA,PC,paid_social,18-24,fashion_collector
P00308,2026-03-05,NA,iOS,store_feature,35+,social_casual
P00309,2026-02-06,SEA,iOS,organic,25-34,combat_explorer
P00310,2026-01-13,NA,PC,paid_social,25-34,companion_fan
P00311,2026-03-18,EU,PC,store_feature,35+,social_casual
P00312,2026-03-19,NA,iOS,store_feature,25-34,companion_fan
P00313,2026-01-14,NA,PC,creator,25-34,fashion_collector
P00314,2026-02-02,SEA,PC,paid_social,18-24,combat_explorer
P00315,2026-01-29,EU,PC,organic,18-24,fashion_collector
P00316,2026-03-17,EU,Android,paid_social,18-24,companion_fan
P00317,2026-03-25,EU,Android,creator,25-34,fashion_collector
P00318,2026-03-25,EU,Android,paid_social,25-34,companion_fan
P00319,2026-04-18,EU,iOS,paid_social,25-34,social_casual
P00320,2026-03-30,SEA,iOS,creator,25-34,fashion_collector
P00321,2026-02-06,EU,Android,organic,35+,combat_explorer
P00322,2026-01-13,EU,iOS,organic,35+,companion_fan
P00323,2026-03-12,EU,iOS,paid_social,18-24,combat_explorer
P00324,2026-04-16,EU,PC,paid_social,35+,fashion_collector
P00325,2026-04-23,EU,Android,paid_social,25-34,fashion_collector
P00326,2026-01-27,EU,Android,organic,18-24,combat_explorer
P00327,2026-01-28,EU,PC,paid_social,18-24,companion_fan
P00328,2026-01-05,SEA,PC,paid_social,18-24,combat_explorer
P00329,2026-01-17,SEA,PC,organic,25-34,fashion_collector
P00330,2026-03-05,SEA,PC,organic,25-34,combat_explorer
P00331,2026-03-04,SEA,PC,creator,25-34,combat_explorer
P00332,2026-02-12,EU,Android,creator,25-34,fashion_collector
P00333,2026-02-05,EU,Android,organic,18-24,companion_fan
P00334,2026-04-06,NA,Android,organic,18-24,fashion_collector
P00335,2026-02-22,EU,iOS,organic,35+,combat_explorer
P00336,2026-04-03,NA,PC,organic,35+,social_casual
P00337,2026-04-21,NA,Android,organic,25-34,combat_explorer
P00338,2026-02-06,SEA,iOS,paid_social,18-24,combat_explorer
P00339,2026-01-24,SEA,Android,creator,18-24,fashion_collector
P00340,2026-04-20,EU,Android,creator,18-24,fashion_collector
P00341,2026-03-15,NA,Android,paid_social,18-24,fashion_collector
P00342,2026-02-03,EU,Android,creator,18-24,companion_fan
P00343,2026-03-13,EU,PC,organic,35+,companion_fan
P00344,2026-03-01,SEA,Android,organic,25-34,fashion_collector
P00345,2026-04-15,SEA,PC,organic,18-24,fashion_collector
P00346,2026-01-30,NA,iOS,paid_social,18-24,fashion_collector
P00347,2026-04-25,NA,Android,creator,18-24,combat_explorer
P00348,2026-04-18,NA,Android,creator,25-34,companion_fan
P00349,2026-01-21,NA,PC,creator,25-34,companion_fan
P00350,2026-01-19,EU,Android,store_feature,18-24,social_casual
P00351,2026-03-03,NA,PC,organic,35+,fashion_collector
P00352,2026-01-06,NA,Android,creator,18-24,companion_fan
P00353,2026-02-04,NA,iOS,creator,18-24,combat_explorer
P00354,2026-02-20,NA,PC,paid_social,35+,fashion_collector
P00355,2026-04-22,EU,Android,paid_social,18-24,social_casual
P00356,2026-04-25,NA,Android,paid_social,18-24,fashion_collector
P00357,2026-01-18,SEA,PC,organic,25-34,companion_fan
P00358,2026-04-13,NA,Android,creator,18-24,companion_fan
P00359,2026-01-11,NA,Android,paid_social,18-24,social_casual
P00360,2026-03-28,NA,Android,creator,18-24,combat_explorer
P00361,2026-04-08,EU,Android,store_feature,18-24,fashion_collector
P00362,2026-04-13,NA,iOS,creator,25-34,companion_fan
P00363,2026-01-26,EU,iOS,creator,18-24,companion_fan
P00364,2026-04-13,NA,Android,creator,25-34,combat_explorer
P00365,2026-01-14,SEA,PC,creator,35+,companion_fan
P00366,2026-03-01,NA,Android,store_feature,18-24,fashion_collector
P00367,2026-02-23,EU,Android,organic,18-24,combat_explorer
P00368,2026-02-06,SEA,iOS,paid_social,18-24,social_casual
P00369,2026-01-03,NA,PC,paid_social,18-24,fashion_collector
P00370,2026-03-30,NA,Android,store_feature,18-24,combat_explorer
P00371,2026-02-08,SEA,Android,paid_social,25-34,social_casual
P00372,2026-03-18,NA,iOS,store_feature,18-24,companion_fan
P00373,2026-02-17,NA,PC,store_feature,25-34,social_casual
P00374,2026-02-12,EU,Android,creator,25-34,combat_explorer
P00375,2026-04-12,NA,Android,store_feature,25-34,social_casual
P00376,2026-01-11,SEA,iOS,store_feature,18-24,fashion_collector
P00377,2026-03-26,EU,Android,organic,18-24,combat_explorer
P00378,2026-03-27,EU,Android,paid_social,35+,combat_explorer
P00379,2026-02-13,NA,Android,organic,18-24,companion_fan
P00380,2026-01-31,EU,Android,paid_social,25-34,social_casual
P00381,2026-01-01,EU,iOS,organic,25-34,companion_fan
P00382,2026-04-18,NA,PC,paid_social,25-34,companion_fan
P00383,2026-04-19,SEA,iOS,creator,18-24,combat_explorer
P00384,2026-01-28,EU,iOS,paid_social,18-24,combat_explorer
P00385,2026-01-04,SEA,PC,organic,25-34,combat_explorer
P00386,2026-01-15,NA,Android,paid_social,25-34,fashion_collector
P00387,2026-01-08,NA,Android,creator,25-34,combat_explorer
P00388,2026-04-06,EU,PC,paid_social,25-34,social_casual
P00389,2026-04-13,SEA,Android,organic,35+,companion_fan
P00390,2026-01-18,EU,iOS,organic,35+,companion_fan
P00391,2026-03-27,NA,iOS,creator,25-34,combat_explorer
P00392,2026-01-21,SEA,Android,store_feature,18-24,combat_explorer
P00393,2026-02-12,NA,Android,organic,18-24,fashion_collector
P00394,2026-03-10,NA,Android,paid_social,25-34,combat_explorer
P00395,2026-03-24,EU,Android,organic,25-34,combat_explorer
P00396,2026-04-11,NA,Android,paid_social,18-24,fashion_collector
P00397,2026-01-06,NA,Android,organic,25-34,fashion_collector
P00398,2026-01-23,NA,PC,creator,18-24,companion_fan
P00399,2026-02-02,SEA,PC,creator,18-24,combat_explorer
P00400,2026-02-05,NA,PC,organic,35+,combat_explorer
P00401,2026-04-25,EU,Android,creator,18-24,fashion_collector
P00402,2026-03-31,SEA,Android,creator,25-34,combat_explorer
P00403,2026-02-06,EU,Android,creator,25-34,combat_explorer
P00404,2026-04-22,EU,Android,store_feature,25-34,combat_explorer
P00405,2026-02-27,EU,PC,creator,18-24,combat_explorer
P00406,2026-02-27,NA,Android,store_feature,25-34,fashion_collector
P00407,2026-02-19,EU,Android,creator,18-24,social_casual
P00408,2026-01-17,SEA,PC,organic,25-34,fashion_collector
P00409,2026-04-18,SEA,Android,organic,18-24,combat_explorer
P00410,2026-01-02,EU,Android,creator,35+,fashion_collector
P00411,2026-01-21,NA,Android,organic,25-34,combat_explorer
P00412,2026-01-27,SEA,iOS,store_feature,18-24,fashion_collector
P00413,2026-02-02,NA,iOS,paid_social,18-24,social_casual
P00414,2026-01-16,SEA,Android,paid_social,18-24,combat_explorer
P00415,2026-01-03,NA,PC,creator,25-34,companion_fan
P00416,2026-03-19,EU,PC,creator,25-34,fashion_collector
P00417,2026-04-22,SEA,PC,paid_social,25-34,fashion_collector
P00418,2026-01-15,EU,Android,organic,35+,combat_explorer
P00419,2026-02-04,NA,Android,organic,25-34,combat_explorer
P00420,2026-02-28,SEA,PC,organic,25-34,combat_explorer
P00421,2026-04-17,NA,Android,organic,25-34,social_casual
P00422,2026-03-21,NA,iOS,paid_social,25-34,companion_fan
P00423,2026-03-30,EU,iOS,organic,25-34,social_casual
P00424,2026-03-08,EU,Android,organic,25-34,fashion_collector
P00425,2026-02-17,EU,iOS,store_feature,18-24,companion_fan
P00426,2026-01-23,NA,PC,store_feature,18-24,combat_explorer
P00427,2026-04-10,EU,iOS,creator,18-24,combat_explorer
P00428,2026-04-03,SEA,Android,creator,35+,social_casual
P00429,2026-01-03,NA,PC,paid_social,25-34,companion_fan
P00430,2026-03-24,EU,iOS,organic,18-24,social_casual
P00431,2026-01-10,EU,iOS,creator,18-24,companion_fan
P00432,2026-03-26,SEA,PC,organic,25-34,fashion_collector
P00433,2026-04-05,EU,iOS,creator,35+,companion_fan
P00434,2026-01-16,SEA,Android,store_feature,35+,combat_explorer
P00435,2026-02-19,NA,Android,paid_social,35+,social_casual
P00436,2026-01-15,NA,Android,store_feature,35+,companion_fan
P00437,2026-03-07,SEA,iOS,paid_social,18-24,fashion_collector
P00438,2026-04-17,SEA,iOS,paid_social,18-24,fashion_collector
P00439,2026-01-10,EU,iOS,paid_social,25-34,fashion_collector
P00440,2026-02-15,EU,Android,paid_social,25-34,combat_explorer
P00441,2026-04-22,EU,iOS,creator,18-24,fashion_collector
P00442,2026-02-04,NA,PC,organic,25-34,companion_fan
P00443,2026-01-16,SEA,Android,creator,18-24,combat_explorer
P00444,2026-02-26,SEA,iOS,organic,18-24,companion_fan
P00445,2026-02-28,EU,iOS,creator,18-24,fashion_collector
P00446,2026-03-18,NA,iOS,organic,35+,combat_explorer
P00447,2026-02-06,NA,Android,paid_social,25-34,fashion_collector
P00448,2026-04-20,NA,PC,organic,25-34,social_casual
P00449,2026-03-01,EU,PC,organic,25-34,fashion_collector
P00450,2026-02-02,EU,iOS,creator,25-34,fashion_collector
P00451,2026-04-21,NA,PC,organic,18-24,fashion_collector
P00452,2026-04-17,EU,PC,store_feature,25-34,companion_fan
P00453,2026-02-27,SEA,Android,creator,18-24,fashion_collector
P00454,2026-01-03,NA,iOS,creator,25-34,combat_explorer
P00455,2026-03-10,EU,iOS,organic,18-24,companion_fan
P00456,2026-03-05,EU,PC,store_feature,18-24,companion_fan
P00457,2026-01-18,NA,Android,paid_social,25-34,fashion_collector
P00458,2026-03-14,EU,Android,creator,18-24,fashion_collector
P00459,2026-04-07,EU,PC,organic,25-34,combat_explorer
P00460,2026-01-13,NA,Android,paid_social,25-34,fashion_collector
P00461,2026-03-25,NA,iOS,store_feature,25-34,companion_fan
P00462,2026-01-17,SEA,Android,creator,18-24,combat_explorer
P00463,2026-03-28,NA,PC,organic,18-24,combat_explorer
P00464,2026-02-18,EU,PC,organic,18-24,fashion_collector
P00465,2026-01-01,EU,Android,organic,35+,combat_explorer
P00466,2026-04-22,SEA,iOS,paid_social,35+,fashion_collector
P00467,2026-01-20,EU,Android,store_feature,18-24,companion_fan
P00468,2026-03-10,SEA,iOS,store_feature,25-34,fashion_collector
P00469,2026-01-21,EU,iOS,paid_social,25-34,social_casual
P00470,2026-04-18,EU,PC,organic,35+,companion_fan
P00471,2026-03-26,EU,Android,store_feature,18-24,fashion_collector
P00472,2026-04-03,NA,Android,organic,25-34,fashion_collector
P00473,2026-02-19,EU,iOS,organic,25-34,fashion_collector
P00474,2026-02-23,NA,iOS,paid_social,18-24,fashion_collector
P00475,2026-03-14,EU,iOS,organic,18-24,fashion_collector
P00476,2026-04-01,EU,Android,paid_social,18-24,social_casual
P00477,2026-04-08,NA,Android,store_feature,25-34,combat_explorer
P00478,2026-01-03,NA,PC,paid_social,25-34,fashion_collector
P00479,2026-03-18,SEA,Android,paid_social,25-34,combat_explorer
P00480,2026-01-13,EU,Android,creator,18-24,fashion_collector
P00481,2026-02-03,SEA,PC,organic,35+,social_casual
P00482,2026-04-06,EU,Android,paid_social,18-24,fashion_collector
P00483,2026-01-29,SEA,iOS,paid_social,35+,companion_fan
P00484,2026-04-02,SEA,Android,store_feature,18-24,companion_fan
P00485,2026-02-23,NA,PC,organic,35+,fashion_collector
P00486,2026-01-27,SEA,iOS,organic,35+,fashion_collector
P00487,2026-02-08,NA,PC,creator,25-34,combat_explorer
P00488,2026-03-03,EU,Android,paid_social,25-34,social_casual
P00489,2026-03-29,SEA,iOS,paid_social,18-24,combat_explorer
P00490,2026-03-11,NA,iOS,store_feature,25-34,companion_fan
P00491,2026-04-18,EU,Android,organic,25-34,companion_fan
P00492,2026-04-10,NA,Android,creator,18-24,companion_fan
P00493,2026-03-28,NA,Android,organic,35+,combat_explorer
P00494,2026-03-11,NA,PC,organic,18-24,combat_explorer
P00495,2026-02-03,NA,iOS,creator,18-24,companion_fan
P00496,2026-02-17,NA,iOS,paid_social,35+,fashion_collector
P00497,2026-01-14,EU,iOS,creator,18-24,social_casual
P00498,2026-02-13,EU,iOS,creator,18-24,fashion_collector
P00499,2026-04-17,EU,iOS,paid_social,18-24,fashion_collector
P00500,2026-02-18,EU,Android,paid_social,25-34,companion_fan
P00501,2026-01-14,NA,iOS,organic,35+,combat_explorer
P00502,2026-03-16,NA,Android,creator,18-24,fashion_collector
P00503,2026-04-21,SEA,PC,paid_social,25-34,fashion_collector
P00504,2026-04-10,SEA,PC,paid_social,25-34,combat_explorer
P00505,2026-02-01,EU,Android,paid_social,25-34,companion_fan
P00506,2026-02-22,NA,iOS,organic,25-34,fashion_collector
P00507,2026-03-03,SEA,Android,creator,35+,fashion_collector
P00508,2026-01-29,SEA,PC,store_feature,18-24,combat_explorer
P00509,2026-01-31,EU,PC,creator,18-24,social_casual
P00510,2026-01-28,NA,PC,creator,25-34,fashion_collector
P00511,2026-04-25,NA,Android,store_feature,18-24,social_casual
P00512,2026-03-27,EU,Android,organic,25-34,social_casual
P00513,2026-04-07,SEA,Android,paid_social,18-24,fashion_collector
P00514,2026-04-04,EU,Android,store_feature,18-24,companion_fan
P00515,2026-04-21,NA,Android,organic,35+,companion_fan
P00516,2026-01-13,EU,Android,paid_social,18-24,combat_explorer
P00517,2026-04-12,SEA,PC,creator,25-34,combat_explorer
P00518,2026-01-08,EU,Android,store_feature,25-34,companion_fan
P00519,2026-02-24,SEA,Android,store_feature,18-24,companion_fan
P00520,2026-03-10,EU,PC,store_feature,18-24,companion_fan
P00521,2026-02-11,NA,iOS,organic,18-24,social_casual
P00522,2026-01-17,EU,iOS,paid_social,25-34,combat_explorer
P00523,2026-01-23,EU,iOS,store_feature,18-24,companion_fan
P00524,2026-04-05,SEA,PC,paid_social,25-34,social_casual
P00525,2026-02-06,EU,iOS,paid_social,18-24,fashion_collector
P00526,2026-02-05,EU,iOS,organic,18-24,fashion_collector
P00527,2026-04-17,EU,iOS,store_feature,18-24,combat_explorer
P00528,2026-01-17,EU,Android,organic,18-24,social_casual
P00529,2026-04-16,NA,Android,organic,18-24,fashion_collector
P00530,2026-04-16,EU,Android,store_feature,35+,companion_fan
P00531,2026-03-10,EU,Android,store_feature,18-24,fashion_collector
P00532,2026-01-20,EU,PC,store_feature,25-34,combat_explorer
P00533,2026-01-18,EU,Android,creator,25-34,combat_explorer
P00534,2026-02-02,NA,Android,organic,25-34,fashion_collector
P00535,2026-03-08,EU,Android,creator,25-34,social_casual
P00536,2026-01-18,EU,PC,organic,18-24,fashion_collector
P00537,2026-02-22,EU,Android,store_feature,25-34,social_casual
P00538,2026-01-14,EU,iOS,paid_social,18-24,fashion_collector
P00539,2026-03-04,SEA,PC,creator,25-34,social_casual
P00540,2026-01-03,SEA,Android,organic,18-24,combat_explorer
P00541,2026-03-23,NA,iOS,creator,25-34,fashion_collector
P00542,2026-01-07,NA,Android,store_feature,25-34,fashion_collector
P00543,2026-01-23,EU,Android,paid_social,25-34,fashion_collector
P00544,2026-01-21,EU,iOS,organic,18-24,combat_explorer
P00545,2026-04-06,EU,PC,organic,25-34,companion_fan
P00546,2026-01-07,EU,Android,creator,25-34,combat_explorer
P00547,2026-02-19,SEA,iOS,organic,25-34,combat_explorer
P00548,2026-03-09,NA,Android,store_feature,18-24,combat_explorer
P00549,2026-03-01,EU,iOS,paid_social,18-24,combat_explorer
P00550,2026-03-20,NA,iOS,organic,18-24,companion_fan
P00551,2026-04-03,EU,iOS,paid_social,25-34,combat_explorer
P00552,2026-02-15,EU,iOS,creator,18-24,companion_fan
P00553,2026-04-06,EU,Android,organic,25-34,social_casual
P00554,2026-02-06,NA,iOS,paid_social,25-34,combat_explorer
P00555,2026-04-24,SEA,iOS,organic,25-34,fashion_collector
P00556,2026-02-28,SEA,iOS,creator,25-34,fashion_collector
P00557,2026-03-26,EU,Android,store_feature,25-34,combat_explorer
P00558,2026-04-11,SEA,Android,store_feature,25-34,combat_explorer
P00559,2026-04-02,EU,Android,creator,18-24,social_casual
P00560,2026-04-08,SEA,Android,paid_social,35+,companion_fan
P00561,2026-03-03,NA,Android,organic,35+,combat_explorer
P00562,2026-01-05,NA,Android,paid_social,25-34,companion_fan
P00563,2026-02-26,NA,iOS,organic,35+,fashion_collector
P00564,2026-01-21,NA,Android,paid_social,35+,companion_fan
P00565,2026-04-13,EU,PC,organic,25-34,fashion_collector
P00566,2026-01-28,NA,iOS,store_feature,25-34,combat_explorer
P00567,2026-01-27,EU,iOS,store_feature,25-34,social_casual
P00568,2026-01-29,NA,iOS,organic,18-24,companion_fan
P00569,2026-03-15,NA,iOS,paid_social,18-24,social_casual
P00570,2026-03-07,SEA,iOS,organic,25-34,combat_explorer
P00571,2026-04-20,EU,PC,paid_social,25-34,companion_fan
P00572,2026-02-17,SEA,iOS,organic,18-24,combat_explorer
P00573,2026-02-02,EU,iOS,organic,25-34,combat_explorer
P00574,2026-01-06,NA,iOS,paid_social,25-34,fashion_collector
P00575,2026-01-01,EU,iOS,creator,25-34,fashion_collector
P00576,2026-02-12,EU,Android,creator,18-24,combat_explorer
P00577,2026-04-17,NA,iOS,creator,25-34,fashion_collector
P00578,2026-03-02,SEA,iOS,organic,18-24,companion_fan
P00579,2026-04-13,EU,PC,organic,18-24,companion_fan
P00580,2026-01-12,EU,iOS,paid_social,18-24,social_casual
P00581,2026-01-11,EU,Android,paid_social,18-24,fashion_collector
P00582,2026-04-06,EU,PC,organic,18-24,social_casual
P00583,2026-01-13,NA,Android,creator,25-34,fashion_collector
P00584,2026-01-06,SEA,Android,paid_social,25-34,combat_explorer
P00585,2026-02-16,EU,Android,paid_social,18-24,companion_fan
P00586,2026-04-17,NA,Android,paid_social,35+,fashion_collector
P00587,2026-03-21,NA,Android,creator,25-34,fashion_collector
P00588,2026-01-12,EU,Android,creator,35+,fashion_collector
P00589,2026-04-07,SEA,iOS,paid_social,25-34,combat_explorer
P00590,2026-04-08,SEA,iOS,organic,18-24,companion_fan
P00591,2026-04-03,EU,Android,organic,35+,fashion_collector
P00592,2026-04-14,SEA,iOS,organic,35+,fashion_collector
P00593,2026-01-28,EU,Android,paid_social,25-34,combat_explorer
P00594,2026-04-23,NA,PC,organic,25-34,fashion_collector
P00595,2026-02-06,EU,Android,paid_social,25-34,companion_fan
P00596,2026-04-03,NA,iOS,paid_social,25-34,social_casual
P00597,2026-03-08,NA,Android,creator,25-34,companion_fan
P00598,2026-03-31,EU,iOS,paid_social,25-34,social_casual
P00599,2026-03-14,NA,Android,paid_social,18-24,combat_explorer
P00600,2026-03-15,SEA,iOS,organic,18-24,companion_fan
P00601,2026-03-12,SEA,Android,paid_social,18-24,fashion_collector
P00602,2026-03-31,NA,PC,creator,18-24,fashion_collector
P00603,2026-03-26,EU,iOS,creator,18-24,companion_fan
P00604,2026-01-16,EU,iOS,paid_social,35+,fashion_collector
P00605,2026-04-05,NA,PC,paid_social,18-24,social_casual
P00606,2026-03-03,NA,PC,organic,18-24,companion_fan
P00607,2026-02-07,NA,Android,store_feature,18-24,social_casual
P00608,2026-03-01,NA,Android,paid_social,25-34,fashion_collector
P00609,2026-04-22,NA,Android,paid_social,25-34,combat_explorer
P00610,2026-04-09,NA,Android,organic,25-34,companion_fan
P00611,2026-04-06,NA,iOS,organic,35+,fashion_collector
P00612,2026-02-23,SEA,PC,creator,35+,combat_explorer
P00613,2026-04-01,NA,PC,paid_social,35+,companion_fan
P00614,2026-02-14,NA,iOS,creator,25-34,social_casual
P00615,2026-03-20,EU,iOS,paid_social,18-24,companion_fan
P00616,2026-03-15,NA,PC,organic,25-34,fashion_collector
P00617,2026-01-29,EU,PC,paid_social,18-24,combat_explorer
P00618,2026-01-31,NA,Android,paid_social,25-34,combat_explorer
P00619,2026-01-08,EU,iOS,paid_social,18-24,fashion_collector
P00620,2026-01-17,EU,PC,paid_social,18-24,combat_explorer
P00621,2026-02-19,EU,Android,store_feature,18-24,fashion_collector
P00622,2026-02-24,EU,Android,organic,25-34,fashion_collector
P00623,2026-01-19,EU,PC,paid_social,25-34,combat_explorer
P00624,2026-02-17,NA,PC,store_feature,18-24,fashion_collector
P00625,2026-03-11,NA,PC,paid_social,25-34,combat_explorer
P00626,2026-01-27,EU,PC,organic,18-24,fashion_collector
P00627,2026-02-08,NA,Android,store_feature,25-34,companion_fan
P00628,2026-02-12,NA,Android,organic,18-24,fashion_collector
P00629,2026-02-28,EU,iOS,organic,18-24,social_casual
P00630,2026-02-12,NA,iOS,organic,25-34,fashion_collector
P00631,2026-03-26,NA,iOS,creator,25-34,combat_explorer
P00632,2026-02-07,EU,iOS,creator,35+,fashion_collector
P00633,2026-02-19,EU,Android,creator,25-34,fashion_collector
P00634,2026-02-13,SEA,iOS,store_feature,35+,combat_explorer
P00635,2026-01-22,SEA,Android,creator,18-24,companion_fan
P00636,2026-03-20,SEA,Android,creator,18-24,social_casual
P00637,2026-01-28,EU,Android,store_feature,35+,fashion_collector
P00638,2026-02-04,NA,Android,paid_social,18-24,fashion_collector
P00639,2026-04-02,EU,PC,organic,25-34,companion_fan
P00640,2026-04-20,EU,Android,organic,18-24,combat_explorer
P00641,2026-03-19,EU,Android,paid_social,25-34,fashion_collector
P00642,2026-04-16,NA,iOS,store_feature,18-24,companion_fan
P00643,2026-04-09,NA,iOS,creator,25-34,combat_explorer
P00644,2026-02-25,NA,Android,organic,25-34,companion_fan
P00645,2026-03-30,NA,Android,paid_social,18-24,combat_explorer
P00646,2026-02-07,NA,Android,paid_social,18-24,combat_explorer
P00647,2026-02-22,SEA,iOS,paid_social,18-24,fashion_collector
P00648,2026-03-03,NA,Android,store_feature,18-24,companion_fan
P00649,2026-04-21,EU,Android,paid_social,18-24,fashion_collector
P00650,2026-04-08,SEA,Android,paid_social,35+,companion_fan
P00651,2026-02-26,NA,iOS,paid_social,18-24,companion_fan
P00652,2026-03-17,EU,Android,paid_social,18-24,companion_fan
P00653,2026-01-24,EU,PC,creator,25-34,fashion_collector
P00654,2026-04-03,NA,Android,creator,18-24,fashion_collector
P00655,2026-03-05,EU,iOS,paid_social,18-24,combat_explorer
P00656,2026-03-03,SEA,Android,paid_social,25-34,combat_explorer
P00657,2026-03-30,EU,Android,creator,25-34,social_casual
P00658,2026-03-14,SEA,Android,organic,25-34,combat_explorer
P00659,2026-01-09,SEA,PC,paid_social,18-24,social_casual
P00660,2026-02-03,NA,PC,paid_social,25-34,fashion_collector
P00661,2026-01-21,EU,Android,creator,35+,combat_explorer
P00662,2026-03-26,EU,Android,creator,35+,fashion_collector
P00663,2026-01-05,EU,PC,organic,35+,companion_fan
P00664,2026-01-24,EU,iOS,store_feature,18-24,fashion_collector
P00665,2026-03-10,EU,Android,store_feature,35+,fashion_collector
P00666,2026-03-21,SEA,Android,paid_social,25-34,companion_fan
P00667,2026-02-27,NA,iOS,creator,25-34,combat_explorer
P00668,2026-04-09,EU,iOS,paid_social,25-34,fashion_collector
P00669,2026-04-16,NA,iOS,creator,35+,fashion_collector
P00670,2026-01-16,EU,PC,store_feature,25-34,combat_explorer
P00671,2026-04-20,SEA,iOS,organic,25-34,fashion_collector
P00672,2026-03-12,SEA,Android,organic,25-34,fashion_collector
P00673,2026-03-15,EU,iOS,paid_social,25-34,combat_explorer
P00674,2026-01-11,EU,Android,organic,25-34,fashion_collector
P00675,2026-03-13,NA,Android,paid_social,18-24,combat_explorer
P00676,2026-03-25,NA,Android,paid_social,18-24,combat_explorer
P00677,2026-03-08,NA,Android,organic,18-24,fashion_collector
P00678,2026-01-10,SEA,iOS,creator,25-34,fashion_collector
P00679,2026-03-02,NA,Android,paid_social,25-34,fashion_collector
P00680,2026-04-18,SEA,Android,paid_social,35+,fashion_collector
P00681,2026-03-25,NA,iOS,creator,25-34,fashion_collector
P00682,2026-01-16,EU,iOS,organic,25-34,social_casual
P00683,2026-04-21,EU,iOS,paid_social,18-24,companion_fan
P00684,2026-04-21,EU,PC,creator,25-34,combat_explorer
P00685,2026-01-20,EU,iOS,paid_social,35+,combat_explorer
P00686,2026-04-03,EU,Android,creator,25-34,combat_explorer
P00687,2026-02-16,SEA,iOS,organic,35+,companion_fan
P00688,2026-03-10,EU,iOS,paid_social,35+,fashion_collector
P00689,2026-02-21,NA,Android,creator,18-24,fashion_collector
P00690,2026-04-01,NA,Android,organic,25-34,fashion_collector
P00691,2026-04-25,EU,Android,paid_social,25-34,fashion_collector
P00692,2026-04-02,EU,Android,store_feature,25-34,fashion_collector
P00693,2026-04-18,EU,Android,paid_social,18-24,social_casual
P00694,2026-04-19,EU,Android,organic,18-24,social_casual
P00695,2026-01-11,EU,PC,paid_social,18-24,fashion_collector
P00696,2026-01-30,SEA,PC,organic,25-34,combat_explorer
P00697,2026-03-25,EU,Android,creator,18-24,combat_explorer
P00698,2026-03-09,EU,PC,creator,18-24,combat_explorer
P00699,2026-01-06,EU,Android,organic,25-34,combat_explorer
P00700,2026-01-11,SEA,PC,creator,18-24,fashion_collector
P00701,2026-03-01,EU,PC,store_feature,35+,companion_fan
P00702,2026-03-12,SEA,Android,organic,25-34,social_casual
P00703,2026-01-20,NA,iOS,paid_social,18-24,companion_fan
P00704,2026-01-20,EU,PC,paid_social,35+,companion_fan
P00705,2026-01-15,EU,PC,creator,35+,combat_explorer
P00706,2026-03-06,EU,PC,organic,25-34,fashion_collector
P00707,2026-01-01,NA,iOS,organic,25-34,fashion_collector
P00708,2026-03-07,EU,Android,organic,18-24,combat_explorer
P00709,2026-02-24,NA,PC,paid_social,25-34,fashion_collector
P00710,2026-02-23,SEA,iOS,store_feature,18-24,companion_fan
P00711,2026-03-20,NA,iOS,store_feature,25-34,combat_explorer
P00712,2026-03-02,NA,Android,organic,18-24,combat_explorer
P00713,2026-03-25,EU,iOS,organic,25-34,fashion_collector
P00714,2026-03-29,EU,Android,organic,18-24,social_casual
P00715,2026-04-16,NA,iOS,store_feature,18-24,fashion_collector
P00716,2026-04-02,EU,Android,organic,18-24,fashion_collector
P00717,2026-03-01,EU,iOS,organic,25-34,fashion_collector
P00718,2026-02-26,NA,PC,paid_social,18-24,companion_fan
P00719,2026-01-28,EU,iOS,creator,25-34,social_casual
P00720,2026-03-10,EU,iOS,organic,18-24,fashion_collector
P00721,2026-01-17,SEA,Android,paid_social,25-34,social_casual
P00722,2026-04-18,NA,PC,organic,18-24,fashion_collector
P00723,2026-04-08,NA,iOS,organic,35+,companion_fan
P00724,2026-01-14,SEA,Android,organic,18-24,fashion_collector
P00725,2026-04-01,EU,Android,creator,18-24,combat_explorer
P00726,2026-01-14,NA,Android,store_feature,18-24,companion_fan
P00727,2026-03-24,SEA,Android,creator,18-24,combat_explorer
P00728,2026-01-11,NA,PC,paid_social,25-34,fashion_collector
P00729,2026-02-26,SEA,iOS,organic,18-24,companion_fan
P00730,2026-03-17,EU,Android,paid_social,35+,social_casual
P00731,2026-03-25,SEA,PC,store_feature,25-34,combat_explorer
P00732,2026-02-18,SEA,Android,creator,18-24,companion_fan
P00733,2026-04-16,NA,PC,store_feature,25-34,companion_fan
P00734,2026-03-31,SEA,Android,paid_social,18-24,fashion_collector
P00735,2026-01-24,NA,iOS,paid_social,18-24,social_casual
P00736,2026-03-19,EU,PC,organic,18-24,fashion_collector
P00737,2026-03-26,EU,Android,paid_social,18-24,companion_fan
P00738,2026-02-08,NA,iOS,creator,18-24,fashion_collector
P00739,2026-03-26,NA,PC,store_feature,35+,fashion_collector
P00740,2026-04-14,NA,Android,store_feature,25-34,combat_explorer
P00741,2026-04-04,NA,Android,creator,35+,combat_explorer
P00742,2026-03-29,NA,iOS,store_feature,18-24,social_casual
P00743,2026-03-14,SEA,Android,store_feature,35+,social_casual
P00744,2026-02-01,EU,Android,paid_social,18-24,fashion_collector
P00745,2026-04-02,SEA,iOS,organic,18-24,fashion_collector
P00746,2026-02-11,SEA,iOS,organic,25-34,combat_explorer
P00747,2026-03-03,EU,Android,organic,18-24,combat_explorer
P00748,2026-02-06,EU,Android,organic,18-24,combat_explorer
P00749,2026-02-05,SEA,PC,store_feature,25-34,social_casual
P00750,2026-01-19,EU,iOS,organic,25-34,companion_fan
P00751,2026-04-21,EU,PC,paid_social,25-34,fashion_collector
P00752,2026-01-17,SEA,Android,paid_social,18-24,combat_explorer
P00753,2026-01-10,EU,PC,paid_social,18-24,combat_explorer
P00754,2026-04-18,EU,iOS,organic,35+,combat_explorer
P00755,2026-03-05,SEA,Android,paid_social,18-24,fashion_collector
P00756,2026-02-20,EU,PC,paid_social,18-24,combat_explorer
P00757,2026-03-26,SEA,iOS,paid_social,18-24,combat_explorer
P00758,2026-02-14,NA,Android,organic,35+,fashion_collector
P00759,2026-01-15,NA,Android,paid_social,25-34,companion_fan
P00760,2026-03-25,EU,iOS,organic,25-34,fashion_collector
P00761,2026-01-21,NA,Android,paid_social,35+,combat_explorer
P00762,2026-03-05,SEA,Android,creator,18-24,combat_explorer
P00763,2026-04-20,NA,Android,organic,35+,social_casual
P00764,2026-04-18,EU,Android,paid_social,18-24,fashion_collector
P00765,2026-02-11,NA,Android,organic,18-24,fashion_collector
P00766,2026-03-31,SEA,iOS,store_feature,18-24,fashion_collector
P00767,2026-03-12,EU,Android,store_feature,35+,combat_explorer
P00768,2026-02-25,NA,Android,creator,35+,fashion_collector
P00769,2026-01-17,NA,iOS,organic,25-34,companion_fan
P00770,2026-02-13,EU,Android,organic,18-24,fashion_collector
P00771,2026-03-16,SEA,iOS,store_feature,18-24,fashion_collector
P00772,2026-04-24,SEA,Android,paid_social,25-34,combat_explorer
P00773,2026-01-01,NA,Android,organic,18-24,companion_fan
P00774,2026-03-24,EU,Android,creator,18-24,social_casual
P00775,2026-04-08,NA,Android,organic,25-34,companion_fan
P00776,2026-04-20,EU,Android,paid_social,25-34,combat_explorer
P00777,2026-02-18,EU,PC,creator,35+,companion_fan
P00778,2026-01-14,NA,Android,organic,25-34,companion_fan
P00779,2026-02-01,EU,iOS,paid_social,18-24,fashion_collector
P00780,2026-04-08,SEA,iOS,organic,25-34,combat_explorer
P00781,2026-04-11,NA,Android,creator,18-24,companion_fan
P00782,2026-03-15,NA,iOS,paid_social,25-34,fashion_collector
P00783,2026-01-15,NA,Android,store_feature,25-34,companion_fan
P00784,2026-01-15,NA,Android,creator,18-24,combat_explorer
P00785,2026-02-24,NA,Android,store_feature,18-24,combat_explorer
P00786,2026-03-09,EU,iOS,creator,35+,fashion_collector
P00787,2026-01-04,NA,PC,store_feature,25-34,companion_fan
P00788,2026-03-20,EU,Android,organic,25-34,social_casual
P00789,2026-03-04,SEA,iOS,paid_social,25-34,fashion_collector
P00790,2026-01-02,SEA,iOS,organic,25-34,combat_explorer
P00791,2026-01-12,EU,Android,store_feature,18-24,fashion_collector
P00792,2026-02-22,NA,iOS,store_feature,25-34,fashion_collector
P00793,2026-03-25,NA,iOS,creator,35+,social_casual
P00794,2026-04-05,NA,PC,creator,18-24,combat_explorer
P00795,2026-02-19,SEA,PC,paid_social,18-24,combat_explorer
P00796,2026-02-03,SEA,Android,organic,25-34,fashion_collector
P00797,2026-04-22,EU,Android,paid_social,25-34,social_casual
P00798,2026-02-22,NA,iOS,paid_social,18-24,fashion_collector
P00799,2026-02-06,EU,Android,creator,25-34,companion_fan
P00800,2026-02-20,NA,Android,organic,25-34,fashion_collector
P00801,2026-01-02,SEA,PC,store_feature,25-34,fashion_collector
P00802,2026-02-04,NA,Android,organic,18-24,companion_fan
P00803,2026-03-01,NA,Android,paid_social,18-24,fashion_collector
P00804,2026-04-16,EU,PC,organic,18-24,companion_fan
P00805,2026-03-26,NA,Android,organic,35+,fashion_collector
P00806,2026-03-31,EU,iOS,organic,25-34,companion_fan
P00807,2026-03-04,SEA,PC,creator,18-24,companion_fan
P00808,2026-01-13,NA,iOS,paid_social,35+,companion_fan
P00809,2026-02-14,EU,Android,creator,18-24,fashion_collector
P00810,2026-04-25,EU,Android,paid_social,25-34,companion_fan
P00811,2026-01-06,NA,PC,paid_social,18-24,social_casual
P00812,2026-04-12,NA,Android,organic,25-34,fashion_collector
P00813,2026-03-20,NA,iOS,organic,25-34,fashion_collector
P00814,2026-02-02,NA,Android,paid_social,25-34,companion_fan
P00815,2026-03-31,NA,Android,paid_social,18-24,fashion_collector
P00816,2026-04-07,SEA,PC,creator,18-24,companion_fan
P00817,2026-01-05,EU,iOS,organic,18-24,companion_fan
P00818,2026-01-13,SEA,PC,paid_social,35+,fashion_collector
P00819,2026-03-18,EU,Android,organic,18-24,combat_explorer
P00820,2026-04-25,EU,iOS,paid_social,25-34,combat_explorer
P00821,2026-01-03,EU,PC,organic,25-34,fashion_collector
P00822,2026-03-18,NA,Android,paid_social,18-24,social_casual
P00823,2026-01-16,NA,Android,creator,18-24,fashion_collector
P00824,2026-03-16,EU,PC,paid_social,18-24,combat_explorer
P00825,2026-03-13,SEA,Android,organic,25-34,companion_fan
P00826,2026-01-11,EU,iOS,creator,35+,fashion_collector
P00827,2026-03-20,NA,PC,organic,18-24,companion_fan
P00828,2026-04-14,SEA,Android,paid_social,35+,fashion_collector
P00829,2026-04-10,NA,Android,organic,18-24,combat_explorer
P00830,2026-01-04,SEA,Android,organic,18-24,fashion_collector
P00831,2026-01-29,SEA,Android,paid_social,35+,companion_fan
P00832,2026-01-28,SEA,Android,organic,35+,companion_fan
P00833,2026-02-22,SEA,iOS,organic,18-24,companion_fan
P00834,2026-01-17,NA,Android,paid_social,25-34,social_casual
P00835,2026-04-09,EU,iOS,paid_social,35+,companion_fan
P00836,2026-03-31,SEA,Android,store_feature,25-34,companion_fan
P00837,2026-04-03,EU,Android,organic,25-34,combat_explorer
P00838,2026-01-23,NA,Android,creator,18-24,social_casual
P00839,2026-01-02,NA,iOS,paid_social,18-24,companion_fan
P00840,2026-04-15,NA,Android,organic,25-34,social_casual
P00841,2026-02-03,EU,Android,paid_social,25-34,fashion_collector
P00842,2026-03-17,EU,PC,organic,18-24,combat_explorer
P00843,2026-04-15,SEA,iOS,store_feature,18-24,companion_fan
P00844,2026-01-05,SEA,Android,paid_social,18-24,fashion_collector
P00845,2026-01-01,EU,PC,creator,25-34,fashion_collector
P00846,2026-01-01,NA,Android,creator,18-24,social_casual
P00847,2026-01-18,EU,Android,organic,18-24,combat_explorer
P00848,2026-01-06,NA,iOS,creator,18-24,fashion_collector
P00849,2026-04-05,NA,Android,paid_social,35+,fashion_collector
P00850,2026-03-11,NA,Android,creator,25-34,combat_explorer
P00851,2026-04-23,NA,iOS,creator,18-24,companion_fan
P00852,2026-04-03,NA,Android,organic,18-24,social_casual
P00853,2026-04-21,EU,PC,paid_social,18-24,social_casual
P00854,2026-01-28,NA,PC,creator,25-34,companion_fan
P00855,2026-02-03,NA,iOS,organic,25-34,companion_fan
P00856,2026-04-08,NA,iOS,store_feature,25-34,fashion_collector
P00857,2026-01-29,EU,iOS,creator,25-34,social_casual
P00858,2026-01-07,EU,PC,creator,18-24,fashion_collector
P00859,2026-03-18,NA,Android,store_feature,18-24,fashion_collector
P00860,2026-04-03,NA,Android,creator,18-24,social_casual
P00861,2026-04-22,SEA,iOS,store_feature,25-34,social_casual
P00862,2026-04-17,EU,iOS,paid_social,18-24,fashion_collector
P00863,2026-01-14,EU,Android,paid_social,25-34,companion_fan
P00864,2026-03-30,EU,iOS,organic,18-24,combat_explorer
P00865,2026-04-08,SEA,Android,organic,25-34,fashion_collector
P00866,2026-03-22,SEA,PC,creator,18-24,fashion_collector
P00867,2026-04-05,EU,Android,organic,18-24,fashion_collector
P00868,2026-04-07,EU,Android,organic,25-34,combat_explorer
P00869,2026-02-21,NA,Android,paid_social,18-24,combat_explorer
P00870,2026-01-05,EU,Android,paid_social,18-24,combat_explorer
P00871,2026-02-22,EU,Android,organic,18-24,fashion_collector
P00872,2026-01-24,NA,Android,paid_social,25-34,social_casual
P00873,2026-01-14,SEA,Android,store_feature,18-24,companion_fan
P00874,2026-01-15,SEA,Android,paid_social,35+,social_casual
P00875,2026-03-22,NA,Android,paid_social,35+,fashion_collector
P00876,2026-02-28,SEA,Android,paid_social,25-34,companion_fan
P00877,2026-03-04,NA,Android,organic,18-24,companion_fan
P00878,2026-03-27,EU,Android,creator,25-34,fashion_collector
P00879,2026-03-05,SEA,Android,store_feature,18-24,fashion_collector
P00880,2026-03-14,NA,Android,paid_social,35+,fashion_collector
P00881,2026-01-10,EU,Android,paid_social,25-34,fashion_collector
P00882,2026-04-08,EU,iOS,store_feature,18-24,combat_explorer
P00883,2026-02-21,NA,PC,organic,18-24,fashion_collector
P00884,2026-01-18,EU,PC,organic,25-34,fashion_collector
P00885,2026-04-04,NA,iOS,paid_social,35+,companion_fan
P00886,2026-03-26,EU,iOS,organic,25-34,fashion_collector
P00887,2026-01-07,NA,Android,paid_social,25-34,combat_explorer
P00888,2026-01-23,NA,iOS,paid_social,25-34,companion_fan
P00889,2026-01-02,EU,iOS,paid_social,25-34,fashion_collector
P00890,2026-02-01,NA,PC,organic,25-34,fashion_collector
P00891,2026-01-12,EU,PC,paid_social,18-24,fashion_collector
P00892,2026-03-23,EU,Android,organic,25-34,fashion_collector
P00893,2026-03-02,SEA,iOS,store_feature,35+,combat_explorer
P00894,2026-04-23,NA,PC,organic,18-24,fashion_collector
P00895,2026-03-28,SEA,Android,store_feature,18-24,fashion_collector
P00896,2026-03-12,EU,PC,creator,18-24,social_casual
P00897,2026-02-28,NA,Android,creator,18-24,social_casual
P00898,2026-01-07,SEA,PC,creator,25-34,fashion_collector
P00899,2026-01-09,EU,iOS,organic,18-24,fashion_collector
P00900,2026-03-12,EU,Android,creator,25-34,combat_explorer
P00901,2026-01-01,EU,iOS,store_feature,18-24,companion_fan
P00902,2026-01-05,EU,Android,paid_social,35+,companion_fan
P00903,2026-01-26,SEA,iOS,organic,25-34,fashion_collector
P00904,2026-04-12,EU,PC,paid_social,25-34,fashion_collector
P00905,2026-02-22,SEA,iOS,store_feature,25-34,combat_explorer
P00906,2026-03-23,EU,PC,paid_social,18-24,social_casual
P00907,2026-02-17,SEA,Android,creator,35+,social_casual
P00908,2026-01-20,SEA,Android,organic,25-34,fashion_collector
P00909,2026-02-12,NA,Android,store_feature,18-24,combat_explorer
P00910,2026-01-11,NA,Android,creator,35+,fashion_collector
P00911,2026-03-30,EU,Android,creator,18-24,companion_fan
P00912,2026-01-22,EU,Android,paid_social,25-34,social_casual
P00913,2026-02-13,EU,Android,organic,18-24,combat_explorer
P00914,2026-04-23,SEA,Android,paid_social,25-34,fashion_collector
P00915,2026-03-10,SEA,PC,organic,18-24,combat_explorer
P00916,2026-02-22,EU,Android,paid_social,18-24,combat_explorer
P00917,2026-03-04,EU,PC,store_feature,25-34,companion_fan
P00918,2026-04-01,NA,Android,store_feature,35+,combat_explorer
P00919,2026-01-30,EU,Android,store_feature,18-24,social_casual
P00920,2026-03-15,NA,iOS,store_feature,25-34,fashion_collector
P00921,2026-04-11,EU,Android,organic,25-34,fashion_collector
P00922,2026-03-07,EU,Android,store_feature,35+,fashion_collector
P00923,2026-02-21,EU,iOS,store_feature,18-24,fashion_collector
P00924,2026-01-17,EU,Android,creator,25-34,fashion_collector
P00925,2026-01-29,NA,Android,creator,35+,companion_fan
P00926,2026-04-19,NA,iOS,organic,18-24,fashion_collector
P00927,2026-03-04,NA,Android,paid_social,18-24,fashion_collector
P00928,2026-02-04,SEA,PC,paid_social,35+,fashion_collector
P00929,2026-02-18,SEA,Android,creator,18-24,fashion_collector
P00930,2026-03-08,NA,PC,creator,18-24,social_casual
P00931,2026-03-03,NA,iOS,paid_social,18-24,social_casual
P00932,2026-03-22,EU,PC,organic,25-34,fashion_collector
P00933,2026-01-30,EU,PC,store_feature,35+,companion_fan
P00934,2026-03-16,NA,Android,organic,25-34,companion_fan
P00935,2026-02-20,NA,iOS,organic,25-34,social_casual
P00936,2026-04-19,EU,Android,organic,18-24,combat_explorer
P00937,2026-01-19,NA,PC,store_feature,18-24,fashion_collector
P00938,2026-01-18,NA,iOS,store_feature,18-24,combat_explorer
P00939,2026-02-23,NA,Android,organic,18-24,social_casual
P00940,2026-02-28,EU,PC,organic,18-24,companion_fan
P00941,2026-03-21,EU,Android,creator,25-34,combat_explorer
P00942,2026-02-16,NA,iOS,organic,18-24,fashion_collector
P00943,2026-04-16,EU,iOS,paid_social,18-24,companion_fan
P00944,2026-02-24,EU,Android,organic,18-24,social_casual
P00945,2026-01-15,SEA,iOS,creator,18-24,combat_explorer
P00946,2026-01-14,SEA,PC,creator,18-24,companion_fan
P00947,2026-04-22,NA,Android,creator,18-24,combat_explorer
P00948,2026-01-16,SEA,iOS,creator,18-24,combat_explorer
P00949,2026-04-20,EU,Android,organic,25-34,combat_explorer
P00950,2026-02-01,EU,iOS,organic,25-34,companion_fan
P00951,2026-01-11,NA,Android,organic,35+,social_casual
P00952,2026-02-05,NA,PC,organic,25-34,combat_explorer
P00953,2026-03-12,NA,PC,store_feature,25-34,combat_explorer
P00954,2026-02-19,SEA,Android,organic,35+,combat_explorer
P00955,2026-04-01,EU,Android,organic,25-34,fashion_collector
P00956,2026-03-12,EU,iOS,organic,25-34,fashion_collector
P00957,2026-02-16,EU,iOS,paid_social,18-24,fashion_collector
P00958,2026-03-14,NA,Android,store_feature,18-24,combat_explorer
P00959,2026-04-22,NA,Android,paid_social,18-24,fashion_collector
P00960,2026-02-17,EU,Android,paid_social,18-24,combat_explorer
P00961,2026-01-18,EU,PC,paid_social,25-34,companion_fan
P00962,2026-02-17,SEA,Android,creator,18-24,fashion_collector
P00963,2026-04-07,EU,PC,store_feature,25-34,combat_explorer
P00964,2026-01-26,EU,iOS,paid_social,35+,social_casual
P00965,2026-04-20,SEA,PC,organic,25-34,combat_explorer
P00966,2026-03-09,NA,Android,creator,18-24,fashion_collector
P00967,2026-03-11,EU,Android,organic,18-24,combat_explorer
P00968,2026-02-06,EU,PC,organic,18-24,combat_explorer
P00969,2026-04-16,NA,PC,store_feature,35+,combat_explorer
P00970,2026-01-05,NA,Android,organic,25-34,fashion_collector
P00971,2026-02-04,NA,Android,paid_social,25-34,combat_explorer
P00972,2026-02-18,NA,Android,store_feature,25-34,combat_explorer
P00973,2026-02-24,EU,Android,creator,25-34,fashion_collector
P00974,2026-02-24,NA,Android,creator,25-34,combat_explorer
P00975,2026-01-18,EU,PC,paid_social,18-24,fashion_collector
P00976,2026-01-26,NA,Android,paid_social,18-24,fashion_collector
P00977,2026-01-11,NA,iOS,organic,18-24,companion_fan
P00978,2026-03-07,NA,Android,organic,25-34,fashion_collector
P00979,2026-02-10,NA,Android,paid_social,35+,combat_explorer
P00980,2026-03-07,SEA,iOS,store_feature,25-34,combat_explorer
P00981,2026-03-09,NA,Android,organic,25-34,fashion_collector
P00982,2026-03-22,NA,iOS,creator,35+,social_casual
P00983,2026-03-04,NA,Android,store_feature,18-24,combat_explorer
P00984,2026-03-16,NA,PC,organic,18-24,fashion_collector
P00985,2026-03-09,EU,iOS,organic,35+,social_casual
P00986,2026-03-17,SEA,PC,paid_social,35+,companion_fan
P00987,2026-03-12,NA,Android,organic,25-34,companion_fan
P00988,2026-02-06,EU,Android,organic,18-24,fashion_collector
P00989,2026-01-29,EU,Android,paid_social,35+,fashion_collector
P00990,2026-04-01,SEA,iOS,paid_social,25-34,companion_fan
P00991,2026-02-09,EU,Android,creator,25-34,fashion_collector
P00992,2026-03-05,NA,Android,creator,18-24,fashion_collector
P00993,2026-01-23,EU,Android,paid_social,25-34,companion_fan
P00994,2026-02-19,SEA,Android,paid_social,25-34,fashion_collector
P00995,2026-03-02,EU,Android,paid_social,35+,fashion_collector
P00996,2026-03-13,SEA,Android,paid_social,25-34,fashion_collector
P00997,2026-03-02,SEA,Android,paid_social,25-34,combat_explorer
P00998,2026-02-11,NA,iOS,store_feature,25-34,combat_explorer
P00999,2026-04-21,SEA,Android,paid_social,25-34,social_casual
P01000,2026-02-28,EU,Android,organic,18-24,fashion_collector
P01001,2026-04-03,EU,iOS,store_feature,18-24,fashion_collector
P01002,2026-03-26,EU,iOS,store_feature,18-24,combat_explorer
P01003,2026-03-06,SEA,Android,organic,25-34,combat_explorer
P01004,2026-04-12,EU,iOS,organic,18-24,combat_explorer
P01005,2026-01-15,EU,PC,paid_social,18-24,social_casual
P01006,2026-04-16,NA,iOS,creator,35+,combat_explorer
P01007,2026-04-08,EU,PC,paid_social,25-34,combat_explorer
P01008,2026-02-27,SEA,PC,creator,18-24,social_casual
P01009,2026-03-26,EU,Android,organic,18-24,fashion_collector
P01010,2026-03-01,NA,Android,organic,25-34,social_casual
P01011,2026-01-31,SEA,iOS,store_feature,18-24,combat_explorer
P01012,2026-04-02,SEA,PC,organic,25-34,combat_explorer
P01013,2026-01-29,EU,Android,paid_social,25-34,social_casual
P01014,2026-02-06,NA,Android,organic,18-24,combat_explorer
P01015,2026-03-01,EU,iOS,creator,25-34,combat_explorer
P01016,2026-04-07,NA,Android,creator,18-24,fashion_collector
P01017,2026-02-14,NA,iOS,organic,25-34,companion_fan
P01018,2026-02-26,EU,iOS,paid_social,18-24,combat_explorer
P01019,2026-01-05,SEA,iOS,paid_social,18-24,fashion_collector
P01020,2026-01-14,NA,PC,organic,18-24,companion_fan
P01021,2026-01-07,SEA,iOS,creator,35+,companion_fan
P01022,2026-01-09,SEA,iOS,paid_social,18-24,combat_explorer
P01023,2026-04-10,NA,iOS,paid_social,18-24,fashion_collector
P01024,2026-04-07,NA,PC,creator,18-24,combat_explorer
P01025,2026-04-05,EU,PC,paid_social,25-34,fashion_collector
P01026,2026-01-07,SEA,Android,organic,25-34,fashion_collector
P01027,2026-01-09,EU,iOS,organic,35+,combat_explorer
P01028,2026-02-02,EU,Android,paid_social,25-34,fashion_collector
P01029,2026-03-07,EU,PC,paid_social,25-34,fashion_collector
P01030,2026-02-08,EU,iOS,paid_social,25-34,companion_fan
P01031,2026-02-26,EU,Android,organic,18-24,fashion_collector
P01032,2026-01-20,NA,Android,creator,35+,social_casual
P01033,2026-03-26,NA,Android,paid_social,35+,social_casual
P01034,2026-02-06,NA,iOS,organic,18-24,combat_explorer
P01035,2026-01-08,SEA,Android,creator,25-34,social_casual
P01036,2026-03-27,SEA,Android,paid_social,18-24,social_casual
P01037,2026-04-14,SEA,PC,organic,25-34,fashion_collector
P01038,2026-01-02,NA,iOS,creator,25-34,companion_fan
P01039,2026-02-20,EU,Android,organic,35+,fashion_collector
P01040,2026-04-06,NA,Android,store_feature,18-24,companion_fan
P01041,2026-03-23,NA,PC,organic,25-34,combat_explorer
P01042,2026-04-09,NA,iOS,organic,25-34,fashion_collector
P01043,2026-02-17,SEA,iOS,organic,18-24,fashion_collector
P01044,2026-02-12,NA,Android,organic,25-34,social_casual
P01045,2026-03-23,EU,Android,organic,25-34,fashion_collector
P01046,2026-01-18,SEA,Android,paid_social,25-34,fashion_collector
P01047,2026-01-28,EU,iOS,organic,35+,fashion_collector
P01048,2026-03-11,NA,Android,organic,18-24,combat_explorer
P01049,2026-03-18,SEA,Android,organic,18-24,companion_fan
P01050,2026-01-14,EU,iOS,creator,18-24,companion_fan
P01051,2026-02-28,EU,PC,organic,18-24,combat_explorer
P01052,2026-02-11,EU,iOS,paid_social,25-34,fashion_collector
P01053,2026-02-27,SEA,iOS,paid_social,35+,fashion_collector
P01054,2026-04-21,EU,iOS,paid_social,25-34,combat_explorer
P01055,2026-01-09,EU,Android,organic,25-34,companion_fan
P01056,2026-04-25,EU,Android,store_feature,18-24,companion_fan
P01057,2026-02-21,NA,iOS,paid_social,18-24,combat_explorer
P01058,2026-03-30,SEA,Android,organic,35+,combat_explorer
P01059,2026-02-18,NA,iOS,creator,25-34,combat_explorer
P01060,2026-02-05,EU,PC,paid_social,18-24,combat_explorer
P01061,2026-03-30,EU,PC,organic,35+,combat_explorer
P01062,2026-03-21,NA,Android,creator,25-34,companion_fan
P01063,2026-01-17,EU,Android,paid_social,18-24,combat_explorer
P01064,2026-03-23,EU,Android,organic,25-34,social_casual
P01065,2026-03-28,NA,Android,store_feature,25-34,combat_explorer
P01066,2026-02-14,NA,Android,organic,18-24,fashion_collector
P01067,2026-04-17,SEA,Android,organic,35+,fashion_collector
P01068,2026-03-15,SEA,iOS,organic,25-34,combat_explorer
P01069,2026-02-08,EU,iOS,creator,25-34,combat_explorer
P01070,2026-01-02,NA,PC,store_feature,35+,combat_explorer
P01071,2026-03-19,NA,Android,paid_social,25-34,companion_fan
P01072,2026-01-25,NA,Android,store_feature,18-24,fashion_collector
P01073,2026-03-29,EU,Android,creator,18-24,companion_fan
P01074,2026-03-02,SEA,Android,creator,18-24,companion_fan
P01075,2026-02-23,EU,Android,creator,18-24,combat_explorer
P01076,2026-01-19,NA,PC,organic,18-24,combat_explorer
P01077,2026-03-23,SEA,Android,store_feature,25-34,fashion_collector
P01078,2026-01-20,EU,Android,creator,18-24,combat_explorer
P01079,2026-02-18,NA,iOS,creator,18-24,companion_fan
P01080,2026-04-07,EU,iOS,creator,25-34,social_casual
P01081,2026-04-16,NA,iOS,paid_social,18-24,combat_explorer
P01082,2026-04-24,SEA,Android,organic,25-34,fashion_collector
P01083,2026-04-21,NA,PC,paid_social,25-34,companion_fan
P01084,2026-03-05,EU,Android,paid_social,18-24,companion_fan
P01085,2026-01-24,EU,Android,store_feature,18-24,fashion_collector
P01086,2026-04-07,SEA,iOS,organic,25-34,companion_fan
P01087,2026-04-03,EU,PC,organic,18-24,fashion_collector
P01088,2026-04-24,EU,Android,creator,25-34,fashion_collector
P01089,2026-03-16,NA,iOS,store_feature,25-34,fashion_collector
P01090,2026-01-17,SEA,Android,store_feature,25-34,fashion_collector
P01091,2026-02-27,EU,Android,paid_social,25-34,social_casual
P01092,2026-02-21,NA,Android,organic,35+,combat_explorer
P01093,2026-04-07,SEA,iOS,organic,18-24,fashion_collector
P01094,2026-02-15,NA,Android,paid_social,35+,combat_explorer
P01095,2026-02-07,NA,iOS,organic,25-34,combat_explorer
P01096,2026-01-10,EU,Android,creator,18-24,fashion_collector
P01097,2026-04-07,NA,PC,paid_social,18-24,fashion_collector
P01098,2026-03-28,EU,PC,creator,18-24,companion_fan
P01099,2026-01-05,NA,Android,creator,35+,fashion_collector
P01100,2026-02-19,NA,Android,organic,18-24,companion_fan
P01101,2026-02-25,NA,Android,organic,35+,fashion_collector
P01102,2026-02-23,NA,PC,paid_social,25-34,companion_fan
P01103,2026-04-16,SEA,Android,creator,25-34,companion_fan
P01104,2026-01-18,EU,iOS,organic,25-34,fashion_collector
P01105,2026-02-05,EU,Android,organic,18-24,fashion_collector
P01106,2026-01-21,EU,PC,organic,18-24,social_casual
P01107,2026-01-29,EU,iOS,paid_social,35+,combat_explorer
P01108,2026-04-15,NA,iOS,paid_social,18-24,companion_fan
P01109,2026-04-19,NA,PC,creator,35+,fashion_collector
P01110,2026-01-06,EU,Android,creator,35+,fashion_collector
P01111,2026-03-14,EU,PC,organic,18-24,combat_explorer
P01112,2026-01-27,SEA,Android,creator,25-34,social_casual
P01113,2026-01-23,SEA,iOS,organic,18-24,fashion_collector
P01114,2026-02-03,SEA,PC,store_feature,25-34,companion_fan
P01115,2026-01-23,NA,iOS,organic,35+,companion_fan
P01116,2026-02-26,NA,iOS,creator,35+,fashion_collector
P01117,2026-04-25,NA,Android,organic,35+,fashion_collector
P01118,2026-03-09,SEA,Android,paid_social,18-24,fashion_collector
P01119,2026-03-25,SEA,Android,organic,25-34,combat_explorer
P01120,2026-02-26,SEA,iOS,store_feature,18-24,companion_fan
P01121,2026-01-02,NA,Android,organic,35+,combat_explorer
P01122,2026-01-10,SEA,Android,paid_social,18-24,fashion_collector
P01123,2026-01-31,EU,Android,paid_social,18-24,companion_fan
P01124,2026-01-29,SEA,Android,organic,18-24,combat_explorer
P01125,2026-04-07,EU,Android,organic,18-24,combat_explorer
P01126,2026-04-08,NA,Android,creator,18-24,combat_explorer
P01127,2026-04-09,NA,PC,paid_social,18-24,fashion_collector
P01128,2026-03-15,SEA,iOS,store_feature,35+,companion_fan
P01129,2026-03-05,EU,Android,organic,25-34,combat_explorer
P01130,2026-03-16,NA,iOS,creator,18-24,combat_explorer
P01131,2026-02-16,NA,PC,organic,25-34,fashion_collector
P01132,2026-03-19,NA,Android,organic,18-24,combat_explorer
P01133,2026-04-02,SEA,Android,paid_social,25-34,combat_explorer
P01134,2026-03-29,NA,Android,creator,18-24,combat_explorer
P01135,2026-03-12,NA,Android,organic,25-34,social_casual
P01136,2026-01-07,SEA,iOS,store_feature,18-24,companion_fan
P01137,2026-03-25,EU,PC,paid_social,18-24,fashion_collector
P01138,2026-02-12,NA,Android,paid_social,25-34,companion_fan
P01139,2026-03-27,NA,iOS,organic,25-34,combat_explorer
P01140,2026-03-04,NA,Android,store_feature,25-34,social_casual
P01141,2026-04-12,NA,iOS,paid_social,18-24,fashion_collector
P01142,2026-02-08,NA,iOS,creator,25-34,fashion_collector
P01143,2026-04-18,NA,Android,organic,25-34,combat_explorer
P01144,2026-04-08,EU,Android,store_feature,18-24,fashion_collector
P01145,2026-02-08,SEA,iOS,creator,18-24,companion_fan
P01146,2026-02-25,SEA,PC,paid_social,18-24,combat_explorer
P01147,2026-03-03,EU,Android,paid_social,18-24,fashion_collector
P01148,2026-03-30,NA,Android,paid_social,18-24,combat_explorer
P01149,2026-03-21,SEA,Android,paid_social,18-24,social_casual
P01150,2026-04-08,SEA,iOS,store_feature,25-34,companion_fan
P01151,2026-02-12,EU,iOS,organic,25-34,combat_explorer
P01152,2026-02-28,NA,PC,organic,25-34,fashion_collector
P01153,2026-02-19,NA,iOS,paid_social,25-34,fashion_collector
P01154,2026-04-15,EU,PC,creator,18-24,social_casual
P01155,2026-02-05,EU,PC,paid_social,35+,companion_fan
P01156,2026-03-09,NA,Android,paid_social,25-34,combat_explorer
P01157,2026-01-14,SEA,iOS,creator,25-34,social_casual
P01158,2026-04-08,EU,Android,paid_social,18-24,fashion_collector
P01159,2026-02-14,EU,Android,organic,25-34,companion_fan
P01160,2026-02-09,NA,PC,store_feature,25-34,fashion_collector
P01161,2026-03-09,SEA,iOS,organic,25-34,fashion_collector
P01162,2026-02-27,EU,PC,paid_social,25-34,combat_explorer
P01163,2026-04-08,NA,Android,store_feature,35+,combat_explorer
P01164,2026-03-03,EU,iOS,organic,35+,social_casual
P01165,2026-03-01,EU,iOS,organic,25-34,fashion_collector
P01166,2026-01-13,SEA,Android,organic,35+,companion_fan
P01167,2026-01-03,NA,Android,paid_social,35+,companion_fan
P01168,2026-02-15,SEA,iOS,creator,18-24,companion_fan
P01169,2026-04-25,EU,Android,organic,25-34,social_casual
P01170,2026-04-16,NA,PC,store_feature,18-24,combat_explorer
P01171,2026-03-14,NA,Android,organic,18-24,combat_explorer
P01172,2026-03-14,NA,Android,creator,18-24,fashion_collector
P01173,2026-02-15,NA,iOS,paid_social,25-34,fashion_collector
P01174,2026-01-21,EU,Android,organic,18-24,social_casual
P01175,2026-01-01,EU,PC,organic,18-24,combat_explorer
P01176,2026-02-08,NA,iOS,store_feature,18-24,combat_explorer
P01177,2026-02-06,SEA,Android,paid_social,25-34,fashion_collector
P01178,2026-01-23,NA,iOS,organic,35+,combat_explorer
P01179,2026-01-30,EU,iOS,paid_social,35+,companion_fan
P01180,2026-01-03,SEA,iOS,creator,25-34,fashion_collector
P01181,2026-03-11,SEA,PC,organic,18-24,companion_fan
P01182,2026-04-17,EU,iOS,paid_social,35+,companion_fan
P01183,2026-03-21,EU,iOS,creator,18-24,companion_fan
P01184,2026-02-21,NA,Android,organic,35+,fashion_collector
P01185,2026-02-18,NA,iOS,store_feature,25-34,companion_fan
P01186,2026-02-05,EU,PC,organic,25-34,fashion_collector
P01187,2026-01-17,NA,iOS,organic,18-24,combat_explorer
P01188,2026-03-10,NA,iOS,organic,18-24,companion_fan
P01189,2026-03-07,NA,Android,paid_social,25-34,companion_fan
P01190,2026-01-01,SEA,iOS,paid_social,18-24,fashion_collector
P01191,2026-02-17,SEA,PC,store_feature,35+,social_casual
P01192,2026-02-01,SEA,Android,organic,25-34,fashion_collector
P01193,2026-01-20,EU,Android,paid_social,18-24,combat_explorer
P01194,2026-03-22,NA,iOS,paid_social,18-24,social_casual
P01195,2026-03-02,NA,iOS,organic,25-34,combat_explorer
P01196,2026-03-14,EU,iOS,organic,18-24,companion_fan
P01197,2026-03-24,EU,Android,paid_social,25-34,combat_explorer
P01198,2026-04-23,NA,Android,organic,25-34,companion_fan
P01199,2026-04-03,EU,iOS,paid_social,25-34,companion_fan
P01200,2026-03-13,EU,iOS,creator,25-34,companion_fan
P01201,2026-04-12,NA,iOS,organic,18-24,fashion_collector
P01202,2026-02-24,NA,iOS,store_feature,35+,companion_fan
P01203,2026-04-24,EU,iOS,paid_social,25-34,fashion_collector
P01204,2026-03-29,EU,PC,creator,25-34,social_casual
P01205,2026-03-16,SEA,iOS,paid_social,25-34,fashion_collector
P01206,2026-04-14,EU,iOS,creator,35+,fashion_collector
P01207,2026-03-01,EU,iOS,paid_social,18-24,social_casual
P01208,2026-03-24,SEA,Android,organic,18-24,fashion_collector
P01209,2026-02-02,NA,Android,creator,25-34,combat_explorer
P01210,2026-04-21,EU,iOS,organic,18-24,companion_fan
P01211,2026-03-13,EU,PC,creator,25-34,fashion_collector
P01212,2026-03-31,EU,iOS,creator,18-24,fashion_collector
P01213,2026-02-22,NA,Android,organic,18-24,combat_explorer
P01214,2026-04-10,SEA,iOS,store_feature,18-24,fashion_collector
P01215,2026-01-09,SEA,Android,organic,35+,fashion_collector
P01216,2026-01-14,NA,iOS,organic,25-34,fashion_collector
P01217,2026-02-28,NA,PC,creator,18-24,combat_explorer
P01218,2026-03-26,NA,iOS,paid_social,18-24,fashion_collector
P01219,2026-04-04,SEA,iOS,organic,18-24,fashion_collector
P01220,2026-02-20,EU,Android,creator,18-24,companion_fan
P01221,2026-03-16,NA,Android,paid_social,25-34,companion_fan
P01222,2026-03-05,SEA,PC,organic,18-24,fashion_collector
P01223,2026-04-21,NA,iOS,store_feature,18-24,fashion_collector
P01224,2026-03-17,EU,iOS,organic,18-24,social_casual
P01225,2026-02-17,EU,Android,paid_social,25-34,combat_explorer
P01226,2026-04-22,EU,Android,organic,25-34,combat_explorer
P01227,2026-01-13,EU,Android,paid_social,25-34,combat_explorer
P01228,2026-04-24,NA,Android,store_feature,25-34,fashion_collector
P01229,2026-01-18,EU,Android,organic,35+,companion_fan
P01230,2026-02-03,SEA,PC,organic,25-34,social_casual
P01231,2026-04-05,EU,iOS,organic,35+,social_casual
P01232,2026-03-26,SEA,Android,organic,25-34,fashion_collector
P01233,2026-04-22,EU,Android,store_feature,18-24,fashion_collector
P01234,2026-03-28,SEA,Android,paid_social,25-34,fashion_collector
P01235,2026-03-15,NA,PC,paid_social,25-34,fashion_collector
P01236,2026-02-09,SEA,Android,store_feature,25-34,fashion_collector
P01237,2026-01-01,NA,iOS,paid_social,18-24,companion_fan
P01238,2026-01-15,NA,PC,paid_social,18-24,fashion_collector
P01239,2026-02-04,NA,Android,organic,35+,social_casual
P01240,2026-01-05,NA,iOS,organic,18-24,fashion_collector
P01241,2026-02-28,SEA,PC,organic,18-24,fashion_collector
P01242,2026-03-31,SEA,Android,creator,18-24,social_casual
P01243,2026-04-21,SEA,Android,creator,25-34,companion_fan
P01244,2026-02-26,NA,PC,organic,25-34,combat_explorer
P01245,2026-04-11,SEA,PC,creator,25-34,combat_explorer
P01246,2026-04-24,EU,iOS,creator,35+,fashion_collector
P01247,2026-04-09,NA,iOS,organic,25-34,fashion_collector
P01248,2026-02-23,EU,Android,organic,18-24,combat_explorer
P01249,2026-02-07,EU,PC,creator,18-24,combat_explorer
P01250,2026-04-23,NA,iOS,creator,18-24,combat_explorer
P01251,2026-01-28,EU,Android,paid_social,25-34,fashion_collector
P01252,2026-02-17,EU,iOS,paid_social,18-24,companion_fan
P01253,2026-01-09,NA,PC,organic,18-24,companion_fan
P01254,2026-04-02,EU,PC,organic,35+,fashion_collector
P01255,2026-03-16,EU,Android,organic,25-34,fashion_collector
P01256,2026-01-10,EU,Android,organic,18-24,combat_explorer
P01257,2026-01-26,SEA,PC,creator,25-34,companion_fan
P01258,2026-03-05,SEA,PC,store_feature,25-34,companion_fan
P01259,2026-03-04,EU,iOS,organic,35+,companion_fan
P01260,2026-04-03,EU,iOS,organic,25-34,combat_explorer
P01261,2026-01-31,EU,Android,paid_social,18-24,fashion_collector
P01262,2026-04-17,EU,Android,creator,18-24,combat_explorer
P01263,2026-02-21,NA,Android,organic,18-24,fashion_collector
P01264,2026-04-05,EU,Android,organic,25-34,companion_fan
P01265,2026-01-28,EU,Android,store_feature,25-34,fashion_collector
P01266,2026-01-05,EU,PC,organic,25-34,fashion_collector
P01267,2026-01-07,SEA,Android,paid_social,25-34,combat_explorer
P01268,2026-02-12,EU,Android,paid_social,18-24,combat_explorer
P01269,2026-04-20,NA,iOS,organic,18-24,combat_explorer
P01270,2026-01-06,NA,Android,paid_social,18-24,combat_explorer
P01271,2026-02-12,NA,Android,organic,18-24,social_casual
P01272,2026-01-13,NA,iOS,organic,25-34,companion_fan
P01273,2026-04-18,EU,Android,organic,35+,social_casual
P01274,2026-03-19,NA,iOS,store_feature,18-24,companion_fan
P01275,2026-03-29,NA,PC,organic,25-34,companion_fan
P01276,2026-03-24,NA,Android,organic,18-24,combat_explorer
P01277,2026-03-17,SEA,PC,store_feature,25-34,combat_explorer
P01278,2026-03-30,SEA,PC,organic,18-24,fashion_collector
P01279,2026-01-01,EU,PC,store_feature,25-34,combat_explorer
P01280,2026-04-10,NA,iOS,paid_social,18-24,fashion_collector
P01281,2026-03-27,NA,iOS,paid_social,18-24,fashion_collector
P01282,2026-03-27,NA,iOS,paid_social,25-34,social_casual
P01283,2026-02-15,EU,iOS,paid_social,18-24,fashion_collector
P01284,2026-04-03,NA,Android,organic,25-34,combat_explorer
P01285,2026-02-13,NA,PC,store_feature,18-24,combat_explorer
P01286,2026-01-06,SEA,iOS,store_feature,35+,fashion_collector
P01287,2026-04-15,EU,iOS,store_feature,18-24,social_casual
P01288,2026-01-27,SEA,Android,paid_social,25-34,fashion_collector
P01289,2026-01-12,NA,Android,creator,35+,social_casual
P01290,2026-03-13,NA,iOS,creator,25-34,companion_fan
P01291,2026-01-27,SEA,iOS,organic,18-24,fashion_collector
P01292,2026-04-09,EU,Android,creator,25-34,fashion_collector
P01293,2026-02-21,EU,Android,paid_social,18-24,fashion_collector
P01294,2026-01-01,SEA,Android,paid_social,25-34,combat_explorer
P01295,2026-04-20,EU,iOS,organic,18-24,fashion_collector
P01296,2026-03-01,NA,Android,creator,25-34,social_casual
P01297,2026-01-31,EU,PC,paid_social,35+,fashion_collector
P01298,2026-03-19,NA,Android,creator,18-24,companion_fan
P01299,2026-03-03,NA,Android,store_feature,18-24,fashion_collector
P01300,2026-01-04,NA,Android,paid_social,18-24,social_casual
P01301,2026-03-29,SEA,iOS,organic,25-34,fashion_collector
P01302,2026-02-16,EU,iOS,organic,18-24,combat_explorer
P01303,2026-03-22,NA,iOS,paid_social,25-34,combat_explorer
P01304,2026-04-13,NA,PC,creator,25-34,fashion_collector
P01305,2026-03-12,EU,Android,paid_social,35+,companion_fan
P01306,2026-03-19,SEA,iOS,organic,18-24,fashion_collector
P01307,2026-01-30,NA,Android,organic,18-24,combat_explorer
P01308,2026-01-28,NA,Android,creator,18-24,combat_explorer
P01309,2026-02-17,SEA,Android,paid_social,25-34,combat_explorer
P01310,2026-04-09,SEA,Android,store_feature,18-24,fashion_collector
P01311,2026-03-02,SEA,iOS,store_feature,18-24,fashion_collector
P01312,2026-02-10,NA,iOS,creator,18-24,fashion_collector
P01313,2026-03-31,NA,iOS,paid_social,25-34,fashion_collector
P01314,2026-04-09,EU,iOS,organic,35+,fashion_collector
P01315,2026-04-14,NA,iOS,paid_social,18-24,social_casual
P01316,2026-02-04,SEA,Android,store_feature,18-24,combat_explorer
P01317,2026-03-23,NA,Android,creator,18-24,companion_fan
P01318,2026-03-09,EU,Android,store_feature,18-24,combat_explorer
P01319,2026-02-21,SEA,iOS,organic,35+,fashion_collector
P01320,2026-02-15,SEA,PC,organic,25-34,combat_explorer
P01321,2026-01-14,EU,Android,creator,25-34,fashion_collector
P01322,2026-02-01,SEA,iOS,store_feature,35+,combat_explorer
P01323,2026-03-05,NA,iOS,organic,25-34,combat_explorer
P01324,2026-04-12,NA,PC,paid_social,18-24,combat_explorer
P01325,2026-04-10,NA,iOS,organic,25-34,social_casual
P01326,2026-01-22,SEA,iOS,paid_social,18-24,fashion_collector
P01327,2026-03-20,SEA,iOS,creator,18-24,combat_explorer
P01328,2026-01-10,NA,PC,organic,35+,fashion_collector
P01329,2026-03-19,NA,Android,paid_social,18-24,combat_explorer
P01330,2026-02-09,NA,PC,paid_social,25-34,companion_fan
P01331,2026-02-21,NA,Android,creator,18-24,fashion_collector
P01332,2026-03-24,SEA,PC,organic,18-24,combat_explorer
P01333,2026-02-18,NA,Android,organic,25-34,combat_explorer
P01334,2026-04-03,SEA,Android,store_feature,25-34,fashion_collector
P01335,2026-03-03,EU,Android,paid_social,25-34,social_casual
P01336,2026-04-25,NA,Android,paid_social,18-24,combat_explorer
P01337,2026-03-15,NA,Android,paid_social,18-24,companion_fan
P01338,2026-02-04,SEA,Android,paid_social,25-34,combat_explorer
P01339,2026-03-31,EU,Android,organic,25-34,social_casual
P01340,2026-02-16,EU,Android,creator,25-34,fashion_collector
P01341,2026-03-03,NA,iOS,paid_social,25-34,combat_explorer
P01342,2026-01-16,SEA,PC,organic,35+,companion_fan
P01343,2026-01-14,SEA,iOS,organic,25-34,combat_explorer
P01344,2026-03-08,SEA,Android,paid_social,18-24,combat_explorer
P01345,2026-01-22,EU,Android,store_feature,25-34,social_casual
P01346,2026-04-25,SEA,PC,paid_social,25-34,combat_explorer
P01347,2026-04-09,NA,Android,organic,35+,companion_fan
P01348,2026-03-22,EU,Android,store_feature,18-24,companion_fan
P01349,2026-03-26,EU,PC,organic,25-34,companion_fan
P01350,2026-03-10,EU,PC,organic,18-24,social_casual
P01351,2026-01-07,SEA,Android,store_feature,25-34,combat_explorer
P01352,2026-02-15,SEA,iOS,paid_social,35+,fashion_collector
P01353,2026-02-27,EU,Android,store_feature,35+,fashion_collector
P01354,2026-04-16,EU,iOS,paid_social,18-24,combat_explorer
P01355,2026-01-26,SEA,Android,paid_social,18-24,companion_fan
P01356,2026-02-27,SEA,Android,organic,25-34,combat_explorer
P01357,2026-02-09,SEA,iOS,organic,25-34,fashion_collector
P01358,2026-01-16,NA,Android,store_feature,35+,fashion_collector
P01359,2026-01-12,NA,iOS,store_feature,18-24,combat_explorer
P01360,2026-02-12,SEA,Android,creator,35+,companion_fan
P01361,2026-01-10,SEA,PC,creator,25-34,fashion_collector
P01362,2026-01-08,EU,PC,organic,18-24,combat_explorer
P01363,2026-02-10,EU,iOS,organic,18-24,companion_fan
P01364,2026-01-24,EU,iOS,store_feature,25-34,social_casual
P01365,2026-03-05,EU,Android,organic,18-24,fashion_collector
P01366,2026-01-03,SEA,iOS,creator,25-34,social_casual
P01367,2026-02-04,NA,Android,store_feature,25-34,combat_explorer
P01368,2026-02-22,EU,PC,creator,25-34,companion_fan
P01369,2026-04-21,EU,PC,creator,18-24,fashion_collector
P01370,2026-03-14,SEA,PC,organic,35+,combat_explorer
P01371,2026-04-12,NA,PC,organic,25-34,companion_fan
P01372,2026-02-09,EU,PC,organic,25-34,fashion_collector
P01373,2026-02-21,NA,Android,organic,25-34,combat_explorer
P01374,2026-02-18,NA,PC,organic,25-34,combat_explorer
P01375,2026-04-13,EU,iOS,organic,35+,combat_explorer
P01376,2026-04-21,NA,Android,organic,25-34,fashion_collector
P01377,2026-04-21,SEA,iOS,organic,25-34,combat_explorer
P01378,2026-03-28,SEA,Android,store_feature,18-24,fashion_collector
P01379,2026-02-27,NA,Android,organic,18-24,social_casual
P01380,2026-03-04,SEA,Android,creator,25-34,social_casual
P01381,2026-04-23,EU,Android,store_feature,18-24,fashion_collector
P01382,2026-02-02,EU,iOS,organic,25-34,fashion_collector
P01383,2026-02-09,SEA,PC,creator,35+,fashion_collector
P01384,2026-04-14,EU,iOS,store_feature,18-24,combat_explorer
P01385,2026-02-14,NA,iOS,creator,18-24,social_casual
P01386,2026-01-28,NA,Android,organic,25-34,combat_explorer
P01387,2026-03-06,EU,Android,paid_social,18-24,fashion_collector
P01388,2026-02-07,SEA,Android,paid_social,25-34,fashion_collector
P01389,2026-04-13,EU,PC,creator,25-34,fashion_collector
P01390,2026-04-15,NA,Android,organic,25-34,companion_fan
P01391,2026-02-05,NA,iOS,organic,25-34,companion_fan
P01392,2026-03-02,SEA,iOS,paid_social,25-34,combat_explorer
P01393,2026-04-24,NA,iOS,organic,18-24,fashion_collector
P01394,2026-03-27,EU,PC,organic,18-24,social_casual
P01395,2026-01-25,EU,Android,creator,18-24,fashion_collector
P01396,2026-03-09,NA,PC,store_feature,35+,companion_fan
P01397,2026-03-13,NA,iOS,organic,18-24,social_casual
P01398,2026-03-17,EU,PC,organic,18-24,combat_explorer
P01399,2026-01-03,NA,iOS,creator,18-24,social_casual
P01400,2026-02-04,EU,PC,paid_social,18-24,fashion_collector
P01401,2026-04-09,SEA,PC,creator,18-24,companion_fan
P01402,2026-01-28,NA,Android,store_feature,25-34,fashion_collector
P01403,2026-02-04,EU,PC,organic,18-24,combat_explorer
P01404,2026-02-07,NA,iOS,creator,25-34,fashion_collector
P01405,2026-01-21,NA,Android,creator,18-24,fashion_collector
P01406,2026-01-18,SEA,PC,creator,25-34,fashion_collector
P01407,2026-02-09,SEA,Android,creator,18-24,fashion_collector
P01408,2026-04-11,SEA,iOS,paid_social,25-34,combat_explorer
P01409,2026-01-01,NA,Android,organic,35+,combat_explorer
P01410,2026-02-02,EU,Android,paid_social,18-24,fashion_collector
P01411,2026-01-07,EU,PC,organic,35+,social_casual
P01412,2026-03-06,SEA,Android,paid_social,18-24,social_casual
P01413,2026-01-29,EU,Android,creator,25-34,fashion_collector
P01414,2026-04-02,SEA,Android,creator,25-34,combat_explorer
P01415,2026-03-09,NA,iOS,organic,18-24,companion_fan
P01416,2026-04-01,EU,PC,store_feature,25-34,companion_fan
P01417,2026-03-15,SEA,PC,store_feature,18-24,combat_explorer
P01418,2026-02-20,NA,Android,paid_social,25-34,companion_fan
P01419,2026-04-10,EU,iOS,store_feature,18-24,fashion_collector
P01420,2026-02-24,EU,Android,organic,35+,fashion_collector
P01421,2026-04-20,SEA,iOS,creator,18-24,companion_fan
P01422,2026-04-25,NA,Android,organic,35+,companion_fan
P01423,2026-03-09,SEA,Android,store_feature,18-24,companion_fan
P01424,2026-03-19,EU,iOS,organic,25-34,fashion_collector
P01425,2026-01-30,EU,iOS,organic,18-24,fashion_collector
P01426,2026-04-04,EU,iOS,paid_social,18-24,fashion_collector
P01427,2026-03-19,NA,iOS,organic,18-24,fashion_collector
P01428,2026-04-14,SEA,PC,paid_social,25-34,fashion_collector
P01429,2026-01-31,SEA,iOS,organic,18-24,combat_explorer
P01430,2026-04-01,SEA,Android,paid_social,25-34,combat_explorer
P01431,2026-02-24,SEA,PC,store_feature,35+,companion_fan
P01432,2026-01-22,EU,PC,paid_social,18-24,combat_explorer
P01433,2026-01-20,EU,Android,organic,18-24,fashion_collector
P01434,2026-03-06,SEA,iOS,organic,18-24,companion_fan
P01435,2026-02-06,NA,Android,organic,18-24,fashion_collector
P01436,2026-01-12,SEA,iOS,organic,25-34,social_casual
P01437,2026-02-19,EU,Android,paid_social,25-34,fashion_collector
P01438,2026-03-17,EU,iOS,creator,18-24,combat_explorer
P01439,2026-02-06,NA,Android,organic,18-24,social_casual
P01440,2026-04-20,NA,iOS,organic,25-34,combat_explorer
P01441,2026-03-31,NA,PC,store_feature,18-24,combat_explorer
P01442,2026-02-28,EU,Android,organic,25-34,companion_fan
P01443,2026-04-18,EU,PC,organic,35+,fashion_collector
P01444,2026-02-19,NA,PC,creator,18-24,companion_fan
P01445,2026-01-17,NA,PC,organic,25-34,social_casual
P01446,2026-01-05,EU,Android,store_feature,25-34,social_casual
P01447,2026-04-18,NA,PC,organic,25-34,combat_explorer
P01448,2026-04-21,SEA,Android,paid_social,25-34,combat_explorer
P01449,2026-03-27,NA,Android,paid_social,25-34,companion_fan
P01450,2026-01-12,EU,PC,paid_social,25-34,combat_explorer
P01451,2026-02-03,NA,iOS,paid_social,25-34,fashion_collector
P01452,2026-01-05,EU,iOS,paid_social,25-34,fashion_collector
P01453,2026-01-06,EU,Android,creator,25-34,fashion_collector
P01454,2026-01-29,EU,PC,creator,25-34,combat_explorer
P01455,2026-03-07,EU,iOS,paid_social,18-24,fashion_collector
P01456,2026-01-08,EU,Android,paid_social,25-34,fashion_collector
P01457,2026-04-24,NA,PC,creator,18-24,fashion_collector
P01458,2026-02-22,EU,Android,organic,18-24,social_casual
P01459,2026-01-31,NA,Android,organic,18-24,fashion_collector
P01460,2026-03-01,EU,iOS,creator,18-24,fashion_collector
P01461,2026-04-01,EU,PC,organic,25-34,combat_explorer
P01462,2026-02-05,SEA,Android,creator,18-24,fashion_collector
P01463,2026-01-06,EU,Android,organic,25-34,social_casual
P01464,2026-01-06,NA,Android,paid_social,25-34,social_casual
P01465,2026-04-08,NA,PC,paid_social,18-24,combat_explorer
P01466,2026-01-13,NA,Android,paid_social,18-24,combat_explorer
P01467,2026-03-15,EU,iOS,paid_social,25-34,combat_explorer
P01468,2026-02-14,SEA,PC,organic,25-34,fashion_collector
P01469,2026-03-31,SEA,Android,organic,18-24,fashion_collector
P01470,2026-01-07,EU,iOS,paid_social,18-24,fashion_collector
P01471,2026-04-14,NA,iOS,paid_social,18-24,fashion_collector
P01472,2026-03-22,SEA,PC,paid_social,18-24,combat_explorer
P01473,2026-02-21,NA,Android,paid_social,18-24,fashion_collector
P01474,2026-01-24,EU,Android,paid_social,35+,fashion_collector
P01475,2026-04-23,SEA,Android,paid_social,18-24,combat_explorer
P01476,2026-02-04,EU,iOS,paid_social,18-24,combat_explorer
P01477,2026-02-26,NA,iOS,paid_social,35+,fashion_collector
P01478,2026-02-15,NA,Android,organic,25-34,fashion_collector
P01479,2026-01-27,EU,Android,organic,18-24,fashion_collector
P01480,2026-02-17,NA,PC,creator,25-34,fashion_collector
P01481,2026-01-18,EU,Android,creator,35+,companion_fan
P01482,2026-01-01,EU,Android,paid_social,18-24,social_casual
P01483,2026-02-03,NA,iOS,organic,18-24,combat_explorer
P01484,2026-01-13,NA,Android,organic,35+,combat_explorer
P01485,2026-02-17,SEA,Android,paid_social,25-34,companion_fan
P01486,2026-04-10,EU,Android,organic,35+,companion_fan
P01487,2026-01-19,EU,Android,paid_social,18-24,fashion_collector
P01488,2026-01-01,EU,iOS,organic,35+,fashion_collector
P01489,2026-01-13,NA,iOS,creator,18-24,combat_explorer
P01490,2026-02-28,EU,iOS,creator,25-34,combat_explorer
P01491,2026-02-01,EU,Android,organic,35+,fashion_collector
P01492,2026-02-26,EU,PC,organic,18-24,fashion_collector
P01493,2026-01-04,SEA,Android,organic,18-24,fashion_collector
P01494,2026-02-08,SEA,iOS,organic,25-34,fashion_collector
P01495,2026-02-17,SEA,Android,organic,35+,combat_explorer
P01496,2026-02-19,EU,iOS,paid_social,18-24,companion_fan
P01497,2026-03-05,EU,Android,organic,35+,combat_explorer
P01498,2026-03-31,EU,Android,creator,18-24,fashion_collector
P01499,2026-02-23,NA,iOS,organic,18-24,fashion_collector
P01500,2026-04-07,SEA,Android,store_feature,18-24,companion_fan
P01501,2026-03-02,SEA,Android,paid_social,35+,combat_explorer
P01502,2026-01-30,NA,iOS,store_feature,18-24,fashion_collector
P01503,2026-01-27,SEA,PC,store_feature,25-34,fashion_collector
P01504,2026-02-07,SEA,Android,organic,18-24,companion_fan
P01505,2026-03-10,EU,PC,paid_social,35+,companion_fan
P01506,2026-01-28,SEA,PC,organic,25-34,social_casual
P01507,2026-04-16,NA,PC,store_feature,18-24,combat_explorer
P01508,2026-02-25,NA,iOS,creator,18-24,combat_explorer
P01509,2026-04-10,NA,iOS,creator,18-24,combat_explorer
P01510,2026-03-20,EU,iOS,store_feature,18-24,fashion_collector
P01511,2026-02-08,NA,iOS,paid_social,25-34,companion_fan
P01512,2026-01-27,SEA,PC,store_feature,25-34,combat_explorer
P01513,2026-03-27,NA,Android,organic,18-24,fashion_collector
P01514,2026-02-08,NA,Android,organic,25-34,social_casual
P01515,2026-01-29,EU,Android,organic,25-34,combat_explorer
P01516,2026-04-17,NA,PC,creator,18-24,fashion_collector
P01517,2026-02-25,EU,Android,creator,18-24,fashion_collector
P01518,2026-01-06,NA,iOS,organic,18-24,social_casual
P01519,2026-02-26,SEA,PC,paid_social,25-34,social_casual
P01520,2026-02-22,EU,PC,organic,18-24,combat_explorer
P01521,2026-04-10,NA,Android,paid_social,25-34,social_casual
P01522,2026-03-23,NA,PC,store_feature,18-24,social_casual
P01523,2026-01-23,NA,PC,paid_social,25-34,companion_fan
P01524,2026-01-18,SEA,Android,creator,18-24,social_casual
P01525,2026-03-11,EU,iOS,organic,25-34,combat_explorer
P01526,2026-01-06,EU,Android,organic,18-24,companion_fan
P01527,2026-02-06,NA,iOS,paid_social,18-24,combat_explorer
P01528,2026-01-16,SEA,iOS,creator,18-24,companion_fan
P01529,2026-01-03,NA,Android,organic,25-34,fashion_collector
P01530,2026-04-16,EU,Android,store_feature,25-34,companion_fan
P01531,2026-01-11,SEA,Android,paid_social,18-24,social_casual
P01532,2026-01-02,NA,Android,store_feature,25-34,fashion_collector
P01533,2026-04-18,EU,iOS,creator,25-34,social_casual
P01534,2026-01-22,NA,Android,store_feature,25-34,combat_explorer
P01535,2026-04-04,NA,Android,organic,25-34,fashion_collector
P01536,2026-01-04,SEA,iOS,organic,18-24,fashion_collector
P01537,2026-01-18,EU,iOS,store_feature,25-34,companion_fan
P01538,2026-01-13,SEA,iOS,store_feature,25-34,combat_explorer
P01539,2026-03-23,EU,PC,creator,25-34,fashion_collector
P01540,2026-03-13,NA,Android,organic,18-24,combat_explorer
P01541,2026-02-24,EU,PC,organic,25-34,fashion_collector
P01542,2026-01-28,EU,Android,paid_social,18-24,combat_explorer
P01543,2026-01-11,NA,iOS,store_feature,25-34,social_casual
P01544,2026-03-07,EU,PC,creator,18-24,companion_fan
P01545,2026-01-27,EU,PC,organic,18-24,companion_fan
P01546,2026-03-09,EU,iOS,paid_social,25-34,combat_explorer
P01547,2026-03-21,NA,iOS,paid_social,35+,social_casual
P01548,2026-04-08,SEA,Android,creator,18-24,fashion_collector
P01549,2026-02-26,NA,iOS,paid_social,25-34,fashion_collector
P01550,2026-01-01,NA,iOS,store_feature,25-34,fashion_collector
P01551,2026-02-02,NA,PC,organic,35+,combat_explorer
P01552,2026-04-09,SEA,iOS,paid_social,25-34,combat_explorer
P01553,2026-03-03,NA,Android,paid_social,18-24,companion_fan
P01554,2026-03-13,EU,iOS,creator,18-24,fashion_collector
P01555,2026-02-22,NA,Android,store_feature,25-34,fashion_collector
P01556,2026-01-19,EU,Android,paid_social,18-24,companion_fan
P01557,2026-04-14,SEA,Android,creator,35+,social_casual
P01558,2026-03-30,NA,iOS,organic,35+,fashion_collector
P01559,2026-04-25,SEA,Android,paid_social,35+,fashion_collector
P01560,2026-04-09,NA,Android,organic,18-24,fashion_collector
P01561,2026-02-03,NA,Android,organic,25-34,combat_explorer
P01562,2026-01-30,EU,PC,creator,25-34,fashion_collector
P01563,2026-01-29,EU,iOS,paid_social,18-24,combat_explorer
P01564,2026-04-16,NA,Android,store_feature,18-24,companion_fan
P01565,2026-03-06,EU,Android,paid_social,18-24,combat_explorer
P01566,2026-02-22,NA,iOS,store_feature,18-24,combat_explorer
P01567,2026-04-22,EU,Android,creator,35+,fashion_collector
P01568,2026-03-11,EU,iOS,creator,35+,social_casual
P01569,2026-04-15,SEA,Android,store_feature,18-24,combat_explorer
P01570,2026-04-24,EU,PC,creator,25-34,fashion_collector
P01571,2026-01-10,EU,Android,paid_social,18-24,fashion_collector
P01572,2026-02-11,EU,iOS,creator,18-24,companion_fan
P01573,2026-03-26,NA,Android,organic,18-24,social_casual
P01574,2026-04-04,NA,PC,paid_social,25-34,fashion_collector
P01575,2026-01-18,SEA,PC,organic,25-34,fashion_collector
P01576,2026-02-06,NA,iOS,organic,35+,fashion_collector
P01577,2026-03-05,SEA,Android,organic,35+,combat_explorer
P01578,2026-04-02,NA,Android,organic,18-24,social_casual
P01579,2026-01-13,SEA,PC,creator,25-34,combat_explorer
P01580,2026-03-11,NA,iOS,store_feature,18-24,combat_explorer
P01581,2026-02-04,SEA,Android,creator,18-24,companion_fan
P01582,2026-01-25,EU,Android,store_feature,25-34,companion_fan
P01583,2026-03-01,NA,Android,creator,18-24,fashion_collector
P01584,2026-02-17,EU,PC,organic,18-24,fashion_collector
P01585,2026-03-15,EU,iOS,organic,18-24,combat_explorer
P01586,2026-02-06,NA,iOS,store_feature,18-24,companion_fan
P01587,2026-04-05,NA,iOS,paid_social,35+,companion_fan
P01588,2026-01-09,EU,Android,store_feature,18-24,companion_fan
P01589,2026-04-10,EU,Android,organic,25-34,companion_fan
P01590,2026-01-04,NA,Android,paid_social,35+,fashion_collector
P01591,2026-03-26,SEA,iOS,paid_social,25-34,fashion_collector
P01592,2026-02-09,NA,Android,store_feature,18-24,fashion_collector
P01593,2026-02-14,NA,Android,organic,35+,social_casual
P01594,2026-01-03,EU,Android,store_feature,18-24,combat_explorer
P01595,2026-03-22,NA,Android,creator,18-24,fashion_collector
P01596,2026-01-20,NA,iOS,paid_social,25-34,fashion_collector
P01597,2026-03-17,EU,Android,creator,18-24,companion_fan
P01598,2026-03-25,NA,Android,paid_social,25-34,companion_fan
P01599,2026-04-08,NA,iOS,creator,18-24,companion_fan
P01600,2026-03-23,EU,Android,paid_social,25-34,fashion_collector
P01601,2026-02-04,EU,Android,organic,25-34,social_casual
P01602,2026-03-26,SEA,Android,creator,35+,companion_fan
P01603,2026-04-05,EU,PC,paid_social,18-24,companion_fan
P01604,2026-02-06,EU,Android,paid_social,18-24,companion_fan
P01605,2026-01-15,NA,iOS,creator,35+,social_casual
P01606,2026-04-13,SEA,PC,paid_social,25-34,social_casual
P01607,2026-01-18,NA,iOS,creator,18-24,combat_explorer
P01608,2026-03-10,NA,Android,paid_social,18-24,combat_explorer
P01609,2026-01-28,SEA,iOS,paid_social,25-34,combat_explorer
P01610,2026-01-15,EU,Android,paid_social,25-34,companion_fan
P01611,2026-03-31,EU,Android,paid_social,25-34,companion_fan
P01612,2026-01-17,NA,iOS,creator,35+,fashion_collector
P01613,2026-03-19,NA,Android,organic,18-24,fashion_collector
P01614,2026-03-21,EU,Android,paid_social,18-24,social_casual
P01615,2026-01-07,EU,Android,organic,25-34,social_casual
P01616,2026-01-20,EU,Android,organic,35+,social_casual
P01617,2026-04-02,NA,Android,paid_social,18-24,combat_explorer
P01618,2026-02-28,NA,iOS,creator,25-34,companion_fan
P01619,2026-01-14,EU,PC,creator,18-24,companion_fan
P01620,2026-04-25,EU,Android,store_feature,18-24,fashion_collector
P01621,2026-01-31,NA,iOS,organic,35+,fashion_collector
P01622,2026-01-01,NA,Android,organic,18-24,social_casual
P01623,2026-04-17,NA,Android,organic,18-24,fashion_collector
P01624,2026-01-02,NA,Android,organic,25-34,combat_explorer
P01625,2026-03-05,EU,Android,paid_social,18-24,companion_fan
P01626,2026-04-25,NA,Android,paid_social,18-24,companion_fan
P01627,2026-03-08,EU,Android,paid_social,25-34,fashion_collector
P01628,2026-03-09,SEA,Android,organic,18-24,companion_fan
P01629,2026-02-14,SEA,iOS,creator,25-34,fashion_collector
P01630,2026-01-15,SEA,Android,organic,18-24,companion_fan
P01631,2026-03-07,NA,Android,paid_social,18-24,fashion_collector
P01632,2026-04-14,NA,Android,paid_social,25-34,companion_fan
P01633,2026-01-11,NA,iOS,organic,18-24,companion_fan
P01634,2026-04-12,EU,Android,paid_social,35+,fashion_collector
P01635,2026-02-17,NA,iOS,paid_social,35+,fashion_collector
P01636,2026-03-03,NA,Android,organic,35+,companion_fan
P01637,2026-01-20,NA,Android,paid_social,18-24,fashion_collector
P01638,2026-03-13,NA,PC,paid_social,18-24,fashion_collector
P01639,2026-01-21,EU,Android,organic,35+,combat_explorer
P01640,2026-02-01,EU,Android,organic,25-34,social_casual
P01641,2026-03-24,EU,Android,paid_social,25-34,combat_explorer
P01642,2026-01-06,SEA,PC,store_feature,25-34,combat_explorer
P01643,2026-02-21,NA,iOS,paid_social,18-24,social_casual
P01644,2026-03-10,NA,iOS,paid_social,18-24,combat_explorer
P01645,2026-01-16,EU,PC,paid_social,25-34,combat_explorer
P01646,2026-02-03,EU,Android,creator,25-34,combat_explorer
P01647,2026-02-09,EU,PC,organic,18-24,fashion_collector
P01648,2026-03-18,NA,Android,creator,25-34,fashion_collector
P01649,2026-04-23,SEA,iOS,store_feature,25-34,companion_fan
P01650,2026-04-07,NA,Android,paid_social,18-24,fashion_collector
P01651,2026-01-22,NA,Android,store_feature,18-24,companion_fan
P01652,2026-01-03,EU,PC,organic,25-34,fashion_collector
P01653,2026-01-06,SEA,Android,creator,25-34,combat_explorer
P01654,2026-03-10,EU,PC,paid_social,35+,fashion_collector
P01655,2026-01-18,SEA,Android,organic,18-24,combat_explorer
P01656,2026-01-27,NA,iOS,organic,35+,companion_fan
P01657,2026-04-08,EU,PC,paid_social,25-34,combat_explorer
P01658,2026-04-11,SEA,Android,paid_social,25-34,fashion_collector
P01659,2026-04-07,EU,PC,paid_social,18-24,fashion_collector
P01660,2026-01-30,NA,iOS,organic,18-24,companion_fan
P01661,2026-03-13,SEA,iOS,creator,25-34,fashion_collector
P01662,2026-03-12,NA,Android,organic,18-24,companion_fan
P01663,2026-01-22,EU,iOS,organic,18-24,fashion_collector
P01664,2026-03-05,SEA,iOS,creator,35+,fashion_collector
P01665,2026-03-02,SEA,Android,organic,18-24,companion_fan
P01666,2026-02-15,SEA,Android,store_feature,35+,combat_explorer
P01667,2026-03-28,SEA,Android,creator,25-34,fashion_collector
P01668,2026-03-19,NA,PC,organic,35+,social_casual
P01669,2026-03-03,SEA,Android,organic,18-24,fashion_collector
P01670,2026-03-25,EU,iOS,paid_social,25-34,combat_explorer
P01671,2026-03-29,EU,PC,organic,25-34,combat_explorer
P01672,2026-03-07,EU,Android,organic,35+,combat_explorer
P01673,2026-01-31,SEA,Android,creator,18-24,companion_fan
P01674,2026-03-29,EU,iOS,organic,18-24,fashion_collector
P01675,2026-03-24,SEA,Android,paid_social,35+,social_casual
P01676,2026-04-24,NA,iOS,creator,18-24,companion_fan
P01677,2026-01-18,NA,iOS,organic,25-34,social_casual
P01678,2026-02-18,EU,iOS,paid_social,18-24,companion_fan
P01679,2026-04-17,NA,Android,creator,18-24,social_casual
P01680,2026-03-01,EU,iOS,paid_social,25-34,combat_explorer
P01681,2026-04-19,NA,iOS,organic,25-34,combat_explorer
P01682,2026-01-02,EU,Android,paid_social,25-34,combat_explorer
P01683,2026-01-05,NA,iOS,organic,25-34,companion_fan
P01684,2026-04-02,NA,PC,creator,25-34,combat_explorer
P01685,2026-02-11,EU,iOS,organic,35+,companion_fan
P01686,2026-03-01,NA,iOS,store_feature,18-24,fashion_collector
P01687,2026-02-19,NA,Android,organic,18-24,companion_fan
P01688,2026-02-16,NA,Android,store_feature,18-24,fashion_collector
P01689,2026-04-19,NA,Android,store_feature,25-34,social_casual
P01690,2026-01-11,EU,Android,creator,18-24,fashion_collector
P01691,2026-03-30,NA,PC,organic,25-34,fashion_collector
P01692,2026-04-13,NA,Android,creator,25-34,companion_fan
P01693,2026-03-17,EU,PC,store_feature,25-34,companion_fan
P01694,2026-02-15,EU,Android,paid_social,25-34,companion_fan
P01695,2026-01-19,EU,Android,creator,25-34,social_casual
P01696,2026-03-20,NA,Android,organic,25-34,fashion_collector
P01697,2026-02-23,SEA,Android,store_feature,18-24,companion_fan
P01698,2026-01-18,EU,PC,organic,25-34,combat_explorer
P01699,2026-02-11,NA,PC,organic,18-24,combat_explorer
P01700,2026-04-21,SEA,PC,organic,35+,combat_explorer
P01701,2026-01-31,EU,Android,creator,18-24,fashion_collector
P01702,2026-01-21,EU,iOS,store_feature,18-24,combat_explorer
P01703,2026-03-20,SEA,Android,paid_social,18-24,companion_fan
P01704,2026-01-23,NA,PC,organic,25-34,fashion_collector
P01705,2026-04-16,SEA,iOS,creator,35+,social_casual
P01706,2026-04-09,EU,Android,paid_social,18-24,combat_explorer
P01707,2026-04-24,NA,Android,creator,18-24,fashion_collector
P01708,2026-04-15,NA,Android,organic,18-24,companion_fan
P01709,2026-01-29,NA,Android,creator,35+,fashion_collector
P01710,2026-01-25,SEA,PC,paid_social,35+,fashion_collector
P01711,2026-02-09,NA,PC,store_feature,18-24,companion_fan
P01712,2026-02-24,NA,PC,paid_social,25-34,fashion_collector
P01713,2026-04-12,EU,Android,organic,25-34,fashion_collector
P01714,2026-03-26,EU,iOS,paid_social,25-34,companion_fan
P01715,2026-03-16,NA,Android,organic,25-34,fashion_collector
P01716,2026-04-12,SEA,iOS,store_feature,25-34,companion_fan
P01717,2026-03-16,EU,Android,creator,25-34,companion_fan
P01718,2026-02-13,SEA,Android,organic,18-24,fashion_collector
P01719,2026-02-17,NA,iOS,creator,18-24,combat_explorer
P01720,2026-03-01,NA,Android,organic,18-24,fashion_collector
P01721,2026-01-11,EU,Android,organic,18-24,companion_fan
P01722,2026-03-27,NA,iOS,paid_social,18-24,fashion_collector
P01723,2026-03-17,EU,Android,paid_social,25-34,social_casual
P01724,2026-03-26,NA,PC,paid_social,35+,fashion_collector
P01725,2026-03-03,SEA,iOS,creator,18-24,companion_fan
P01726,2026-04-01,SEA,PC,organic,18-24,fashion_collector
P01727,2026-04-20,SEA,iOS,creator,25-34,fashion_collector
P01728,2026-03-07,SEA,iOS,creator,25-34,combat_explorer
P01729,2026-02-21,SEA,iOS,organic,18-24,combat_explorer
P01730,2026-01-13,EU,PC,store_feature,25-34,social_casual
P01731,2026-03-31,EU,iOS,store_feature,18-24,fashion_collector
P01732,2026-04-14,SEA,Android,organic,18-24,fashion_collector
P01733,2026-03-22,SEA,Android,paid_social,25-34,combat_explorer
P01734,2026-04-10,SEA,iOS,paid_social,25-34,combat_explorer
P01735,2026-04-10,SEA,Android,organic,18-24,social_casual
P01736,2026-04-02,NA,Android,paid_social,25-34,social_casual
P01737,2026-02-27,SEA,Android,organic,35+,social_casual
P01738,2026-01-12,SEA,iOS,organic,18-24,fashion_collector
P01739,2026-01-01,EU,Android,store_feature,25-34,combat_explorer
P01740,2026-01-24,SEA,iOS,paid_social,18-24,companion_fan
P01741,2026-02-19,EU,PC,organic,25-34,fashion_collector
P01742,2026-03-27,SEA,PC,creator,18-24,companion_fan
P01743,2026-02-22,NA,Android,store_feature,18-24,fashion_collector
P01744,2026-01-03,SEA,iOS,creator,18-24,fashion_collector
P01745,2026-01-25,NA,iOS,store_feature,25-34,social_casual
P01746,2026-04-23,NA,iOS,store_feature,18-24,fashion_collector
P01747,2026-04-24,NA,iOS,creator,35+,social_casual
P01748,2026-02-13,EU,Android,paid_social,18-24,fashion_collector
P01749,2026-04-03,NA,PC,paid_social,35+,fashion_collector
P01750,2026-03-24,SEA,Android,paid_social,25-34,fashion_collector
P01751,2026-04-18,EU,PC,creator,18-24,fashion_collector
P01752,2026-04-13,SEA,iOS,organic,25-34,combat_explorer
P01753,2026-03-14,NA,Android,organic,25-34,fashion_collector
P01754,2026-02-15,NA,iOS,paid_social,25-34,companion_fan
P01755,2026-03-14,SEA,Android,paid_social,18-24,social_casual
P01756,2026-02-06,EU,iOS,paid_social,25-34,combat_explorer
P01757,2026-02-10,EU,iOS,paid_social,25-34,fashion_collector
P01758,2026-03-12,SEA,Android,organic,18-24,combat_explorer
P01759,2026-03-07,SEA,Android,organic,25-34,companion_fan
P01760,2026-03-08,EU,iOS,paid_social,18-24,combat_explorer
P01761,2026-02-14,SEA,Android,creator,25-34,fashion_collector
P01762,2026-02-17,EU,PC,paid_social,25-34,combat_explorer
P01763,2026-01-02,EU,iOS,organic,35+,combat_explorer
P01764,2026-03-11,NA,iOS,creator,18-24,fashion_collector
P01765,2026-03-08,NA,Android,store_feature,18-24,fashion_collector
P01766,2026-04-18,NA,iOS,organic,18-24,social_casual
P01767,2026-02-27,SEA,PC,organic,25-34,fashion_collector
P01768,2026-02-23,EU,Android,paid_social,25-34,fashion_collector
P01769,2026-01-08,NA,Android,paid_social,18-24,fashion_collector
P01770,2026-01-23,EU,Android,store_feature,18-24,combat_explorer
P01771,2026-02-08,NA,Android,store_feature,35+,combat_explorer
P01772,2026-02-13,NA,iOS,paid_social,25-34,fashion_collector
P01773,2026-02-11,SEA,iOS,organic,25-34,combat_explorer
P01774,2026-02-15,EU,iOS,creator,18-24,companion_fan
P01775,2026-03-30,NA,Android,store_feature,18-24,fashion_collector
P01776,2026-01-16,EU,Android,creator,18-24,social_casual
P01777,2026-02-08,EU,Android,store_feature,18-24,fashion_collector
P01778,2026-01-19,EU,PC,paid_social,25-34,fashion_collector
P01779,2026-02-05,SEA,iOS,organic,18-24,social_casual
P01780,2026-03-20,EU,Android,creator,18-24,companion_fan
P01781,2026-01-06,EU,iOS,paid_social,18-24,combat_explorer
P01782,2026-02-09,NA,Android,organic,18-24,companion_fan
P01783,2026-01-03,EU,Android,creator,18-24,combat_explorer
P01784,2026-04-20,NA,Android,paid_social,18-24,combat_explorer
P01785,2026-03-25,NA,PC,organic,18-24,companion_fan
P01786,2026-01-29,SEA,iOS,creator,25-34,companion_fan
P01787,2026-01-23,EU,iOS,paid_social,35+,fashion_collector
P01788,2026-01-12,EU,Android,paid_social,25-34,combat_explorer
P01789,2026-02-24,NA,Android,creator,18-24,combat_explorer
P01790,2026-03-28,SEA,iOS,store_feature,35+,fashion_collector
P01791,2026-03-09,NA,Android,store_feature,35+,social_casual
P01792,2026-04-12,EU,PC,creator,25-34,combat_explorer
P01793,2026-02-09,SEA,iOS,organic,18-24,combat_explorer
P01794,2026-02-01,EU,Android,paid_social,25-34,combat_explorer
P01795,2026-02-24,SEA,iOS,organic,35+,combat_explorer
P01796,2026-01-24,NA,PC,store_feature,25-34,fashion_collector
P01797,2026-04-23,EU,Android,paid_social,25-34,social_casual
P01798,2026-01-22,SEA,iOS,creator,25-34,companion_fan
P01799,2026-02-25,EU,PC,creator,35+,companion_fan
P01800,2026-03-02,EU,Android,creator,18-24,combat_explorer
P01801,2026-01-07,EU,PC,store_feature,18-24,fashion_collector
P01802,2026-02-23,SEA,Android,organic,35+,fashion_collector
P01803,2026-02-22,SEA,iOS,store_feature,18-24,combat_explorer
P01804,2026-01-30,EU,iOS,organic,18-24,fashion_collector
P01805,2026-01-15,SEA,iOS,paid_social,18-24,companion_fan
P01806,2026-01-06,EU,iOS,store_feature,18-24,social_casual
P01807,2026-01-01,EU,iOS,creator,18-24,fashion_collector
P01808,2026-02-25,NA,Android,organic,25-34,fashion_collector
P01809,2026-01-11,EU,Android,paid_social,18-24,companion_fan
P01810,2026-04-21,SEA,Android,store_feature,25-34,fashion_collector
P01811,2026-01-29,EU,iOS,organic,18-24,social_casual
P01812,2026-03-17,NA,Android,creator,35+,combat_explorer
P01813,2026-03-19,EU,Android,paid_social,25-34,fashion_collector
P01814,2026-02-26,SEA,PC,organic,35+,fashion_collector
P01815,2026-04-12,SEA,Android,paid_social,18-24,social_casual
P01816,2026-01-13,NA,Android,creator,18-24,fashion_collector
P01817,2026-01-27,NA,Android,organic,25-34,companion_fan
P01818,2026-01-30,EU,Android,paid_social,25-34,fashion_collector
P01819,2026-01-16,NA,iOS,organic,18-24,fashion_collector
P01820,2026-02-03,SEA,Android,store_feature,25-34,social_casual
P01821,2026-02-05,EU,Android,paid_social,25-34,fashion_collector
P01822,2026-03-29,EU,PC,creator,18-24,fashion_collector
P01823,2026-02-04,NA,PC,creator,25-34,combat_explorer
P01824,2026-04-11,EU,iOS,creator,18-24,social_casual
P01825,2026-03-30,SEA,PC,paid_social,18-24,fashion_collector
P01826,2026-04-14,EU,PC,paid_social,35+,fashion_collector
P01827,2026-01-13,NA,Android,paid_social,25-34,social_casual
P01828,2026-04-24,NA,iOS,creator,25-34,companion_fan
P01829,2026-03-12,SEA,iOS,organic,25-34,social_casual
P01830,2026-04-23,SEA,Android,organic,35+,companion_fan
P01831,2026-02-10,NA,Android,paid_social,18-24,companion_fan
P01832,2026-04-20,EU,Android,creator,18-24,combat_explorer
P01833,2026-03-09,NA,iOS,creator,18-24,fashion_collector
P01834,2026-01-09,EU,iOS,creator,25-34,companion_fan
P01835,2026-02-17,NA,iOS,creator,25-34,companion_fan
P01836,2026-01-16,SEA,Android,paid_social,25-34,social_casual
P01837,2026-04-19,SEA,Android,paid_social,18-24,combat_explorer
P01838,2026-02-05,NA,Android,store_feature,18-24,fashion_collector
P01839,2026-01-26,EU,iOS,organic,35+,combat_explorer
P01840,2026-03-05,NA,PC,paid_social,25-34,combat_explorer
P01841,2026-02-18,NA,PC,organic,18-24,combat_explorer
P01842,2026-01-12,NA,PC,paid_social,25-34,companion_fan
P01843,2026-04-04,NA,PC,paid_social,25-34,combat_explorer
P01844,2026-04-08,SEA,PC,creator,25-34,fashion_collector
P01845,2026-03-27,NA,Android,paid_social,18-24,combat_explorer
P01846,2026-03-12,SEA,Android,creator,25-34,companion_fan
P01847,2026-02-16,NA,Android,organic,18-24,social_casual
P01848,2026-03-04,EU,Android,creator,18-24,combat_explorer
P01849,2026-03-01,EU,Android,organic,25-34,combat_explorer
P01850,2026-01-20,SEA,Android,store_feature,18-24,combat_explorer
P01851,2026-01-10,NA,PC,paid_social,18-24,combat_explorer
P01852,2026-01-30,NA,Android,paid_social,18-24,fashion_collector
P01853,2026-02-22,EU,PC,store_feature,18-24,social_casual
P01854,2026-01-19,EU,iOS,paid_social,25-34,social_casual
P01855,2026-01-13,EU,iOS,creator,18-24,combat_explorer
P01856,2026-04-08,NA,iOS,organic,25-34,combat_explorer
P01857,2026-02-13,NA,Android,creator,35+,fashion_collector
P01858,2026-03-09,SEA,iOS,store_feature,18-24,combat_explorer
P01859,2026-03-02,EU,Android,store_feature,25-34,combat_explorer
P01860,2026-03-26,EU,PC,paid_social,18-24,companion_fan
P01861,2026-03-27,NA,Android,organic,18-24,fashion_collector
P01862,2026-02-04,NA,Android,organic,18-24,companion_fan
P01863,2026-04-08,SEA,iOS,store_feature,18-24,fashion_collector
P01864,2026-02-12,EU,iOS,organic,18-24,companion_fan
P01865,2026-04-07,NA,Android,paid_social,18-24,companion_fan
P01866,2026-02-16,SEA,iOS,creator,35+,fashion_collector
P01867,2026-01-13,EU,Android,organic,25-34,combat_explorer
P01868,2026-03-29,NA,iOS,paid_social,35+,companion_fan
P01869,2026-01-04,EU,Android,store_feature,25-34,combat_explorer
P01870,2026-03-30,EU,Android,paid_social,25-34,fashion_collector
P01871,2026-01-05,NA,Android,creator,18-24,combat_explorer
P01872,2026-01-24,EU,Android,creator,25-34,fashion_collector
P01873,2026-03-11,EU,Android,store_feature,18-24,companion_fan
P01874,2026-04-19,NA,Android,paid_social,35+,combat_explorer
P01875,2026-02-16,SEA,Android,creator,35+,fashion_collector
P01876,2026-01-14,NA,Android,paid_social,18-24,combat_explorer
P01877,2026-01-27,EU,iOS,organic,25-34,companion_fan
P01878,2026-04-14,EU,Android,organic,25-34,companion_fan
P01879,2026-03-25,EU,iOS,store_feature,25-34,fashion_collector
P01880,2026-01-12,EU,PC,paid_social,18-24,fashion_collector
P01881,2026-02-14,EU,Android,organic,25-34,combat_explorer
P01882,2026-01-31,SEA,PC,organic,25-34,fashion_collector
P01883,2026-01-21,SEA,Android,store_feature,18-24,combat_explorer
P01884,2026-04-08,SEA,Android,paid_social,25-34,fashion_collector
P01885,2026-03-13,NA,iOS,paid_social,18-24,fashion_collector
P01886,2026-01-21,EU,iOS,organic,35+,companion_fan
P01887,2026-03-16,EU,PC,store_feature,18-24,fashion_collector
P01888,2026-02-17,NA,Android,store_feature,18-24,companion_fan
P01889,2026-01-08,SEA,iOS,creator,18-24,fashion_collector
P01890,2026-02-21,NA,Android,organic,25-34,combat_explorer
P01891,2026-01-22,NA,Android,paid_social,25-34,combat_explorer
P01892,2026-01-29,NA,Android,paid_social,18-24,companion_fan
P01893,2026-04-12,NA,PC,paid_social,18-24,companion_fan
P01894,2026-03-23,NA,Android,store_feature,25-34,combat_explorer
P01895,2026-01-16,EU,PC,paid_social,18-24,companion_fan
P01896,2026-04-08,EU,iOS,organic,18-24,fashion_collector
P01897,2026-03-08,NA,iOS,creator,35+,combat_explorer
P01898,2026-04-11,NA,iOS,paid_social,18-24,fashion_collector
P01899,2026-03-27,SEA,PC,organic,25-34,combat_explorer
P01900,2026-02-09,NA,Android,organic,18-24,fashion_collector
P01901,2026-03-03,EU,Android,paid_social,25-34,social_casual
P01902,2026-03-03,EU,iOS,creator,25-34,combat_explorer
P01903,2026-03-24,EU,Android,paid_social,18-24,combat_explorer
P01904,2026-01-29,SEA,Android,organic,25-34,combat_explorer
P01905,2026-02-08,EU,Android,organic,35+,fashion_collector
P01906,2026-01-29,SEA,Android,organic,25-34,fashion_collector
P01907,2026-02-04,SEA,Android,paid_social,18-24,social_casual
P01908,2026-01-19,NA,Android,paid_social,25-34,companion_fan
P01909,2026-01-05,NA,PC,creator,35+,fashion_collector
P01910,2026-04-19,NA,Android,creator,18-24,companion_fan
P01911,2026-01-09,EU,PC,organic,18-24,combat_explorer
P01912,2026-04-13,EU,PC,paid_social,18-24,fashion_collector
P01913,2026-01-01,NA,Android,store_feature,25-34,combat_explorer
P01914,2026-03-31,NA,iOS,paid_social,18-24,fashion_collector
P01915,2026-02-07,EU,iOS,organic,18-24,fashion_collector
P01916,2026-03-01,EU,iOS,paid_social,25-34,companion_fan
P01917,2026-02-02,EU,Android,organic,18-24,fashion_collector
P01918,2026-02-26,SEA,Android,organic,18-24,social_casual
P01919,2026-02-21,NA,Android,organic,25-34,companion_fan
P01920,2026-03-02,EU,iOS,organic,18-24,companion_fan
P01921,2026-02-15,SEA,PC,organic,35+,combat_explorer
P01922,2026-03-03,EU,iOS,paid_social,18-24,social_casual
P01923,2026-04-05,EU,iOS,organic,35+,combat_explorer
P01924,2026-02-19,EU,PC,paid_social,25-34,combat_explorer
P01925,2026-02-11,NA,iOS,store_feature,18-24,combat_explorer
P01926,2026-01-16,SEA,Android,paid_social,18-24,social_casual
P01927,2026-02-11,EU,PC,creator,25-34,fashion_collector
P01928,2026-01-15,EU,Android,paid_social,18-24,combat_explorer
P01929,2026-01-21,EU,Android,organic,18-24,companion_fan
P01930,2026-04-20,EU,iOS,creator,35+,combat_explorer
P01931,2026-01-11,NA,PC,creator,25-34,social_casual
P01932,2026-02-25,SEA,Android,paid_social,35+,combat_explorer
P01933,2026-04-06,EU,iOS,paid_social,18-24,fashion_collector
P01934,2026-04-20,NA,Android,store_feature,18-24,combat_explorer
P01935,2026-01-17,EU,Android,paid_social,25-34,combat_explorer
P01936,2026-01-19,SEA,Android,creator,18-24,fashion_collector
P01937,2026-02-12,NA,iOS,paid_social,18-24,fashion_collector
P01938,2026-03-05,EU,PC,store_feature,18-24,fashion_collector
P01939,2026-04-21,EU,Android,creator,18-24,companion_fan
P01940,2026-01-24,SEA,Android,store_feature,25-34,social_casual
P01941,2026-01-19,EU,Android,store_feature,18-24,combat_explorer
P01942,2026-01-30,SEA,Android,creator,35+,fashion_collector
P01943,2026-04-11,NA,iOS,organic,18-24,combat_explorer
P01944,2026-01-04,SEA,iOS,organic,18-24,social_casual
P01945,2026-02-13,SEA,iOS,paid_social,18-24,companion_fan
P01946,2026-01-14,EU,Android,organic,25-34,fashion_collector
P01947,2026-01-19,EU,iOS,creator,35+,fashion_collector
P01948,2026-04-16,NA,Android,paid_social,35+,social_casual
P01949,2026-01-01,EU,Android,store_feature,18-24,social_casual
P01950,2026-02-06,NA,PC,store_feature,18-24,fashion_collector
P01951,2026-04-16,NA,iOS,paid_social,25-34,companion_fan
P01952,2026-03-11,SEA,PC,creator,18-24,fashion_collector
P01953,2026-01-09,NA,PC,organic,25-34,fashion_collector
P01954,2026-02-23,EU,iOS,paid_social,18-24,companion_fan
P01955,2026-04-22,NA,PC,organic,18-24,combat_explorer
P01956,2026-02-16,NA,Android,paid_social,18-24,combat_explorer
P01957,2026-03-02,EU,Android,store_feature,18-24,social_casual
P01958,2026-03-03,NA,Android,creator,35+,companion_fan
P01959,2026-03-17,EU,Android,paid_social,25-34,fashion_collector
P01960,2026-01-22,SEA,Android,paid_social,35+,combat_explorer
P01961,2026-04-07,EU,Android,paid_social,25-34,companion_fan
P01962,2026-04-24,SEA,iOS,creator,18-24,combat_explorer
P01963,2026-01-17,EU,PC,creator,25-34,social_casual
P01964,2026-04-05,EU,iOS,organic,18-24,companion_fan
P01965,2026-04-04,NA,Android,paid_social,25-34,fashion_collector
P01966,2026-03-27,NA,iOS,organic,18-24,fashion_collector
P01967,2026-02-12,SEA,Android,creator,35+,companion_fan
P01968,2026-02-23,EU,Android,paid_social,25-34,social_casual
P01969,2026-04-07,EU,Android,organic,25-34,fashion_collector
P01970,2026-01-18,SEA,Android,paid_social,25-34,fashion_collector
P01971,2026-04-06,NA,Android,organic,25-34,companion_fan
P01972,2026-04-16,SEA,PC,organic,25-34,fashion_collector
P01973,2026-03-20,NA,iOS,organic,25-34,fashion_collector
P01974,2026-02-09,SEA,iOS,organic,18-24,social_casual
P01975,2026-03-06,NA,Android,store_feature,25-34,companion_fan
P01976,2026-01-06,NA,PC,store_feature,18-24,social_casual
P01977,2026-04-18,EU,iOS,paid_social,25-34,companion_fan
P01978,2026-02-09,NA,Android,paid_social,25-34,fashion_collector
P01979,2026-01-07,SEA,iOS,paid_social,18-24,social_casual
P01980,2026-04-02,EU,iOS,store_feature,25-34,fashion_collector
P01981,2026-03-17,NA,Android,creator,25-34,fashion_collector
P01982,2026-03-13,NA,Android,organic,25-34,social_casual
P01983,2026-01-07,SEA,iOS,paid_social,25-34,companion_fan
P01984,2026-03-28,EU,Android,store_feature,25-34,social_casual
P01985,2026-03-15,SEA,Android,organic,25-34,fashion_collector
P01986,2026-04-02,NA,Android,creator,18-24,social_casual
P01987,2026-04-06,SEA,PC,creator,18-24,combat_explorer
P01988,2026-01-25,EU,Android,creator,25-34,companion_fan
P01989,2026-01-25,EU,Android,paid_social,18-24,social_casual
P01990,2026-04-17,NA,Android,creator,18-24,combat_explorer
P01991,2026-03-03,NA,PC,store_feature,18-24,companion_fan
P01992,2026-02-20,SEA,iOS,paid_social,18-24,companion_fan
P01993,2026-02-03,SEA,PC,organic,35+,companion_fan
P01994,2026-03-15,NA,Android,paid_social,18-24,social_casual
P01995,2026-03-28,SEA,Android,paid_social,18-24,companion_fan
P01996,2026-01-01,NA,iOS,creator,35+,fashion_collector
P01997,2026-03-05,NA,Android,creator,35+,fashion_collector
P01998,2026-04-25,NA,PC,paid_social,18-24,social_casual
P01999,2026-02-02,EU,PC,creator,35+,social_casual
P02000,2026-02-02,NA,iOS,organic,18-24,social_casual
P02001,2026-04-11,EU,PC,organic,25-34,fashion_collector
P02002,2026-01-08,NA,iOS,organic,18-24,combat_explorer
P02003,2026-02-15,EU,Android,paid_social,18-24,companion_fan
P02004,2026-02-22,SEA,iOS,organic,18-24,companion_fan
P02005,2026-04-02,EU,Android,paid_social,25-34,fashion_collector
P02006,2026-01-15,NA,PC,creator,18-24,combat_explorer
P02007,2026-02-19,SEA,Android,paid_social,25-34,fashion_collector
P02008,2026-01-18,NA,Android,creator,25-34,combat_explorer
P02009,2026-04-01,SEA,iOS,store_feature,18-24,fashion_collector
P02010,2026-03-14,EU,Android,store_feature,35+,fashion_collector
P02011,2026-02-27,NA,Android,organic,18-24,fashion_collector
P02012,2026-02-15,NA,iOS,paid_social,18-24,social_casual
P02013,2026-01-18,SEA,Android,organic,18-24,companion_fan
P02014,2026-04-17,SEA,iOS,paid_social,18-24,social_casual
P02015,2026-03-16,EU,Android,paid_social,18-24,combat_explorer
P02016,2026-02-06,SEA,Android,organic,25-34,combat_explorer
P02017,2026-02-17,SEA,Android,organic,25-34,combat_explorer
P02018,2026-03-25,NA,iOS,creator,18-24,combat_explorer
P02019,2026-03-24,EU,PC,paid_social,18-24,combat_explorer
P02020,2026-02-23,NA,Android,paid_social,25-34,companion_fan
P02021,2026-02-04,EU,PC,organic,18-24,companion_fan
P02022,2026-03-17,NA,iOS,organic,25-34,social_casual
P02023,2026-03-17,SEA,iOS,creator,35+,fashion_collector
P02024,2026-03-10,EU,iOS,paid_social,18-24,combat_explorer
P02025,2026-01-09,NA,iOS,organic,25-34,fashion_collector
P02026,2026-02-24,NA,PC,organic,35+,fashion_collector
P02027,2026-03-12,EU,iOS,store_feature,25-34,companion_fan
P02028,2026-04-20,EU,iOS,creator,35+,combat_explorer
P02029,2026-03-02,SEA,Android,paid_social,18-24,companion_fan
P02030,2026-02-09,NA,Android,creator,25-34,fashion_collector
P02031,2026-03-05,EU,iOS,creator,18-24,social_casual
P02032,2026-01-21,EU,Android,paid_social,18-24,social_casual
P02033,2026-01-11,EU,Android,organic,35+,combat_explorer
P02034,2026-03-19,EU,Android,organic,18-24,social_casual
P02035,2026-04-24,NA,Android,store_feature,35+,fashion_collector
P02036,2026-04-08,NA,iOS,store_feature,25-34,companion_fan
P02037,2026-03-09,EU,iOS,paid_social,35+,social_casual
P02038,2026-01-05,SEA,Android,organic,35+,companion_fan
P02039,2026-04-24,NA,Android,organic,25-34,companion_fan
P02040,2026-02-21,NA,Android,organic,35+,combat_explorer
P02041,2026-02-03,EU,Android,store_feature,25-34,companion_fan
P02042,2026-04-13,SEA,iOS,paid_social,25-34,companion_fan
P02043,2026-03-27,EU,iOS,creator,25-34,fashion_collector
P02044,2026-03-28,NA,iOS,store_feature,18-24,fashion_collector
P02045,2026-02-01,EU,iOS,organic,18-24,companion_fan
P02046,2026-04-25,EU,PC,creator,18-24,companion_fan
P02047,2026-02-22,EU,iOS,organic,18-24,combat_explorer
P02048,2026-03-03,NA,iOS,organic,18-24,social_casual
P02049,2026-03-28,NA,iOS,store_feature,25-34,companion_fan
P02050,2026-03-17,NA,Android,store_feature,25-34,combat_explorer
P02051,2026-01-20,EU,PC,organic,25-34,combat_explorer
P02052,2026-02-04,EU,Android,organic,35+,combat_explorer
P02053,2026-02-11,NA,Android,paid_social,35+,companion_fan
P02054,2026-04-19,EU,PC,organic,35+,combat_explorer
P02055,2026-03-24,SEA,iOS,creator,25-34,combat_explorer
P02056,2026-02-12,NA,Android,paid_social,18-24,companion_fan
P02057,2026-03-26,EU,Android,organic,35+,companion_fan
P02058,2026-03-26,EU,Android,organic,18-24,companion_fan
P02059,2026-02-15,NA,iOS,organic,18-24,fashion_collector
P02060,2026-02-16,SEA,Android,store_feature,18-24,companion_fan
P02061,2026-04-13,SEA,PC,creator,25-34,combat_explorer
P02062,2026-03-06,NA,PC,paid_social,25-34,fashion_collector
P02063,2026-01-18,NA,iOS,organic,18-24,companion_fan
P02064,2026-03-24,NA,iOS,paid_social,25-34,companion_fan
P02065,2026-03-09,NA,Android,organic,18-24,combat_explorer
P02066,2026-02-28,EU,Android,organic,18-24,companion_fan
P02067,2026-03-25,SEA,iOS,paid_social,18-24,fashion_collector
P02068,2026-04-15,SEA,Android,paid_social,18-24,fashion_collector
P02069,2026-02-08,NA,Android,organic,25-34,combat_explorer
P02070,2026-02-18,EU,Android,creator,18-24,combat_explorer
P02071,2026-01-22,NA,Android,store_feature,18-24,companion_fan
P02072,2026-03-16,EU,Android,organic,18-24,companion_fan
P02073,2026-02-16,NA,iOS,organic,25-34,companion_fan
P02074,2026-02-09,SEA,PC,creator,35+,fashion_collector
P02075,2026-03-22,SEA,iOS,organic,25-34,combat_explorer
P02076,2026-02-16,NA,PC,paid_social,25-34,fashion_collector
P02077,2026-02-23,EU,Android,paid_social,35+,companion_fan
P02078,2026-02-20,EU,PC,creator,18-24,fashion_collector
P02079,2026-01-30,SEA,iOS,paid_social,18-24,combat_explorer
P02080,2026-01-15,EU,Android,creator,25-34,companion_fan
P02081,2026-04-06,NA,PC,paid_social,18-24,companion_fan
P02082,2026-01-11,EU,Android,organic,25-34,fashion_collector
P02083,2026-02-07,NA,Android,organic,25-34,fashion_collector
P02084,2026-03-18,EU,Android,paid_social,18-24,companion_fan
P02085,2026-01-16,NA,Android,organic,25-34,combat_explorer
P02086,2026-03-17,EU,Android,organic,18-24,fashion_collector
P02087,2026-03-26,SEA,iOS,creator,18-24,social_casual
P02088,2026-03-18,NA,PC,paid_social,35+,combat_explorer
P02089,2026-02-05,EU,Android,organic,25-34,combat_explorer
P02090,2026-01-03,EU,iOS,paid_social,18-24,fashion_collector
P02091,2026-04-13,NA,Android,paid_social,18-24,combat_explorer
P02092,2026-02-07,EU,PC,paid_social,18-24,fashion_collector
P02093,2026-04-03,EU,Android,organic,18-24,fashion_collector
P02094,2026-01-23,NA,Android,paid_social,18-24,combat_explorer
P02095,2026-01-19,SEA,iOS,organic,18-24,combat_explorer
P02096,2026-03-31,EU,iOS,store_feature,35+,social_casual
P02097,2026-04-19,EU,PC,paid_social,25-34,social_casual
P02098,2026-04-09,NA,iOS,organic,25-34,fashion_collector
P02099,2026-03-28,NA,iOS,paid_social,25-34,fashion_collector
P02100,2026-01-29,NA,Android,creator,25-34,companion_fan
P02101,2026-04-16,SEA,Android,creator,25-34,social_casual
P02102,2026-03-18,SEA,Android,creator,35+,social_casual
P02103,2026-01-20,SEA,Android,paid_social,25-34,fashion_collector
P02104,2026-01-15,NA,Android,paid_social,25-34,fashion_collector
P02105,2026-04-11,EU,iOS,store_feature,25-34,fashion_collector
P02106,2026-02-01,SEA,Android,organic,25-34,companion_fan
P02107,2026-03-30,EU,iOS,paid_social,18-24,combat_explorer
P02108,2026-01-16,NA,iOS,paid_social,18-24,combat_explorer
P02109,2026-02-02,SEA,iOS,paid_social,18-24,combat_explorer
P02110,2026-02-02,NA,iOS,creator,18-24,fashion_collector
P02111,2026-02-02,NA,Android,creator,18-24,combat_explorer
P02112,2026-03-19,SEA,Android,paid_social,18-24,fashion_collector
P02113,2026-04-16,EU,iOS,organic,18-24,companion_fan
P02114,2026-04-15,NA,iOS,organic,35+,companion_fan
P02115,2026-03-27,EU,Android,creator,18-24,companion_fan
P02116,2026-01-24,SEA,Android,organic,18-24,fashion_collector
P02117,2026-04-21,NA,iOS,organic,18-24,companion_fan
P02118,2026-03-04,SEA,iOS,organic,18-24,companion_fan
P02119,2026-03-04,NA,Android,paid_social,25-34,fashion_collector
P02120,2026-03-22,NA,Android,store_feature,25-34,fashion_collector
P02121,2026-03-30,EU,PC,creator,18-24,companion_fan
P02122,2026-04-20,EU,Android,organic,25-34,fashion_collector
P02123,2026-03-08,NA,PC,paid_social,18-24,fashion_collector
P02124,2026-03-12,EU,Android,organic,25-34,fashion_collector
P02125,2026-03-27,EU,iOS,store_feature,35+,fashion_collector
P02126,2026-01-30,EU,Android,paid_social,35+,combat_explorer
P02127,2026-02-05,EU,Android,organic,18-24,combat_explorer
P02128,2026-03-13,SEA,PC,creator,25-34,fashion_collector
P02129,2026-01-08,EU,Android,organic,25-34,companion_fan
P02130,2026-02-06,EU,PC,paid_social,35+,fashion_collector
P02131,2026-03-24,EU,Android,organic,18-24,fashion_collector
P02132,2026-04-23,EU,PC,store_feature,25-34,fashion_collector
P02133,2026-03-01,NA,PC,paid_social,18-24,companion_fan
P02134,2026-02-15,NA,iOS,store_feature,18-24,social_casual
P02135,2026-02-20,NA,Android,store_feature,25-34,combat_explorer
P02136,2026-03-20,EU,iOS,organic,18-24,fashion_collector
P02137,2026-03-04,SEA,iOS,creator,18-24,fashion_collector
P02138,2026-01-03,EU,PC,store_feature,35+,fashion_collector
P02139,2026-03-04,EU,Android,creator,25-34,companion_fan
P02140,2026-02-16,EU,Android,organic,35+,fashion_collector
P02141,2026-03-22,EU,Android,organic,25-34,social_casual
P02142,2026-04-11,EU,iOS,organic,35+,combat_explorer
P02143,2026-04-21,EU,PC,store_feature,25-34,combat_explorer
P02144,2026-03-12,EU,Android,creator,18-24,companion_fan
P02145,2026-02-11,NA,iOS,paid_social,18-24,fashion_collector
P02146,2026-02-21,EU,PC,store_feature,35+,companion_fan
P02147,2026-01-21,EU,Android,organic,18-24,fashion_collector
P02148,2026-04-18,SEA,Android,paid_social,18-24,companion_fan
P02149,2026-04-08,SEA,iOS,organic,25-34,combat_explorer
P02150,2026-04-09,SEA,iOS,organic,18-24,fashion_collector
P02151,2026-02-07,EU,Android,organic,18-24,companion_fan
P02152,2026-02-07,NA,PC,organic,25-34,fashion_collector
P02153,2026-04-09,EU,iOS,creator,18-24,fashion_collector
P02154,2026-03-04,SEA,PC,creator,25-34,companion_fan
P02155,2026-03-23,SEA,PC,organic,18-24,combat_explorer
P02156,2026-02-26,SEA,PC,organic,25-34,social_casual
P02157,2026-02-20,NA,iOS,paid_social,18-24,companion_fan
P02158,2026-03-14,EU,Android,organic,25-34,companion_fan
P02159,2026-04-04,SEA,iOS,paid_social,18-24,fashion_collector
P02160,2026-02-08,EU,Android,store_feature,18-24,fashion_collector
P02161,2026-04-04,EU,iOS,paid_social,25-34,social_casual
P02162,2026-01-29,EU,Android,paid_social,18-24,fashion_collector
P02163,2026-02-16,EU,iOS,paid_social,25-34,combat_explorer
P02164,2026-04-15,NA,Android,paid_social,18-24,fashion_collector
P02165,2026-04-20,NA,Android,store_feature,18-24,fashion_collector
P02166,2026-04-17,SEA,Android,store_feature,18-24,combat_explorer
P02167,2026-02-06,SEA,iOS,creator,35+,companion_fan
P02168,2026-04-07,SEA,iOS,paid_social,18-24,companion_fan
P02169,2026-04-18,NA,Android,paid_social,18-24,social_casual
P02170,2026-04-23,NA,PC,organic,25-34,fashion_collector
P02171,2026-01-03,NA,PC,creator,18-24,combat_explorer
P02172,2026-03-27,SEA,Android,paid_social,25-34,fashion_collector
P02173,2026-04-25,EU,iOS,paid_social,35+,companion_fan
P02174,2026-03-29,SEA,Android,creator,25-34,fashion_collector
P02175,2026-01-27,NA,Android,organic,25-34,combat_explorer
P02176,2026-03-29,EU,iOS,organic,18-24,fashion_collector
P02177,2026-01-13,SEA,Android,creator,35+,companion_fan
P02178,2026-02-25,NA,PC,store_feature,25-34,companion_fan
P02179,2026-03-14,SEA,PC,store_feature,18-24,social_casual
P02180,2026-02-22,EU,PC,creator,35+,fashion_collector
P02181,2026-03-22,NA,iOS,organic,35+,social_casual
P02182,2026-01-28,NA,iOS,paid_social,18-24,fashion_collector
P02183,2026-03-11,SEA,PC,paid_social,18-24,fashion_collector
P02184,2026-03-16,EU,Android,creator,25-34,fashion_collector
P02185,2026-03-14,SEA,Android,creator,25-34,fashion_collector
P02186,2026-02-03,SEA,iOS,organic,25-34,combat_explorer
P02187,2026-02-05,EU,Android,paid_social,18-24,fashion_collector
P02188,2026-01-30,SEA,Android,paid_social,18-24,combat_explorer
P02189,2026-02-23,SEA,Android,creator,18-24,companion_fan
P02190,2026-03-09,NA,iOS,store_feature,18-24,companion_fan
P02191,2026-02-11,SEA,Android,paid_social,25-34,companion_fan
P02192,2026-02-17,NA,Android,store_feature,18-24,combat_explorer
P02193,2026-02-02,NA,Android,creator,18-24,fashion_collector
P02194,2026-01-26,EU,Android,creator,35+,companion_fan
P02195,2026-03-17,SEA,PC,store_feature,18-24,fashion_collector
P02196,2026-04-04,NA,Android,store_feature,18-24,fashion_collector
P02197,2026-02-03,EU,iOS,store_feature,35+,fashion_collector
P02198,2026-04-09,EU,iOS,paid_social,18-24,companion_fan
P02199,2026-03-07,NA,Android,creator,35+,combat_explorer
P02200,2026-01-20,SEA,PC,organic,18-24,companion_fan
P02201,2026-02-12,SEA,iOS,creator,18-24,combat_explorer
P02202,2026-01-01,NA,iOS,store_feature,25-34,combat_explorer
P02203,2026-01-05,NA,Android,creator,18-24,combat_explorer
P02204,2026-02-08,SEA,Android,paid_social,25-34,fashion_collector
P02205,2026-02-22,NA,PC,store_feature,18-24,combat_explorer
P02206,2026-04-02,NA,iOS,store_feature,25-34,companion_fan
P02207,2026-01-16,SEA,PC,store_feature,18-24,combat_explorer
P02208,2026-04-07,SEA,PC,creator,25-34,fashion_collector
P02209,2026-01-27,EU,Android,creator,25-34,companion_fan
P02210,2026-01-16,EU,PC,store_feature,25-34,fashion_collector
P02211,2026-03-22,SEA,Android,organic,18-24,fashion_collector
P02212,2026-03-31,EU,iOS,organic,25-34,fashion_collector
P02213,2026-03-11,EU,Android,store_feature,25-34,combat_explorer
P02214,2026-01-14,SEA,Android,paid_social,18-24,fashion_collector
P02215,2026-01-14,EU,iOS,creator,25-34,companion_fan
P02216,2026-02-14,EU,PC,organic,18-24,fashion_collector
P02217,2026-02-21,EU,iOS,creator,18-24,companion_fan
P02218,2026-04-25,EU,Android,store_feature,25-34,fashion_collector
P02219,2026-02-02,EU,Android,paid_social,18-24,companion_fan
P02220,2026-01-23,NA,PC,creator,18-24,companion_fan
P02221,2026-04-19,EU,Android,creator,25-34,combat_explorer
P02222,2026-01-18,SEA,Android,store_feature,25-34,fashion_collector
P02223,2026-01-04,EU,iOS,store_feature,18-24,combat_explorer
P02224,2026-02-18,NA,Android,creator,18-24,social_casual
P02225,2026-02-16,NA,iOS,paid_social,25-34,social_casual
P02226,2026-03-13,NA,Android,organic,25-34,fashion_collector
P02227,2026-04-11,SEA,PC,creator,25-34,companion_fan
P02228,2026-04-18,EU,PC,organic,25-34,combat_explorer
P02229,2026-02-03,NA,PC,creator,25-34,fashion_collector
P02230,2026-04-23,SEA,iOS,paid_social,35+,companion_fan
P02231,2026-03-14,NA,Android,organic,18-24,combat_explorer
P02232,2026-01-09,NA,iOS,organic,18-24,combat_explorer
P02233,2026-04-18,SEA,PC,organic,18-24,companion_fan
P02234,2026-01-16,EU,iOS,organic,18-24,fashion_collector
P02235,2026-03-09,SEA,iOS,paid_social,18-24,companion_fan
P02236,2026-04-01,SEA,iOS,organic,35+,combat_explorer
P02237,2026-01-29,SEA,iOS,organic,18-24,fashion_collector
P02238,2026-02-01,NA,iOS,store_feature,18-24,combat_explorer
P02239,2026-02-24,SEA,Android,organic,25-34,social_casual
P02240,2026-04-12,EU,iOS,store_feature,35+,combat_explorer
P02241,2026-01-26,NA,iOS,paid_social,18-24,fashion_collector
P02242,2026-03-18,SEA,Android,paid_social,25-34,companion_fan
P02243,2026-02-22,EU,PC,paid_social,25-34,social_casual
P02244,2026-01-13,SEA,iOS,organic,18-24,social_casual
P02245,2026-03-23,EU,Android,store_feature,25-34,combat_explorer
P02246,2026-04-06,EU,PC,paid_social,18-24,combat_explorer
P02247,2026-03-08,NA,iOS,creator,18-24,combat_explorer
P02248,2026-01-21,SEA,iOS,paid_social,18-24,companion_fan
P02249,2026-01-18,EU,Android,creator,18-24,social_casual
P02250,2026-02-18,NA,PC,store_feature,25-34,companion_fan
P02251,2026-02-28,NA,Android,paid_social,25-34,combat_explorer
P02252,2026-03-05,SEA,iOS,organic,18-24,fashion_collector
P02253,2026-01-29,NA,Android,store_feature,25-34,combat_explorer
P02254,2026-02-27,EU,iOS,store_feature,18-24,fashion_collector
P02255,2026-02-03,EU,iOS,paid_social,18-24,fashion_collector
P02256,2026-03-20,NA,iOS,organic,25-34,combat_explorer
P02257,2026-04-02,EU,iOS,paid_social,18-24,companion_fan
P02258,2026-03-17,NA,PC,paid_social,25-34,social_casual
P02259,2026-01-01,SEA,iOS,organic,18-24,companion_fan
P02260,2026-04-25,SEA,Android,store_feature,25-34,social_casual
P02261,2026-01-03,NA,PC,paid_social,18-24,companion_fan
P02262,2026-04-25,EU,iOS,store_feature,18-24,companion_fan
P02263,2026-01-04,EU,PC,paid_social,25-34,fashion_collector
P02264,2026-03-01,SEA,PC,organic,25-34,companion_fan
P02265,2026-01-13,EU,PC,store_feature,18-24,fashion_collector
P02266,2026-01-11,EU,iOS,paid_social,35+,fashion_collector
P02267,2026-03-20,SEA,iOS,creator,18-24,fashion_collector
P02268,2026-03-25,NA,Android,creator,18-24,companion_fan
P02269,2026-01-14,EU,iOS,organic,18-24,companion_fan
P02270,2026-04-23,NA,iOS,paid_social,25-34,social_casual
P02271,2026-02-06,EU,iOS,creator,25-34,social_casual
P02272,2026-02-06,NA,PC,store_feature,35+,social_casual
P02273,2026-02-04,SEA,Android,store_feature,25-34,fashion_collector
P02274,2026-02-23,EU,Android,paid_social,18-24,social_casual
P02275,2026-01-21,NA,iOS,organic,18-24,companion_fan
P02276,2026-02-18,SEA,Android,paid_social,18-24,social_casual
P02277,2026-01-25,SEA,Android,organic,25-34,fashion_collector
P02278,2026-01-06,EU,Android,paid_social,18-24,fashion_collector
P02279,2026-02-12,EU,PC,creator,25-34,social_casual
P02280,2026-03-19,NA,iOS,store_feature,25-34,fashion_collector
P02281,2026-03-29,EU,Android,creator,25-34,combat_explorer
P02282,2026-02-10,NA,Android,organic,18-24,combat_explorer
P02283,2026-02-07,NA,iOS,store_feature,18-24,fashion_collector
P02284,2026-04-01,SEA,Android,creator,35+,fashion_collector
P02285,2026-03-20,EU,iOS,store_feature,25-34,social_casual
P02286,2026-04-06,NA,PC,store_feature,25-34,social_casual
P02287,2026-04-15,NA,Android,creator,25-34,social_casual
P02288,2026-04-05,SEA,iOS,creator,35+,fashion_collector
P02289,2026-04-18,NA,Android,creator,18-24,fashion_collector
P02290,2026-02-17,NA,Android,store_feature,35+,combat_explorer
P02291,2026-02-15,NA,PC,store_feature,18-24,combat_explorer
P02292,2026-02-06,NA,iOS,organic,35+,fashion_collector
P02293,2026-01-28,NA,PC,paid_social,18-24,companion_fan
P02294,2026-03-28,SEA,Android,organic,18-24,social_casual
P02295,2026-03-24,NA,Android,paid_social,18-24,combat_explorer
P02296,2026-04-03,EU,iOS,paid_social,25-34,combat_explorer
P02297,2026-01-20,EU,iOS,store_feature,35+,combat_explorer
P02298,2026-02-26,EU,PC,creator,18-24,fashion_collector
P02299,2026-01-26,EU,Android,creator,18-24,fashion_collector
P02300,2026-04-13,EU,PC,organic,18-24,combat_explorer
P02301,2026-01-31,EU,PC,organic,18-24,combat_explorer
P02302,2026-01-17,EU,iOS,creator,25-34,combat_explorer
P02303,2026-03-07,SEA,Android,store_feature,18-24,companion_fan
P02304,2026-04-12,EU,iOS,creator,35+,fashion_collector
P02305,2026-04-16,SEA,Android,organic,35+,fashion_collector
P02306,2026-01-12,NA,PC,paid_social,18-24,fashion_collector
P02307,2026-02-07,EU,iOS,organic,25-34,fashion_collector
P02308,2026-01-18,EU,PC,organic,35+,combat_explorer
P02309,2026-02-05,NA,iOS,store_feature,35+,companion_fan
P02310,2026-03-03,SEA,iOS,organic,25-34,social_casual
P02311,2026-02-02,NA,iOS,creator,18-24,companion_fan
P02312,2026-01-08,NA,iOS,paid_social,18-24,combat_explorer
P02313,2026-02-28,SEA,PC,organic,25-34,fashion_collector
P02314,2026-01-07,NA,Android,organic,18-24,combat_explorer
P02315,2026-01-27,EU,PC,organic,25-34,fashion_collector
P02316,2026-01-01,NA,PC,creator,25-34,social_casual
P02317,2026-01-10,SEA,PC,store_feature,18-24,combat_explorer
P02318,2026-02-20,EU,iOS,creator,18-24,fashion_collector
P02319,2026-04-08,EU,PC,creator,18-24,fashion_collector
P02320,2026-03-31,SEA,Android,creator,35+,fashion_collector
P02321,2026-01-12,EU,iOS,store_feature,18-24,social_casual
P02322,2026-01-05,SEA,Android,organic,18-24,fashion_collector
P02323,2026-02-08,SEA,Android,store_feature,35+,fashion_collector
P02324,2026-03-17,EU,Android,organic,25-34,fashion_collector
P02325,2026-03-27,SEA,Android,store_feature,25-34,companion_fan
P02326,2026-04-05,EU,Android,organic,25-34,combat_explorer
P02327,2026-02-09,NA,PC,organic,18-24,companion_fan
P02328,2026-01-20,NA,Android,creator,35+,combat_explorer
P02329,2026-01-04,EU,iOS,organic,35+,fashion_collector
P02330,2026-01-17,NA,Android,paid_social,18-24,social_casual
P02331,2026-01-08,EU,iOS,paid_social,18-24,fashion_collector
P02332,2026-04-09,NA,PC,paid_social,18-24,fashion_collector
P02333,2026-01-31,EU,Android,organic,25-34,combat_explorer
P02334,2026-04-05,NA,iOS,paid_social,25-34,fashion_collector
P02335,2026-03-05,SEA,PC,organic,25-34,fashion_collector
P02336,2026-03-03,NA,PC,store_feature,35+,companion_fan
P02337,2026-02-22,NA,Android,paid_social,25-34,combat_explorer
P02338,2026-04-05,EU,iOS,paid_social,25-34,fashion_collector
P02339,2026-01-05,EU,iOS,store_feature,25-34,combat_explorer
P02340,2026-01-11,EU,Android,paid_social,25-34,companion_fan
P02341,2026-02-18,EU,PC,creator,18-24,fashion_collector
P02342,2026-02-15,NA,Android,organic,25-34,fashion_collector
P02343,2026-03-04,SEA,PC,paid_social,25-34,combat_explorer
P02344,2026-03-26,EU,Android,creator,18-24,combat_explorer
P02345,2026-03-09,NA,Android,organic,25-34,social_casual
P02346,2026-01-30,SEA,PC,paid_social,25-34,combat_explorer
P02347,2026-02-07,EU,PC,organic,18-24,fashion_collector
P02348,2026-03-28,EU,PC,paid_social,25-34,combat_explorer
P02349,2026-01-24,EU,PC,organic,18-24,companion_fan
P02350,2026-02-27,EU,Android,creator,25-34,fashion_collector
P02351,2026-03-03,EU,Android,store_feature,25-34,combat_explorer
P02352,2026-03-28,NA,Android,organic,18-24,fashion_collector
P02353,2026-03-24,NA,iOS,paid_social,18-24,companion_fan
P02354,2026-02-23,SEA,Android,paid_social,18-24,companion_fan
P02355,2026-02-05,EU,PC,store_feature,18-24,combat_explorer
P02356,2026-02-12,EU,Android,organic,25-34,social_casual
P02357,2026-02-17,NA,Android,paid_social,18-24,social_casual
P02358,2026-01-26,EU,Android,creator,35+,fashion_collector
P02359,2026-03-13,NA,Android,creator,18-24,combat_explorer
P02360,2026-01-24,NA,Android,creator,18-24,combat_explorer
P02361,2026-03-16,NA,iOS,creator,35+,fashion_collector
P02362,2026-03-28,EU,Android,creator,25-34,combat_explorer
P02363,2026-04-21,EU,iOS,organic,25-34,fashion_collector
P02364,2026-01-14,NA,PC,creator,25-34,social_casual
P02365,2026-03-29,NA,iOS,paid_social,35+,combat_explorer
P02366,2026-01-10,EU,iOS,creator,18-24,companion_fan
P02367,2026-02-08,EU,Android,organic,18-24,combat_explorer
P02368,2026-01-21,EU,Android,creator,35+,fashion_collector
P02369,2026-01-19,NA,Android,creator,18-24,social_casual
P02370,2026-01-21,EU,PC,paid_social,25-34,fashion_collector
P02371,2026-01-06,SEA,iOS,store_feature,25-34,fashion_collector
P02372,2026-04-05,EU,Android,creator,25-34,combat_explorer
P02373,2026-01-08,NA,Android,paid_social,25-34,companion_fan
P02374,2026-02-15,EU,PC,organic,35+,combat_explorer
P02375,2026-03-22,NA,iOS,store_feature,18-24,fashion_collector
P02376,2026-04-24,NA,iOS,organic,25-34,fashion_collector
P02377,2026-04-09,NA,PC,creator,25-34,fashion_collector
P02378,2026-01-16,SEA,iOS,organic,18-24,fashion_collector
P02379,2026-04-24,EU,iOS,organic,35+,combat_explorer
P02380,2026-03-17,SEA,Android,paid_social,25-34,fashion_collector
P02381,2026-01-21,EU,Android,organic,18-24,fashion_collector
P02382,2026-02-21,EU,PC,organic,35+,companion_fan
P02383,2026-04-16,NA,iOS,organic,35+,companion_fan
P02384,2026-02-15,EU,Android,store_feature,18-24,fashion_collector
P02385,2026-01-22,NA,iOS,paid_social,25-34,fashion_collector
P02386,2026-04-11,EU,Android,store_feature,18-24,fashion_collector
P02387,2026-04-20,NA,PC,store_feature,18-24,social_casual
P02388,2026-04-23,EU,Android,store_feature,18-24,fashion_collector
P02389,2026-04-20,EU,PC,creator,35+,fashion_collector
P02390,2026-04-11,NA,iOS,organic,18-24,combat_explorer
P02391,2026-02-22,NA,Android,organic,18-24,fashion_collector
P02392,2026-01-23,SEA,Android,organic,25-34,fashion_collector
P02393,2026-03-12,NA,PC,paid_social,18-24,fashion_collector
P02394,2026-01-26,NA,Android,organic,18-24,companion_fan
P02395,2026-02-24,NA,Android,organic,18-24,combat_explorer
P02396,2026-03-17,NA,iOS,paid_social,25-34,companion_fan
P02397,2026-04-19,EU,Android,organic,25-34,companion_fan
P02398,2026-02-03,NA,Android,organic,25-34,fashion_collector
P02399,2026-01-29,EU,Android,organic,18-24,social_casual
P02400,2026-03-26,EU,PC,paid_social,25-34,companion_fan
P02401,2026-01-01,NA,Android,organic,25-34,companion_fan
P02402,2026-03-07,SEA,Android,organic,18-24,companion_fan
P02403,2026-03-27,SEA,Android,organic,18-24,combat_explorer
P02404,2026-03-05,NA,Android,paid_social,18-24,fashion_collector
P02405,2026-02-14,NA,Android,organic,18-24,combat_explorer
P02406,2026-04-06,NA,Android,organic,18-24,fashion_collector
P02407,2026-02-12,NA,Android,store_feature,35+,combat_explorer
P02408,2026-03-23,EU,Android,store_feature,25-34,fashion_collector
P02409,2026-02-23,EU,PC,organic,25-34,fashion_collector
P02410,2026-01-04,EU,Android,organic,18-24,social_casual
P02411,2026-03-03,NA,Android,organic,25-34,companion_fan
P02412,2026-01-06,NA,PC,paid_social,25-34,combat_explorer
P02413,2026-04-18,SEA,PC,organic,35+,combat_explorer
P02414,2026-03-11,SEA,iOS,store_feature,18-24,combat_explorer
P02415,2026-02-12,NA,Android,paid_social,25-34,social_casual
P02416,2026-02-25,EU,Android,paid_social,18-24,companion_fan
P02417,2026-03-13,EU,Android,organic,25-34,combat_explorer
P02418,2026-01-30,EU,Android,store_feature,35+,combat_explorer
P02419,2026-02-03,EU,Android,paid_social,25-34,combat_explorer
P02420,2026-02-18,SEA,iOS,paid_social,25-34,companion_fan
P02421,2026-01-30,NA,Android,organic,35+,social_casual
P02422,2026-03-29,NA,iOS,paid_social,35+,combat_explorer
P02423,2026-01-12,SEA,Android,paid_social,18-24,combat_explorer
P02424,2026-04-06,NA,Android,store_feature,18-24,combat_explorer
P02425,2026-02-10,NA,PC,paid_social,25-34,combat_explorer
P02426,2026-03-06,EU,PC,creator,35+,social_casual
P02427,2026-01-19,SEA,Android,creator,25-34,companion_fan
P02428,2026-02-14,EU,iOS,paid_social,18-24,combat_explorer
P02429,2026-03-28,SEA,Android,store_feature,25-34,combat_explorer
P02430,2026-02-01,EU,Android,paid_social,18-24,combat_explorer
P02431,2026-01-16,NA,iOS,organic,18-24,fashion_collector
P02432,2026-03-02,EU,Android,organic,18-24,combat_explorer
P02433,2026-01-19,SEA,Android,paid_social,18-24,companion_fan
P02434,2026-02-06,SEA,iOS,store_feature,25-34,companion_fan
P02435,2026-02-21,NA,Android,organic,18-24,fashion_collector
P02436,2026-03-06,NA,Android,creator,18-24,companion_fan
P02437,2026-03-15,SEA,Android,store_feature,25-34,companion_fan
P02438,2026-03-19,NA,PC,creator,18-24,fashion_collector
P02439,2026-04-08,NA,iOS,organic,18-24,companion_fan
P02440,2026-01-08,SEA,Android,creator,18-24,combat_explorer
P02441,2026-02-11,EU,Android,creator,18-24,companion_fan
P02442,2026-01-01,NA,iOS,organic,25-34,fashion_collector
P02443,2026-01-02,NA,Android,paid_social,18-24,fashion_collector
P02444,2026-01-25,NA,iOS,paid_social,18-24,combat_explorer
P02445,2026-03-10,SEA,iOS,paid_social,18-24,fashion_collector
P02446,2026-04-13,EU,Android,paid_social,18-24,combat_explorer
P02447,2026-03-30,NA,Android,organic,18-24,companion_fan
P02448,2026-03-16,NA,Android,organic,18-24,fashion_collector
P02449,2026-03-31,NA,Android,organic,18-24,combat_explorer
P02450,2026-01-20,NA,Android,organic,18-24,social_casual
P02451,2026-04-07,NA,PC,paid_social,35+,combat_explorer
P02452,2026-04-13,EU,Android,organic,18-24,combat_explorer
P02453,2026-01-11,NA,iOS,paid_social,18-24,combat_explorer
P02454,2026-02-24,NA,iOS,organic,25-34,fashion_collector
P02455,2026-04-06,EU,Android,organic,18-24,fashion_collector
P02456,2026-02-24,EU,Android,organic,25-34,companion_fan
P02457,2026-04-07,NA,Android,creator,18-24,combat_explorer
P02458,2026-04-18,NA,iOS,paid_social,25-34,fashion_collector
P02459,2026-02-24,NA,Android,paid_social,35+,fashion_collector
P02460,2026-01-07,NA,iOS,organic,18-24,companion_fan
P02461,2026-02-09,EU,PC,paid_social,18-24,fashion_collector
P02462,2026-01-25,NA,iOS,paid_social,25-34,companion_fan
P02463,2026-02-24,SEA,PC,organic,35+,combat_explorer
P02464,2026-03-09,EU,iOS,organic,18-24,combat_explorer
P02465,2026-02-23,NA,PC,organic,25-34,fashion_collector
P02466,2026-01-23,NA,PC,organic,18-24,fashion_collector
P02467,2026-02-04,NA,iOS,store_feature,25-34,combat_explorer
P02468,2026-03-20,NA,PC,creator,18-24,companion_fan
P02469,2026-01-04,EU,PC,creator,25-34,fashion_collector
P02470,2026-01-25,NA,iOS,paid_social,18-24,combat_explorer
P02471,2026-04-13,SEA,iOS,creator,25-34,combat_explorer
P02472,2026-01-12,EU,iOS,paid_social,18-24,fashion_collector
P02473,2026-02-17,EU,PC,organic,25-34,combat_explorer
P02474,2026-01-24,SEA,Android,creator,25-34,fashion_collector
P02475,2026-01-13,EU,PC,organic,35+,combat_explorer
P02476,2026-02-18,SEA,PC,organic,35+,fashion_collector
P02477,2026-03-01,SEA,PC,organic,25-34,combat_explorer
P02478,2026-01-21,NA,Android,paid_social,25-34,fashion_collector
P02479,2026-01-09,NA,iOS,paid_social,18-24,combat_explorer
P02480,2026-01-16,NA,iOS,paid_social,35+,combat_explorer
P02481,2026-03-16,NA,PC,organic,25-34,social_casual
P02482,2026-04-09,EU,PC,store_feature,18-24,combat_explorer
P02483,2026-01-21,NA,iOS,organic,18-24,companion_fan
P02484,2026-02-06,EU,iOS,paid_social,25-34,fashion_collector
P02485,2026-02-09,SEA,Android,paid_social,35+,combat_explorer
P02486,2026-02-11,NA,PC,paid_social,25-34,fashion_collector
P02487,2026-01-29,EU,Android,creator,25-34,combat_explorer
P02488,2026-01-07,NA,iOS,paid_social,18-24,companion_fan
P02489,2026-03-02,SEA,PC,paid_social,35+,companion_fan
P02490,2026-02-11,EU,Android,organic,25-34,combat_explorer
P02491,2026-02-09,NA,Android,paid_social,25-34,companion_fan
P02492,2026-01-31,EU,Android,organic,25-34,fashion_collector
P02493,2026-04-17,NA,PC,creator,25-34,fashion_collector
P02494,2026-03-12,EU,iOS,paid_social,25-34,companion_fan
P02495,2026-02-18,EU,Android,paid_social,25-34,fashion_collector
P02496,2026-01-24,EU,iOS,creator,35+,fashion_collector
P02497,2026-04-03,EU,Android,organic,35+,social_casual
P02498,2026-04-13,SEA,PC,creator,25-34,social_casual
P02499,2026-01-04,SEA,Android,organic,18-24,combat_explorer
P02500,2026-04-17,EU,Android,creator,25-34,combat_explorer
